사고번호,사고일시,요일,시군구,사고내용,사망자수,중상자수,경상자수,부상신고자수,사고유형,법규위반,노면상태,기상상태,도로형태,가해운전자 차종,가해운전자 성별,가해운전자 연령,가해운전자 상해정도,피해운전자 차종,피해운전자 성별,피해운전자 연령,피해운전자 상해정도
2018011500100638,2018년 1월 15일 22시,월요일,대전광역시 대덕구 오정동,경상사고,0,0,1,0,차대차 - 측면충돌,신호위반,건조,맑음,교차로 - 교차로안,승용,여,51세,상해없음,승용,남,61세,경상
2018011500100654,2018년 1월 15일 23시,월요일,대전광역시 서구 가장동,경상사고,0,0,3,0,차대차 - 추돌,신호위반,건조,맑음,단일로 - 기타,승용,남,58세,상해없음,승용,여,64세,경상
2018011600100022,2018년 1월 16일 00시,화요일,대전광역시 대덕구 신일동,경상사고,0,0,2,0,차대차 - 기타,안전운전불이행,건조,맑음,단일로 - 기타,화물,남,57세,상해없음,승용,남,22세,경상
2018011600100023,2018년 1월 16일 00시,화요일,대전광역시 서구 갈마동,경상사고,0,0,1,0,차대차 - 기타,안전운전불이행,건조,맑음,단일로 - 기타,승용,남,30세,상해없음,승용,남,64세,경상
2018011600100036,2018년 1월 16일 01시,화요일,대전광역시 서구 관저동,중상사고,0,1,0,0,차대사람 - 횡단중,보행자보호의무위반,건조,맑음,교차로 - 교차로횡단보도내,승용,남,31세,상해없음,보행자,남,26세,중상
2018011600100037,2018년 1월 16일 01시,화요일,대전광역시 서구 월평동,중상사고,0,1,1,0,차대차 - 측면충돌,신호위반,건조,맑음,교차로 - 교차로안,승용,남,45세,중상,승용,남,37세,경상
2018011600100045,2018년 1월 16일 02시,화요일,대전광역시 서구 용문동,경상사고,0,0,1,0,차대차 - 정면충돌,신호위반,건조,맑음,교차로 - 교차로안,승용,남,29세,상해없음,승용,남,26세,경상
2018011600100066,2018년 1월 16일 05시,화요일,대전광역시 동구 자양동,경상사고,0,0,1,0,차대차 - 측면충돌,안전운전불이행,건조,흐림,단일로 - 기타,승용,남,26세,기타불명,이륜,남,65세,경상
2018011600100086,2018년 1월 16일 06시,화요일,대전광역시 동구 용전동,중상사고,0,1,0,0,차대차 - 추돌,안전운전불이행,건조,흐림,단일로 - 기타,화물,남,53세,상해없음,승용,여,52세,중상
2018011600100143,2018년 1월 16일 08시,화요일,대전광역시 서구 갈마동,경상사고,0,0,1,0,차대차 - 기타,안전운전불이행,젖음/습기,흐림,교차로 - 교차로부근,승용,여,32세,상해없음,승용,남,35세,경상
2018011600100167,2018년 1월 16일 09시,화요일,대전광역시 중구 옥계동,경상사고,0,0,1,0,차대차 - 측면충돌,안전운전불이행,건조,맑음,교차로 - 교차로안,승용,여,45세,상해없음,자전거,남,69세,경상
2018011600100168,2018년 1월 16일 09시,화요일,대전광역시 중구 태평동,경상사고,0,0,1,0,차대차 - 측면충돌,안전운전불이행,건조,맑음,교차로 - 교차로안,화물,남,33세,상해없음,화물,남,67세,경상
2018011600100198,2018년 1월 16일 10시,화요일,대전광역시 대덕구 오정동,경상사고,0,0,1,0,차대차 - 추돌,안전거리미확보,젖음/습기,맑음,교차로 - 교차로부근,승용,남,28세,상해없음,승합,여,72세,경상
2018011600100225,2018년 1월 16일 11시,화요일,대전광역시 서구 갈마동,경상사고,0,0,1,0,차대차 - 기타,안전운전불이행,건조,맑음,단일로 - 기타,승용,남,65세,상해없음,화물,남,35세,경상
2018011600100361,2018년 1월 16일 17시,화요일,대전광역시 대덕구 신일동,중상사고,0,1,0,0,차대차 - 기타,안전운전불이행,건조,흐림,단일로 - 기타,승용,남,77세,상해없음,화물,남,57세,중상
2018011600100362,2018년 1월 16일 17시,화요일,대전광역시 대덕구 오정동,경상사고,0,0,1,0,차대차 - 기타,안전운전불이행,젖음/습기,비,교차로 - 교차로안,승용,남,48세,상해없음,이륜,남,40세,경상
2018011600100363,2018년 1월 16일 17시,화요일,대전광역시 대덕구 오정동,경상사고,0,0,1,0,차대차 - 기타,안전운전불이행,건조,맑음,단일로 - 기타,승용,여,50세,상해없음,승용,여,73세,경상
2018011600100413,2018년 1월 16일 18시,화요일,대전광역시 대덕구 중리동,경상사고,0,0,1,0,차대사람 - 횡단중,보행자보호의무위반,젖음/습기,비,교차로 - 교차로횡단보도내,승용,남,44세,상해없음,보행자,남,24세,경상
2018011600100438,2018년 1월 16일 19시,화요일,대전광역시 대덕구 법동,경상사고,0,0,1,0,차대차 - 기타,안전운전불이행,젖음/습기,흐림,단일로 - 기타,승용,남,36세,상해없음,화물,남,54세,경상
2018011600100456,2018년 1월 16일 19시,화요일,대전광역시 서구 용문동,경상사고,0,0,1,0,차대차 - 측면충돌,중앙선침범,건조,맑음,교차로 - 교차로부근,승용,남,35세,상해없음,이륜,남,52세,경상
2018011600100457,2018년 1월 16일 19시,화요일,대전광역시 서구 관저동,경상사고,0,0,1,0,차대차 - 추돌,안전거리미확보,건조,맑음,교차로 - 교차로부근,승용,남,53세,상해없음,승용,남,38세,경상
2018011600100458,2018년 1월 16일 19시,화요일,대전광역시 서구 탄방동,중상사고,0,1,0,0,차대차 - 추돌,안전운전불이행,젖음/습기,흐림,단일로 - 기타,승용,남,30세,상해없음,이륜,남,52세,중상
2018011600100459,2018년 1월 16일 19시,화요일,대전광역시 유성구 궁동,경상사고,0,0,1,0,차대차 - 측면충돌,안전거리미확보,젖음/습기,비,교차로 - 교차로안,승용,남,34세,상해없음,화물,남,59세,경상
2018011600100526,2018년 1월 16일 21시,화요일,대전광역시 서구 둔산동,경상사고,0,0,1,0,차대사람 - 횡단중,신호위반,젖음/습기,비,교차로 - 교차로횡단보도내,이륜,남,24세,상해없음,보행자,여,14세,경상
2018011700100019,2018년 1월 17일 00시,수요일,대전광역시 서구 갈마동,경상사고,0,0,1,0,차대차 - 측면충돌,안전거리미확보,젖음/습기,비,단일로 - 기타,승용,남,72세,상해없음,승용,남,37세,경상
2018011700100092,2018년 1월 17일 05시,수요일,대전광역시 대덕구 오정동,경상사고,0,0,1,0,차대차 - 측면충돌,안전운전불이행,젖음/습기,비,단일로 - 기타,승용,남,37세,상해없음,승합,남,40세,경상
2018011700100113,2018년 1월 17일 06시,수요일,대전광역시 동구 용전동,중상사고,0,1,0,0,차대사람 - 횡단중,보행자보호의무위반,젖음/습기,비,단일로 - 기타,승용,남,26세,상해없음,보행자,여,56세,중상
2018011700100147,2018년 1월 17일 07시,수요일,대전광역시 서구 둔산동,중상사고,0,1,0,0,차대사람 - 기타,안전운전불이행,젖음/습기,비,단일로 - 기타,승용,여,49세,상해없음,보행자,여,79세,중상
2018011700100179,2018년 1월 17일 08시,수요일,대전광역시 동구 정동,경상사고,0,0,1,0,차대차 - 추돌,안전운전불이행,젖음/습기,비,단일로 - 기타,화물,남,33세,상해없음,승용,남,62세,경상
2018011700100180,2018년 1월 17일 08시,수요일,대전광역시 서구 월평동,경상사고,0,0,1,0,차대사람 - 기타,안전운전불이행,서리/결빙,비,교차로 - 교차로안,승용,남,23세,상해없음,보행자,남,48세,경상
2018011700100181,2018년 1월 17일 08시,수요일,대전광역시 유성구 반석동,경상사고,0,0,2,0,차대차 - 기타,안전거리미확보,젖음/습기,비,단일로 - 기타,승용,여,60세,상해없음,승용,여,48세,경상
2018011700100182,2018년 1월 17일 08시,수요일,대전광역시 유성구 노은동,경상사고,0,0,1,0,차대차 - 추돌,안전운전불이행,건조,흐림,단일로 - 기타,승용,여,64세,상해없음,승용,여,26세,경상
2018011700100289,2018년 1월 17일 12시,수요일,대전광역시 대덕구 대화동,경상사고,0,0,1,0,차대차 - 기타,안전운전불이행,건조,맑음,단일로 - 기타,화물,남,50세,상해없음,승용,여,33세,경상
2018011700100318,2018년 1월 17일 13시,수요일,대전광역시 중구 문창동,중상사고,0,1,0,0,차대차 - 측면충돌,중앙선침범,건조,맑음,단일로 - 기타,승용,남,75세,상해없음,화물,남,69세,중상
2018011700100367,2018년 1월 17일 15시,수요일,대전광역시 동구 효동,중상사고,0,2,0,0,차대차 - 기타,기타,건조,맑음,단일로 - 기타,화물,남,69세,상해없음,승용,남,45세,중상
2018011700100401,2018년 1월 17일 16시,수요일,대전광역시 서구 월평동,경상사고,0,0,1,0,차대차 - 측면충돌,안전운전불이행,건조,맑음,교차로 - 교차로안,승용,남,43세,상해없음,이륜,남,29세,경상
2018011700100431,2018년 1월 17일 17시,수요일,대전광역시 서구 둔산동,경상사고,0,0,1,0,차대사람 - 횡단중,신호위반,건조,맑음,단일로 - 기타,이륜,남,23세,상해없음,보행자,여,27세,경상
2018011700100479,2018년 1월 17일 18시,수요일,대전광역시 중구 문화동,중상사고,0,1,0,0,차대사람 - 횡단중,안전운전불이행,건조,맑음,단일로 - 기타,승용,남,33세,상해없음,보행자,남,38세,중상
2018011700100480,2018년 1월 17일 18시,수요일,대전광역시 동구 가양동,경상사고,0,0,1,0,차대차 - 정면충돌,기타,건조,맑음,단일로 - 기타,승용,남,67세,상해없음,승용,여,7세,경상
2018011700100481,2018년 1월 17일 18시,수요일,대전광역시 서구 둔산동,중상사고,0,1,0,0,차대차 - 기타,안전운전불이행,건조,맑음,단일로 - 기타,승용,여,50세,상해없음,이륜,남,47세,중상
2018011700100482,2018년 1월 17일 18시,수요일,대전광역시 유성구 용산동,경상사고,0,0,3,0,차대차 - 추돌,안전거리미확보,건조,맑음,단일로 - 기타,승용,남,58세,경상,승용,여,24세,경상
2018011700100530,2018년 1월 17일 19시,수요일,대전광역시 대덕구 오정동,경상사고,0,0,1,0,차대차 - 추돌,안전운전불이행,젖음/습기,흐림,단일로 - 기타,승용,남,63세,상해없음,승용,남,48세,경상
2018011700100531,2018년 1월 17일 19시,수요일,대전광역시 대덕구 목상동,경상사고,0,0,1,0,차대사람 - 횡단중,보행자보호의무위반,건조,맑음,교차로 - 교차로횡단보도내,승합,남,65세,상해없음,보행자,남,44세,경상
2018011700100570,2018년 1월 17일 20시,수요일,대전광역시 중구 중촌동,경상사고,0,0,1,0,차대사람 - 횡단중,보행자보호의무위반,건조,맑음,교차로 - 교차로안,승용,남,45세,상해없음,보행자,여,56세,경상
2018011700100571,2018년 1월 17일 20시,수요일,대전광역시 대덕구 오정동,경상사고,0,0,2,0,차대차 - 추돌,안전운전불이행,건조,흐림,단일로 - 기타,승용,남,62세,기타불명,승용,남,26세,경상
2018011700100572,2018년 1월 17일 20시,수요일,대전광역시 대덕구 중리동,경상사고,0,0,3,1,차대차 - 추돌,중앙선침범,건조,맑음,교차로 - 교차로부근,승용,남,57세,상해없음,승용,여,50세,경상
2018011700100573,2018년 1월 17일 20시,수요일,대전광역시 서구 갈마동,경상사고,0,0,1,0,차대차 - 측면충돌,신호위반,건조,맑음,교차로 - 교차로안,승용,남,36세,상해없음,승용,남,43세,경상
2018011700100574,2018년 1월 17일 20시,수요일,대전광역시 서구 갈마동,경상사고,0,0,2,0,차대차 - 기타,안전운전불이행,건조,맑음,교차로 - 교차로부근,승용,남,59세,기타불명,승용,남,32세,경상
2018011700100604,2018년 1월 17일 21시,수요일,대전광역시 중구 태평동,경상사고,0,0,1,0,차대차 - 측면충돌,차로위반,건조,맑음,교차로 - 교차로안,승용,여,52세,상해없음,승용,여,36세,경상
2018011700100626,2018년 1월 17일 22시,수요일,대전광역시 서구 관저동,경상사고,0,0,3,0,차대차 - 측면충돌,안전운전불이행,건조,맑음,단일로 - 기타,화물,남,57세,상해없음,승용,여,33세,경상
2018011700100647,2018년 1월 17일 23시,수요일,대전광역시 서구 월평동,경상사고,0,0,1,0,차대사람 - 횡단중,보행자보호의무위반,건조,맑음,단일로 - 기타,승용,남,61세,상해없음,보행자,여,45세,경상
2018011700100648,2018년 1월 17일 23시,수요일,대전광역시 유성구 구암동,경상사고,0,0,1,0,차대차 - 기타,신호위반,건조,맑음,교차로 - 교차로안,승용,여,30세,상해없음,이륜,남,43세,경상
2018011800100022,2018년 1월 18일 00시,목요일,대전광역시 유성구 봉명동,경상사고,0,0,3,0,차대차 - 추돌,안전운전불이행,건조,맑음,교차로 - 교차로부근,승용,남,41세,상해없음,승용,남,70세,경상
2018011800100090,2018년 1월 18일 06시,목요일,대전광역시 서구 복수동,경상사고,0,0,1,0,차대사람 - 횡단중,보행자보호의무위반,건조,맑음,단일로 - 기타,특수,남,45세,상해없음,보행자,남,25세,경상
2018011800100174,2018년 1월 18일 09시,목요일,대전광역시 동구 용전동,경상사고,0,0,1,0,차대사람 - 기타,안전운전불이행,건조,맑음,단일로 - 기타,승용,여,41세,기타불명,보행자,남,63세,경상
2018011800100213,2018년 1월 18일 10시,목요일,대전광역시 서구 갈마동,경상사고,0,0,1,0,차대사람 - 길가장자리구역통행중,안전운전불이행,건조,맑음,단일로 - 기타,기타불명,기타불명,미분류,기타불명,보행자,여,33세,경상
2018011800100238,2018년 1월 18일 11시,목요일,대전광역시 유성구 봉명동,경상사고,0,0,1,0,차대차 - 측면충돌,안전운전불이행,건조,맑음,교차로 - 교차로안,승용,남,78세,상해없음,승용,여,48세,경상
2018011800100276,2018년 1월 18일 13시,목요일,대전광역시 서구 관저동,중상사고,0,1,0,0,차대사람 - 횡단중,보행자보호의무위반,건조,맑음,단일로 - 기타,승합,여,61세,상해없음,보행자,여,75세,중상
2018011800100277,2018년 1월 18일 13시,목요일,대전광역시 서구 갈마동,경상사고,0,0,2,0,차대차 - 측면충돌,안전운전불이행,건조,맑음,교차로 - 교차로안,승용,남,64세,상해없음,승용,남,59세,경상
2018011800100324,2018년 1월 18일 15시,목요일,대전광역시 서구 둔산동,경상사고,0,0,1,0,차대사람 - 기타,안전운전불이행,건조,맑음,단일로 - 기타,승용,여,40세,상해없음,보행자,남,25세,경상
2018011800100325,2018년 1월 18일 15시,목요일,대전광역시 서구 둔산동,경상사고,0,0,1,0,차대차 - 기타,안전운전불이행,건조,맑음,교차로 - 교차로부근,기타불명,기타불명,미분류,기타불명,자전거,남,14세,경상
2018011800100350,2018년 1월 18일 16시,목요일,대전광역시 서구 가수원동,중상사고,0,1,0,0,차대사람 - 기타,기타,건조,맑음,단일로 - 기타,승용,여,60세,상해없음,보행자,남,4세,중상
2018011800100382,2018년 1월 18일 17시,목요일,대전광역시 동구 소제동,경상사고,0,0,1,0,차대사람 - 기타,안전운전불이행,건조,맑음,단일로 - 기타,승용,남,63세,기타불명,보행자,여,71세,경상
2018011800100462,2018년 1월 18일 19시,목요일,대전광역시 동구 삼성동,중상사고,0,1,0,0,차대사람 - 기타,안전운전불이행,건조,맑음,교차로 - 교차로횡단보도내,승용,남,57세,상해없음,보행자,여,41세,중상
2018011800100500,2018년 1월 18일 21시,목요일,대전광역시 동구 삼성동,사망사고,1,0,0,0,차대차 - 기타,신호위반,건조,맑음,교차로 - 교차로안,승용,남,29세,상해없음,이륜,여,70세,사망
2018011800100526,2018년 1월 18일 22시,목요일,대전광역시 서구 둔산동,중상사고,0,1,0,0,차대사람 - 횡단중,신호위반,건조,맑음,교차로 - 교차로안,승용,남,26세,상해없음,보행자,여,46세,중상
2018011900100026,2018년 1월 19일 00시,금요일,대전광역시 서구 둔산동,경상사고,0,0,1,0,차대차 - 추돌,안전거리미확보,건조,맑음,교차로 - 교차로안,승용,남,28세,상해없음,승용,남,58세,경상
2018011900100027,2018년 1월 19일 00시,금요일,대전광역시 서구 월평동,경상사고,0,0,1,0,차대차 - 측면충돌,안전운전불이행,건조,맑음,교차로 - 교차로안,승용,남,49세,상해없음,승용,여,46세,경상
2018011900100028,2018년 1월 19일 00시,금요일,대전광역시 유성구 노은동,경상사고,0,0,2,0,차대차 - 기타,안전운전불이행,건조,맑음,단일로 - 기타,승용,남,26세,상해없음,승용,남,53세,경상
2018011900100038,2018년 1월 19일 01시,금요일,대전광역시 대덕구 송촌동,경상사고,0,0,3,0,차대차 - 측면충돌,과속,건조,맑음,교차로 - 교차로안,승용,남,29세,상해없음,승용,남,62세,경상
2018011900100039,2018년 1월 19일 01시,금요일,대전광역시 서구 탄방동,중상사고,0,2,3,0,차대차 - 측면충돌,신호위반,건조,맑음,교차로 - 교차로안,승용,남,33세,상해없음,승용,남,50세,경상
2018011900100040,2018년 1월 19일 01시,금요일,대전광역시 서구 둔산동,사망사고,1,0,0,0,차대사람 - 횡단중,과속,건조,맑음,교차로 - 교차로횡단보도내,승용,여,29세,상해없음,보행자,여,44세,사망
2018011900100071,2018년 1월 19일 05시,금요일,대전광역시 유성구 봉명동,중상사고,0,1,0,0,차대사람 - 횡단중,보행자보호의무위반,건조,맑음,교차로 - 교차로부근,화물,남,62세,상해없음,보행자,여,62세,중상
2018011900100072,2018년 1월 19일 05시,금요일,대전광역시 유성구 화암동,경상사고,0,0,1,0,차대차 - 정면충돌,신호위반,건조,맑음,교차로 - 교차로안,화물,남,62세,기타불명,승용,여,53세,경상
2018011900100090,2018년 1월 19일 06시,금요일,대전광역시 동구 삼성동,사망사고,1,0,0,0,차대차 - 기타,불법유턴,건조,맑음,단일로 - 기타,자전거,남,66세,사망,화물,남,45세,상해없음
2018011900100091,2018년 1월 19일 06시,금요일,대전광역시 동구 판암동,중상사고,0,1,0,0,차대사람 - 기타,안전운전불이행,건조,맑음,교차로 - 교차로횡단보도내,화물,남,60세,상해없음,보행자,남,29세,중상
2018011900100113,2018년 1월 19일 07시,금요일,대전광역시 중구 선화동,중상사고,0,1,0,0,차대사람 - 횡단중,중앙선침범,건조,맑음,단일로 - 기타,승용,여,46세,상해없음,보행자,여,64세,중상
2018011900100178,2018년 1월 19일 10시,금요일,대전광역시 서구 관저동,중상사고,0,1,0,0,차대차 - 기타,신호위반,건조,맑음,교차로 - 교차로안,승용,남,61세,상해없음,승용,여,49세,중상
2018011900100228,2018년 1월 19일 12시,금요일,대전광역시 서구 정림동,경상사고,0,0,1,0,차대차 - 추돌,안전운전불이행,건조,맑음,단일로 - 기타,승용,여,39세,상해없음,승용,여,69세,상해없음
2018011900100264,2018년 1월 19일 13시,금요일,대전광역시 동구 효동,경상사고,0,0,1,0,차대차 - 측면충돌,안전운전불이행,건조,맑음,교차로 - 교차로안,승용,여,57세,상해없음,승용,여,57세,경상
2018011900100291,2018년 1월 19일 14시,금요일,대전광역시 대덕구 중리동,부상신고사고,0,0,0,2,차대차 - 추돌,안전운전불이행,건조,맑음,교차로 - 교차로부근,승용,남,64세,상해없음,승용,여,35세,부상신고
2018011900100292,2018년 1월 19일 14시,금요일,대전광역시 유성구 봉명동,경상사고,0,0,1,0,차대차 - 기타,안전운전불이행,건조,맑음,교차로 - 교차로안,승용,남,23세,상해없음,원동기,남,29세,경상
2018011900100293,2018년 1월 19일 14시,금요일,대전광역시 유성구 하기동,경상사고,0,0,1,2,차대차 - 추돌,안전운전불이행,건조,맑음,단일로 - 기타,화물,남,30세,상해없음,승용,여,35세,경상
2018011900100323,2018년 1월 19일 15시,금요일,대전광역시 대덕구 오정동,중상사고,0,2,0,0,차대차 - 기타,안전운전불이행,건조,맑음,교차로 - 교차로안,화물,남,46세,상해없음,승용,남,41세,중상
2018011900100366,2018년 1월 19일 16시,금요일,대전광역시 서구 둔산동,경상사고,0,0,1,0,차대차 - 측면충돌,신호위반,건조,맑음,교차로 - 교차로안,승용,남,54세,상해없음,승용,남,56세,경상
2018011900100450,2018년 1월 19일 18시,금요일,대전광역시 중구 안영동,경상사고,0,0,1,0,차대차 - 추돌,안전운전불이행,건조,맑음,기타 - 기타,승용,남,50세,상해없음,승용,남,48세,경상
2018011900100451,2018년 1월 19일 18시,금요일,대전광역시 중구 대흥동,경상사고,0,0,2,0,차대차 - 추돌,안전운전불이행,건조,맑음,단일로 - 기타,승용,여,26세,상해없음,승용,남,59세,경상
2018011900100504,2018년 1월 19일 19시,금요일,대전광역시 동구 삼성동,경상사고,0,0,2,0,차대차 - 추돌,안전운전불이행,건조,맑음,단일로 - 기타,승용,남,41세,상해없음,화물,남,57세,경상
2018011900100505,2018년 1월 19일 19시,금요일,대전광역시 서구 내동,경상사고,0,0,1,0,차대차 - 측면충돌,교차로운행방법위반,건조,맑음,교차로 - 교차로안,승용,남,39세,상해없음,승용,남,55세,경상
2018011900100536,2018년 1월 19일 20시,금요일,대전광역시 중구 태평동,경상사고,0,0,2,0,차대차 - 추돌,안전거리미확보,건조,맑음,단일로 - 기타,승용,남,47세,상해없음,승용,남,41세,경상
2018011900100537,2018년 1월 19일 20시,금요일,대전광역시 서구 관저동,경상사고,0,0,1,0,차대사람 - 기타,안전운전불이행,건조,맑음,단일로 - 기타,승용,남,38세,상해없음,보행자,남,60세,경상
2018011900100612,2018년 1월 19일 23시,금요일,대전광역시 중구 오류동,중상사고,0,1,0,0,차대차 - 기타,안전운전불이행,건조,맑음,교차로 - 교차로횡단보도내,승용,남,44세,상해없음,자전거,여,28세,중상
2018011900100613,2018년 1월 19일 23시,금요일,대전광역시 중구 산성동,경상사고,0,0,1,0,차대사람 - 보도통행중,기타,건조,맑음,기타 - 기타,승용,남,20세,상해없음,보행자,남,20세,경상
2018011900100614,2018년 1월 19일 23시,금요일,대전광역시 서구 둔산동,경상사고,0,0,2,0,차대차 - 기타,안전거리미확보,건조,맑음,교차로 - 교차로부근,승용,남,37세,상해없음,승용,여,56세,경상
2018012000100103,2018년 1월 20일 05시,토요일,대전광역시 서구 둔산동,중상사고,0,1,1,0,차대차 - 기타,직진우회전진행방해,건조,맑음,교차로 - 교차로안,승용,남,71세,기타불명,승용,남,63세,경상
2018012000100215,2018년 1월 20일 11시,토요일,대전광역시 서구 복수동,경상사고,0,0,1,0,차대사람 - 횡단중,안전운전불이행,건조,맑음,단일로 - 기타,승용,남,63세,상해없음,보행자,남,8세,경상
2018012000100238,2018년 1월 20일 12시,토요일,대전광역시 서구 복수동,중상사고,0,1,2,0,차대차 - 기타,신호위반,건조,맑음,교차로 - 교차로안,승용,남,46세,경상,승용,남,25세,경상
2018012000100239,2018년 1월 20일 12시,토요일,대전광역시 대덕구 오정동,경상사고,0,0,1,0,차대차 - 측면충돌,교차로운행방법위반,건조,맑음,교차로 - 교차로안,승용,여,54세,상해없음,승용,남,46세,경상
2018012000100296,2018년 1월 20일 14시,토요일,대전광역시 대덕구 오정동,경상사고,0,0,2,0,차대차 - 기타,안전운전불이행,건조,맑음,교차로 - 교차로안,승용,남,44세,상해없음,승용,남,33세,경상
2018012000100297,2018년 1월 20일 14시,토요일,대전광역시 서구 만년동,경상사고,0,0,1,0,차대차 - 측면충돌,안전운전불이행,건조,맑음,교차로 - 교차로횡단보도내,승용,남,36세,상해없음,자전거,남,12세,경상
2018012000100411,2018년 1월 20일 18시,토요일,대전광역시 중구 사정동,경상사고,0,0,2,0,차대차 - 측면충돌,안전운전불이행,건조,맑음,단일로 - 기타,화물,남,56세,상해없음,승용,남,65세,경상
2018012000100481,2018년 1월 20일 20시,토요일,대전광역시 중구 유천동,경상사고,0,0,2,0,차대차 - 측면충돌,안전운전불이행,건조,맑음,단일로 - 기타,승용,남,46세,상해없음,승용,여,47세,기타불명
2018012000100482,2018년 1월 20일 20시,토요일,대전광역시 대덕구 법동,경상사고,0,0,1,0,차량단독 - 기타,안전운전불이행,젖음/습기,맑음,단일로 - 기타,이륜,남,33세,경상,,,,
2018012000100510,2018년 1월 20일 21시,토요일,대전광역시 서구 내동,경상사고,0,0,2,1,차대차 - 정면충돌,중앙선침범,건조,맑음,교차로 - 교차로부근,승용,남,72세,상해없음,승용,남,35세,경상
2018012000100541,2018년 1월 20일 22시,토요일,대전광역시 서구 월평동,경상사고,0,0,1,0,차대사람 - 차도통행중,안전운전불이행,건조,맑음,교차로 - 교차로안,승용,남,42세,상해없음,보행자,여,50세,경상
2018012000100542,2018년 1월 20일 22시,토요일,대전광역시 서구 월평동,중상사고,0,1,2,0,차대차 - 추돌,안전운전불이행,건조,맑음,교차로 - 교차로안,승용,여,34세,상해없음,승용,남,61세,경상
2018012000100567,2018년 1월 20일 23시,토요일,대전광역시 서구 내동,경상사고,0,0,1,0,차대차 - 측면충돌,안전운전불이행,건조,맑음,교차로 - 교차로안,승용,여,54세,상해없음,승용,남,40세,경상
2018012000100568,2018년 1월 20일 23시,토요일,대전광역시 대덕구 대화동,경상사고,0,0,1,0,차대차 - 측면충돌,직진우회전진행방해,건조,맑음,교차로 - 교차로안,승용,남,56세,상해없음,승용,남,45세,경상
2018012100100035,2018년 1월 21일 01시,일요일,대전광역시 동구 삼성동,경상사고,0,0,4,0,차대차 - 기타,안전거리미확보,건조,맑음,교차로 - 교차로부근,승용,여,37세,경상,승용,남,66세,경상
2018012100100036,2018년 1월 21일 01시,일요일,대전광역시 서구 갈마동,경상사고,0,0,1,0,차대차 - 추돌,안전운전불이행,건조,맑음,단일로 - 기타,승용,남,36세,상해없음,승용,남,55세,경상
2018012100100037,2018년 1월 21일 01시,일요일,대전광역시 서구 갈마동,경상사고,0,0,1,0,차대사람 - 차도통행중,안전운전불이행,건조,맑음,단일로 - 기타,승용,남,50세,상해없음,보행자,남,34세,경상
2018012100100069,2018년 1월 21일 04시,일요일,대전광역시 대덕구 오정동,경상사고,0,0,1,0,차대차 - 측면충돌,신호위반,건조,맑음,교차로 - 교차로안,승용,남,27세,상해없음,승용,여,62세,경상
2018012100100112,2018년 1월 21일 07시,일요일,대전광역시 유성구 노은동,경상사고,0,0,1,0,차대차 - 기타,신호위반,건조,맑음,교차로 - 교차로안,화물,남,64세,상해없음,화물,남,44세,경상
2018012100100303,2018년 1월 21일 18시,일요일,대전광역시 서구 탄방동,경상사고,0,0,4,0,차대차 - 기타,교차로운행방법위반,건조,맑음,교차로 - 교차로안,승용,남,27세,상해없음,승용,남,25세,경상
2018012100100304,2018년 1월 21일 18시,일요일,대전광역시 유성구 봉명동,중상사고,0,1,0,0,차대차 - 측면충돌,안전운전불이행,건조,맑음,교차로 - 교차로안,승용,남,29세,상해없음,원동기,남,43세,중상
2018012100100347,2018년 1월 21일 20시,일요일,대전광역시 중구 대흥동,경상사고,0,0,1,0,차대차 - 측면충돌,안전운전불이행,건조,맑음,기타 - 기타,승용,남,45세,상해없음,승용,남,40세,경상
2018012100100369,2018년 1월 21일 21시,일요일,대전광역시 중구 오류동,경상사고,0,0,2,0,차대차 - 추돌,안전운전불이행,건조,맑음,기타 - 기타,승용,남,57세,상해없음,승용,남,23세,경상
2018012100100403,2018년 1월 21일 23시,일요일,대전광역시 서구 정림동,사망사고,1,0,0,0,차량단독 - 공작물충돌,안전운전불이행,건조,맑음,단일로 - 기타,승용,남,51세,사망,,,,
2018012200100055,2018년 1월 22일 06시,월요일,대전광역시 동구 정동,중상사고,0,1,0,0,차대사람 - 횡단중,신호위반,건조,맑음,단일로 - 기타,승용,남,68세,상해없음,보행자,여,48세,중상
2018012200100103,2018년 1월 22일 08시,월요일,대전광역시 동구 구도동,중상사고,0,1,0,0,차대차 - 측면충돌,안전거리미확보,건조,맑음,단일로 - 기타,원동기,남,76세,중상,화물,남,50세,상해없음
2018012200100104,2018년 1월 22일 08시,월요일,대전광역시 대덕구 상서동,중상사고,0,1,0,0,차대차 - 추돌,안전운전불이행,건조,맑음,단일로 - 기타,승용,남,56세,상해없음,승용,여,26세,중상
2018012200100151,2018년 1월 22일 10시,월요일,대전광역시 동구 성남동,경상사고,0,0,2,0,차대차 - 측면충돌,안전운전불이행,건조,맑음,단일로 - 기타,승용,남,45세,상해없음,승용,남,35세,경상
2018012200100152,2018년 1월 22일 10시,월요일,대전광역시 유성구 방동,경상사고,0,0,1,0,차대차 - 측면충돌,중앙선침범,건조,맑음,단일로 - 기타,승용,여,58세,상해없음,승용,남,34세,경상
2018012200100186,2018년 1월 22일 11시,월요일,대전광역시 중구 산성동,경상사고,0,0,1,0,차대차 - 측면충돌,안전운전불이행,건조,맑음,단일로 - 기타,화물,남,57세,상해없음,승용,남,45세,경상