사고번호,사고일시,요일,시군구,사고내용,사망자수,중상자수,경상자수,부상신고자수,사고유형,법규위반,노면상태,기상상태,도로형태,가해운전자 차종,가해운전자 성별,가해운전자 연령,가해운전자 상해정도,피해운전자 차종,피해운전자 성별,피해운전자 연령,피해운전자 상해정도
2018012800100220,2018년 1월 28일 14시,일요일,대전광역시 중구 안영동,경상사고,0,0,1,0,차대차 - 기타,안전운전불이행,건조,맑음,주차장 - 주차장,승용,남,30세,상해없음,자전거,남,65세,경상
2018012800100333,2018년 1월 28일 19시,일요일,대전광역시 대덕구 문평동,사망사고,1,0,0,0,차대사람 - 횡단중,과속,건조,흐림,교차로 - 교차로부근,승용,남,51세,상해없음,보행자,여,53세,사망
2018012800100334,2018년 1월 28일 19시,일요일,대전광역시 유성구 덕명동,경상사고,0,0,1,0,차대차 - 기타,신호위반,건조,맑음,교차로 - 교차로안,승용,남,35세,상해없음,이륜,남,44세,경상
2018012800100372,2018년 1월 28일 21시,일요일,대전광역시 대덕구 오정동,부상신고사고,0,0,0,1,차대사람 - 횡단중,안전운전불이행,건조,맑음,단일로 - 기타,이륜,남,28세,상해없음,보행자,여,70세,부상신고
2018012900100028,2018년 1월 29일 02시,월요일,대전광역시 동구 낭월동,경상사고,0,0,2,0,차대차 - 기타,교차로운행방법위반,건조,맑음,교차로 - 교차로안,승용,남,41세,상해없음,승용,남,45세,경상
2018012900100047,2018년 1월 29일 06시,월요일,대전광역시 동구 용전동,경상사고,0,0,1,0,차대차 - 기타,안전운전불이행,건조,맑음,단일로 - 기타,승용,남,75세,상해없음,승용,남,30세,경상
2018012900100048,2018년 1월 29일 06시,월요일,대전광역시 서구 월평동,중상사고,0,1,0,0,차대차 - 기타,안전운전불이행,건조,맑음,단일로 - 기타,화물,남,61세,상해없음,이륜,남,38세,중상
2018012900100115,2018년 1월 29일 08시,월요일,대전광역시 서구 도마동,경상사고,0,0,1,0,차대차 - 측면충돌,안전운전불이행,건조,맑음,교차로 - 교차로안,승용,여,36세,상해없음,승용,여,23세,경상
2018012900100116,2018년 1월 29일 08시,월요일,대전광역시 유성구 궁동,중상사고,0,1,0,0,차대사람 - 횡단중,보행자보호의무위반,건조,맑음,단일로 - 기타,승용,남,50세,상해없음,보행자,여,38세,중상
2018012900100201,2018년 1월 29일 11시,월요일,대전광역시 유성구 궁동,경상사고,0,0,1,0,차대차 - 기타,안전운전불이행,건조,맑음,교차로 - 교차로부근,승합,남,69세,기타불명,승용,여,59세,경상
2018012900100233,2018년 1월 29일 12시,월요일,대전광역시 유성구 장대동,경상사고,0,0,1,0,차대차 - 기타,교차로운행방법위반,건조,맑음,교차로 - 교차로부근,화물,남,66세,상해없음,승용,남,40세,경상
2018012900100336,2018년 1월 29일 15시,월요일,대전광역시 서구 탄방동,경상사고,0,0,1,0,차대차 - 측면충돌,안전거리미확보,건조,맑음,교차로 - 교차로안,승용,남,74세,상해없음,승합,남,37세,경상
2018012900100337,2018년 1월 29일 15시,월요일,대전광역시 유성구 봉명동,경상사고,0,0,1,0,차대사람 - 기타,안전운전불이행,건조,맑음,단일로 - 기타,승용,남,56세,상해없음,보행자,여,19세,경상
2018012900100387,2018년 1월 29일 17시,월요일,대전광역시 동구 판암동,경상사고,0,0,1,0,차대차 - 기타,교차로운행방법위반,건조,맑음,교차로 - 교차로안,승용,여,35세,상해없음,개인형이동수단(PM),남,70세,경상
2018012900100429,2018년 1월 29일 18시,월요일,대전광역시 유성구 용산동,경상사고,0,0,1,0,차대차 - 측면충돌,신호위반,건조,맑음,교차로 - 교차로안,승용,여,43세,상해없음,승용,남,36세,경상
2018012900100465,2018년 1월 29일 19시,월요일,대전광역시 중구 선화동,경상사고,0,0,1,0,차대차 - 기타,안전운전불이행,건조,맑음,교차로 - 교차로부근,이륜,남,18세,상해없음,승용,남,62세,경상
2018012900100466,2018년 1월 29일 19시,월요일,대전광역시 중구 태평동,경상사고,0,0,2,0,차대차 - 추돌,안전운전불이행,건조,맑음,단일로 - 기타,승용,남,48세,상해없음,승용,남,58세,경상
2018012900100467,2018년 1월 29일 19시,월요일,대전광역시 서구 둔산동,중상사고,0,1,0,0,차대사람 - 횡단중,안전운전불이행,건조,맑음,교차로 - 교차로안,승용,남,30세,상해없음,보행자,여,13세,중상
2018013000100058,2018년 1월 30일 05시,화요일,대전광역시 유성구 봉명동,경상사고,0,0,2,0,차대차 - 측면충돌,안전거리미확보,건조,맑음,단일로 - 기타,승용,남,32세,상해없음,승용,여,52세,경상
2018013000100077,2018년 1월 30일 06시,화요일,대전광역시 대덕구 비래동,사망사고,1,0,0,0,차대사람 - 횡단중,안전운전불이행,젖음/습기,흐림,단일로 - 기타,승용,남,58세,기타불명,보행자,여,83세,사망
2018013000100145,2018년 1월 30일 08시,화요일,대전광역시 서구 둔산동,중상사고,0,3,3,0,차대차 - 측면충돌,교차로운행방법위반,건조,맑음,교차로 - 교차로안,승용,남,23세,경상,승용,여,49세,중상
2018013000100227,2018년 1월 30일 11시,화요일,대전광역시 중구 태평동,경상사고,0,0,1,0,차대차 - 기타,안전운전불이행,건조,맑음,단일로 - 기타,승용,여,66세,상해없음,승용,여,48세,경상
2018013000100250,2018년 1월 30일 12시,화요일,대전광역시 서구 가수원동,중상사고,0,1,0,0,차대차 - 측면충돌,신호위반,건조,맑음,교차로 - 교차로안,승용,여,33세,상해없음,이륜,남,45세,중상
2018013000100251,2018년 1월 30일 12시,화요일,대전광역시 대덕구 중리동,경상사고,0,0,1,0,차대차 - 기타,안전운전불이행,건조,맑음,교차로 - 교차로안,화물,남,26세,기타불명,승용,남,59세,경상
2018013000100252,2018년 1월 30일 12시,화요일,대전광역시 유성구 용계동,경상사고,0,0,2,0,차대차 - 측면충돌,안전운전불이행,건조,맑음,교차로 - 교차로부근,승용,여,58세,경상,승용,여,48세,경상
2018013000100287,2018년 1월 30일 13시,화요일,대전광역시 서구 둔산동,경상사고,0,0,2,0,차대차 - 기타,중앙선침범,건조,맑음,교차로 - 교차로부근,승용,여,37세,상해없음,승용,남,33세,경상
2018013000100343,2018년 1월 30일 15시,화요일,대전광역시 동구 인동,중상사고,0,1,2,0,차대차 - 측면충돌,신호위반,건조,맑음,교차로 - 교차로안,승용,남,58세,상해없음,승용,여,47세,경상
2018013000100344,2018년 1월 30일 15시,화요일,대전광역시 동구 인동,경상사고,0,0,1,0,차대차 - 측면충돌,안전운전불이행,건조,맑음,단일로 - 기타,화물,남,65세,상해없음,자전거,남,70세,경상
2018013000100345,2018년 1월 30일 15시,화요일,대전광역시 유성구 원내동,경상사고,0,0,1,1,차대차 - 측면충돌,안전운전불이행,건조,맑음,교차로 - 교차로부근,승용,남,61세,부상신고,승용,여,33세,경상
2018013000100420,2018년 1월 30일 17시,화요일,대전광역시 서구 둔산동,중상사고,0,2,0,0,차대차 - 측면충돌,안전거리미확보,건조,맑음,교차로 - 교차로안,승용,남,64세,상해없음,승용,여,26세,중상
2018013000100421,2018년 1월 30일 17시,화요일,대전광역시 서구 월평동,경상사고,0,0,1,0,차대차 - 추돌,안전운전불이행,건조,맑음,교차로 - 교차로안,승용,남,31세,상해없음,승용,여,50세,경상
2018013000100422,2018년 1월 30일 17시,화요일,대전광역시 유성구 용계동,경상사고,0,0,2,0,차대차 - 기타,안전거리미확보,건조,맑음,단일로 - 기타,건설기계,남,55세,상해없음,승용,여,47세,경상
2018013000100423,2018년 1월 30일 17시,화요일,대전광역시 유성구 봉명동,경상사고,0,0,2,0,차대차 - 기타,안전거리미확보,건조,맑음,교차로 - 교차로부근,승용,여,62세,경상,승용,남,52세,상해없음
2018013000100478,2018년 1월 30일 18시,화요일,대전광역시 서구 가장동,경상사고,0,0,1,0,차대차 - 측면충돌,교차로운행방법위반,건조,맑음,교차로 - 교차로안,승용,남,36세,상해없음,승용,남,47세,경상
2018013000100565,2018년 1월 30일 20시,화요일,대전광역시 중구 대사동,경상사고,0,0,1,0,차대차 - 측면충돌,교차로운행방법위반,건조,맑음,교차로 - 교차로안,승용,여,29세,상해없음,승용,남,27세,경상
2018013000100601,2018년 1월 30일 21시,화요일,대전광역시 서구 갈마동,경상사고,0,0,1,0,차대차 - 후진중충돌,안전운전불이행,건조,맑음,단일로 - 기타,승용,남,57세,상해없음,이륜,남,25세,경상
2018013000100622,2018년 1월 30일 22시,화요일,대전광역시 대덕구 송촌동,경상사고,0,0,1,0,차대사람 - 횡단중,안전운전불이행,건조,맑음,교차로 - 교차로안,승용,남,50세,상해없음,보행자,여,51세,경상
2018013000100647,2018년 1월 30일 23시,화요일,대전광역시 중구 유천동,중상사고,0,1,0,0,차대사람 - 횡단중,안전운전불이행,건조,맑음,교차로 - 교차로안,승용,남,59세,상해없음,보행자,남,65세,중상
2018013100100016,2018년 1월 31일 00시,수요일,대전광역시 서구 둔산동,경상사고,0,0,4,0,차대차 - 측면충돌,교차로운행방법위반,건조,맑음,교차로 - 교차로안,승용,남,61세,상해없음,승용,남,46세,경상
2018013100100061,2018년 1월 31일 05시,수요일,대전광역시 유성구 노은동,경상사고,0,0,1,0,차대차 - 기타,안전운전불이행,건조,맑음,교차로 - 교차로안,승합,남,69세,상해없음,승용,남,72세,경상
2018013100100157,2018년 1월 31일 08시,수요일,대전광역시 서구 관저동,중상사고,0,1,1,0,차대차 - 측면충돌,신호위반,건조,맑음,교차로 - 교차로안,승용,남,49세,중상,승용,남,35세,경상
2018013100100194,2018년 1월 31일 09시,수요일,대전광역시 동구 인동,경상사고,0,0,1,0,차대차 - 측면충돌,안전운전불이행,건조,맑음,단일로 - 기타,화물,남,43세,상해없음,자전거,남,79세,경상
2018013100100195,2018년 1월 31일 09시,수요일,대전광역시 서구 둔산동,경상사고,0,0,1,0,차대사람 - 기타,신호위반,건조,맑음,교차로 - 교차로안,승용,남,56세,상해없음,보행자,여,22세,경상
2018013100100196,2018년 1월 31일 09시,수요일,대전광역시 유성구 봉명동,경상사고,0,0,1,0,차대차 - 기타,안전운전불이행,건조,맑음,교차로 - 교차로안,승용,남,65세,상해없음,승용,여,60세,경상
2018013100100238,2018년 1월 31일 11시,수요일,대전광역시 유성구 신성동,경상사고,0,0,1,0,차대차 - 측면충돌,교차로운행방법위반,건조,맑음,교차로 - 교차로안,승용,남,20세,상해없음,승용,남,28세,경상
2018013100100292,2018년 1월 31일 13시,수요일,대전광역시 유성구 성북동,경상사고,0,0,1,0,차대차 - 후진중충돌,안전운전불이행,건조,맑음,단일로 - 기타,승용,남,67세,상해없음,승합,남,35세,경상
2018013100100450,2018년 1월 31일 18시,수요일,대전광역시 중구 산성동,경상사고,0,0,2,0,차대차 - 추돌,안전운전불이행,건조,맑음,단일로 - 기타,승용,남,31세,상해없음,승용,남,26세,경상
2018013100100530,2018년 1월 31일 20시,수요일,대전광역시 유성구 송강동,경상사고,0,0,3,0,차대차 - 측면충돌,안전운전불이행,건조,맑음,교차로 - 교차로부근,승용,남,55세,상해없음,승용,남,25세,경상
2018013100100555,2018년 1월 31일 21시,수요일,대전광역시 서구 괴정동,중상사고,0,1,0,0,차대차 - 측면충돌,안전운전불이행,건조,맑음,교차로 - 교차로안,이륜,여,45세,상해없음,화물,남,53세,중상
2018013100100577,2018년 1월 31일 22시,수요일,대전광역시 유성구 노은동,경상사고,0,0,1,0,차대차 - 측면충돌,안전운전불이행,건조,맑음,교차로 - 교차로부근,승용,남,68세,상해없음,화물,남,57세,경상
2018013100100578,2018년 1월 31일 22시,수요일,대전광역시 유성구 봉산동,경상사고,0,0,2,1,차대차 - 추돌,안전운전불이행,건조,맑음,교차로 - 교차로부근,승용,남,42세,상해없음,승용,남,51세,경상
2018020100100033,2018년 2월 1일 01시,목요일,대전광역시 중구 문화동,경상사고,0,0,2,0,차대차 - 추돌,안전운전불이행,건조,맑음,교차로 - 교차로부근,승용,남,40세,상해없음,승용,남,32세,경상
2018020100100034,2018년 2월 1일 01시,목요일,대전광역시 동구 가양동,중상사고,0,1,0,0,차대사람 - 횡단중,안전운전불이행,건조,맑음,교차로 - 교차로횡단보도내,승용,남,63세,상해없음,보행자,남,38세,중상
2018020100100056,2018년 2월 1일 04시,목요일,대전광역시 중구 문화동,경상사고,0,0,3,0,차대차 - 측면충돌,신호위반,건조,맑음,교차로 - 교차로안,승용,남,25세,상해없음,승용,남,67세,경상
2018020100100057,2018년 2월 1일 04시,목요일,대전광역시 동구 가양동,부상신고사고,0,0,0,1,차대차 - 측면충돌,안전운전불이행,건조,맑음,교차로 - 교차로안,승용,남,55세,부상신고,화물,남,58세,상해없음
2018020100100058,2018년 2월 1일 04시,목요일,대전광역시 서구 갈마동,경상사고,0,0,1,0,차대차 - 기타,신호위반,건조,맑음,교차로 - 교차로안,승용,여,57세,상해없음,승용,여,49세,경상
2018020100100106,2018년 2월 1일 07시,목요일,대전광역시 서구 탄방동,중상사고,0,1,0,0,차대사람 - 횡단중,보행자보호의무위반,건조,맑음,교차로 - 교차로횡단보도내,건설기계,남,34세,상해없음,보행자,여,28세,중상
2018020100100145,2018년 2월 1일 08시,목요일,대전광역시 서구 탄방동,경상사고,0,0,1,0,차대차 - 기타,안전거리미확보,건조,맑음,단일로 - 기타,승용,남,58세,상해없음,승용,남,36세,경상
2018020100100223,2018년 2월 1일 10시,목요일,대전광역시 대덕구 신탄진동,경상사고,0,0,1,0,차대사람 - 기타,안전운전불이행,건조,맑음,단일로 - 기타,승용,남,81세,상해없음,보행자,여,68세,경상
2018020100100257,2018년 2월 1일 11시,목요일,대전광역시 유성구 노은동,경상사고,0,0,1,0,차대차 - 측면충돌,안전운전불이행,건조,맑음,단일로 - 기타,특수,남,40세,상해없음,화물,남,27세,경상
2018020100100325,2018년 2월 1일 13시,목요일,대전광역시 대덕구 상서동,부상신고사고,0,0,0,1,차대차 - 측면충돌,교차로운행방법위반,건조,맑음,단일로 - 기타,화물,남,53세,상해없음,승용,남,36세,부상신고
2018020100100448,2018년 2월 1일 17시,목요일,대전광역시 동구 용전동,경상사고,0,0,1,0,차대차 - 후진중충돌,안전운전불이행,건조,맑음,단일로 - 기타,화물,남,74세,상해없음,승용,남,26세,경상
2018020100100449,2018년 2월 1일 17시,목요일,대전광역시 대덕구 갈전동,중상사고,0,2,0,0,차대차 - 기타,중앙선침범,건조,맑음,단일로 - 기타,승용,남,52세,상해없음,화물,남,60세,중상
2018020100100503,2018년 2월 1일 18시,목요일,대전광역시 서구 둔산동,경상사고,0,0,1,0,차대차 - 기타,안전거리미확보,건조,맑음,교차로 - 교차로안,승용,여,42세,상해없음,승용,여,57세,경상
2018020100100560,2018년 2월 1일 19시,목요일,대전광역시 동구 홍도동,경상사고,0,0,1,0,차대사람 - 기타,안전운전불이행,건조,맑음,단일로 - 기타,원동기,남,55세,기타불명,보행자,여,24세,경상
2018020100100561,2018년 2월 1일 19시,목요일,대전광역시 서구 탄방동,경상사고,0,0,1,0,차대사람 - 기타,안전운전불이행,건조,맑음,단일로 - 기타,화물,남,59세,상해없음,보행자,남,46세,경상
2018020100100621,2018년 2월 1일 21시,목요일,대전광역시 동구 용전동,경상사고,0,0,1,0,차대차 - 추돌,안전운전불이행,건조,맑음,단일로 - 기타,승용,남,56세,상해없음,승용,여,40세,경상
2018020100100622,2018년 2월 1일 21시,목요일,대전광역시 유성구 덕명동,경상사고,0,0,2,0,차대차 - 정면충돌,신호위반,건조,맑음,교차로 - 교차로안,승용,여,32세,상해없음,승용,여,43세,경상
2018020100100656,2018년 2월 1일 22시,목요일,대전광역시 동구 대동,경상사고,0,0,1,0,차량단독 - 기타,안전운전불이행,건조,맑음,교차로 - 교차로안,승용,남,64세,상해없음,,,,
2018020100100657,2018년 2월 1일 22시,목요일,대전광역시 서구 둔산동,경상사고,0,0,1,0,차대차 - 추돌,안전운전불이행,건조,맑음,교차로 - 교차로부근,화물,남,64세,상해없음,승용,남,38세,경상
2018020100100658,2018년 2월 1일 22시,목요일,대전광역시 유성구 죽동,경상사고,0,0,2,0,차대차 - 추돌,교차로운행방법위반,건조,맑음,교차로 - 교차로안,승용,남,58세,상해없음,승용,남,32세,경상
2018020100100689,2018년 2월 1일 23시,목요일,대전광역시 서구 갈마동,경상사고,0,0,2,0,차대차 - 추돌,과속,건조,맑음,단일로 - 기타,승용,남,65세,상해없음,승용,남,59세,경상
2018020100100690,2018년 2월 1일 23시,목요일,대전광역시 유성구 원신흥동,경상사고,0,0,6,0,차대차 - 추돌,안전운전불이행,건조,맑음,단일로 - 기타,승용,남,40세,상해없음,승용,남,43세,경상
2018020200100062,2018년 2월 2일 05시,금요일,대전광역시 서구 내동,경상사고,0,0,1,0,차대차 - 추돌,안전운전불이행,건조,맑음,교차로 - 교차로부근,승용,여,53세,상해없음,승용,남,49세,경상
2018020200100104,2018년 2월 2일 07시,금요일,대전광역시 중구 태평동,경상사고,0,0,1,0,차대차 - 추돌,안전운전불이행,건조,맑음,교차로 - 교차로부근,승용,남,56세,상해없음,승용,남,59세,경상
2018020200100153,2018년 2월 2일 08시,금요일,대전광역시 유성구 반석동,경상사고,0,0,1,0,차대차 - 기타,안전운전불이행,건조,맑음,단일로 - 기타,승용,남,51세,상해없음,승용,여,38세,경상
2018020200100189,2018년 2월 2일 09시,금요일,대전광역시 동구 원동,경상사고,0,0,1,0,차대사람 - 기타,안전운전불이행,건조,맑음,교차로 - 교차로안,승용,여,65세,상해없음,보행자,여,44세,경상
2018020200100263,2018년 2월 2일 12시,금요일,대전광역시 서구 갈마동,경상사고,0,0,1,0,차대차 - 측면충돌,안전운전불이행,건조,맑음,단일로 - 기타,승용,여,39세,상해없음,승용,남,65세,상해없음
2018020200100264,2018년 2월 2일 12시,금요일,대전광역시 유성구 장대동,경상사고,0,0,1,0,차대차 - 측면충돌,신호위반,건조,맑음,교차로 - 교차로안,이륜,남,57세,상해없음,승용,남,43세,경상
2018020200100292,2018년 2월 2일 13시,금요일,대전광역시 동구 가양동,경상사고,0,0,1,0,차대차 - 측면충돌,안전운전불이행,건조,맑음,교차로 - 교차로안,승합,남,45세,상해없음,승용,남,46세,경상
2018020200100293,2018년 2월 2일 13시,금요일,대전광역시 유성구 신성동,경상사고,0,0,2,0,차대차 - 측면충돌,신호위반,건조,맑음,교차로 - 교차로안,승용,남,44세,상해없음,승용,남,58세,경상
2018020200100330,2018년 2월 2일 14시,금요일,대전광역시 대덕구 오정동,경상사고,0,0,1,0,차대차 - 기타,중앙선침범,건조,맑음,단일로 - 기타,승용,여,28세,상해없음,화물,남,48세,경상
2018020200100372,2018년 2월 2일 15시,금요일,대전광역시 중구 선화동,경상사고,0,0,1,0,차대사람 - 횡단중,안전운전불이행,건조,맑음,교차로 - 교차로부근,승용,남,49세,상해없음,보행자,여,47세,경상
2018020200100399,2018년 2월 2일 16시,금요일,대전광역시 동구 중동,경상사고,0,0,1,0,차대사람 - 기타,안전운전불이행,건조,맑음,단일로 - 기타,승용,여,61세,상해없음,보행자,여,86세,경상
2018020200100433,2018년 2월 2일 17시,금요일,대전광역시 유성구 원신흥동,경상사고,0,0,1,0,차대차 - 측면충돌,안전거리미확보,건조,맑음,단일로 - 기타,승용,여,58세,상해없음,승용,남,38세,경상
2018020200100483,2018년 2월 2일 18시,금요일,대전광역시 대덕구 대화동,부상신고사고,0,0,0,1,차대차 - 추돌,안전운전불이행,젖음/습기,흐림,단일로 - 기타,승용,남,52세,상해없음,승용,남,25세,부상신고
2018020200100484,2018년 2월 2일 18시,금요일,대전광역시 서구 탄방동,경상사고,0,0,1,0,차대차 - 측면충돌,교차로운행방법위반,건조,맑음,교차로 - 교차로안,승용,남,52세,상해없음,승용,여,48세,경상
2018020200100485,2018년 2월 2일 18시,금요일,대전광역시 유성구 지족동,경상사고,0,0,1,0,차대사람 - 횡단중,보행자보호의무위반,건조,맑음,단일로 - 기타,승용,남,63세,상해없음,보행자,여,43세,경상
2018020200100548,2018년 2월 2일 20시,금요일,대전광역시 중구 유천동,경상사고,0,0,1,0,차대차 - 측면충돌,안전운전불이행,건조,기타,단일로 - 기타,승용,남,42세,상해없음,승용,남,30세,경상
2018020200100549,2018년 2월 2일 20시,금요일,대전광역시 서구 둔산동,중상사고,0,1,0,0,차대차 - 기타,신호위반,건조,맑음,교차로 - 교차로안,승용,남,34세,상해없음,승용,여,43세,중상
2018020200100625,2018년 2월 2일 22시,금요일,대전광역시 중구 부사동,부상신고사고,0,0,0,1,차대차 - 측면충돌,신호위반,건조,맑음,교차로 - 교차로안,승용,남,27세,상해없음,이륜,남,18세,부상신고
2018020200100665,2018년 2월 2일 23시,금요일,대전광역시 대덕구 읍내동,경상사고,0,0,1,0,차대차 - 측면충돌,안전운전불이행,건조,맑음,교차로 - 교차로안,승용,남,32세,상해없음,승용,여,29세,경상
2018020300100032,2018년 2월 3일 00시,토요일,대전광역시 서구 둔산동,경상사고,0,0,3,0,차대차 - 측면충돌,안전운전불이행,건조,맑음,단일로 - 기타,승용,남,54세,상해없음,승용,남,63세,경상
2018020300100053,2018년 2월 3일 01시,토요일,대전광역시 유성구 하기동,경상사고,0,0,1,0,차량단독 - 기타,안전운전불이행,건조,맑음,단일로 - 기타,승용,남,57세,상해없음,,,,
2018020300100084,2018년 2월 3일 03시,토요일,대전광역시 중구 문창동,사망사고,1,0,0,0,차대사람 - 횡단중,과속,건조,맑음,단일로 - 기타,승용,남,27세,상해없음,보행자,여,22세,사망
2018020300100092,2018년 2월 3일 04시,토요일,대전광역시 서구 둔산동,중상사고,0,1,0,0,차대차 - 추돌,신호위반,건조,맑음,교차로 - 교차로안,승용,남,39세,상해없음,승용,남,63세,중상
2018020300100140,2018년 2월 3일 07시,토요일,대전광역시 서구 괴정동,경상사고,0,0,1,0,차대차 - 측면충돌,안전운전불이행,건조,맑음,단일로 - 기타,승용,남,27세,상해없음,승용,남,28세,경상
2018020300100183,2018년 2월 3일 09시,토요일,대전광역시 서구 괴정동,경상사고,0,0,2,0,차대차 - 추돌,안전운전불이행,건조,맑음,교차로 - 교차로안,승용,남,31세,상해없음,승용,남,34세,경상
2018020300100184,2018년 2월 3일 09시,토요일,대전광역시 서구 둔산동,경상사고,0,0,1,0,차대사람 - 기타,안전운전불이행,건조,맑음,교차로 - 교차로횡단보도내,승용,여,46세,상해없음,보행자,여,60세,경상
2018020300100269,2018년 2월 3일 11시,토요일,대전광역시 서구 도마동,경상사고,0,0,1,0,차대사람 - 횡단중,안전운전불이행,건조,맑음,단일로 - 기타,승용,남,62세,상해없음,보행자,남,76세,경상
2018020300100270,2018년 2월 3일 11시,토요일,대전광역시 서구 둔산동,경상사고,0,0,3,0,차대차 - 추돌,안전거리미확보,건조,맑음,교차로 - 교차로부근,승합,남,46세,상해없음,승용,여,34세,경상
2018020300100271,2018년 2월 3일 11시,토요일,대전광역시 서구 둔산동,경상사고,0,0,3,0,차대차 - 추돌,안전거리미확보,건조,맑음,단일로 - 기타,승용,여,44세,경상,승용,여,21세,경상
2018020300100272,2018년 2월 3일 11시,토요일,대전광역시 서구 둔산동,경상사고,0,0,1,0,차대차 - 기타,신호위반,건조,맑음,교차로 - 교차로안,기타불명,기타불명,미분류,기타불명,승용,남,53세,경상
2018020300100273,2018년 2월 3일 11시,토요일,대전광역시 유성구 도룡동,경상사고,0,0,2,0,차대차 - 측면충돌,안전운전불이행,건조,맑음,단일로 - 기타,승용,남,58세,경상,승용,남,21세,경상
2018020300100362,2018년 2월 3일 13시,토요일,대전광역시 중구 선화동,경상사고,0,0,1,0,차대차 - 측면충돌,안전거리미확보,건조,맑음,단일로 - 기타,승용,남,46세,상해없음,이륜,남,45세,경상
2018020300100363,2018년 2월 3일 13시,토요일,대전광역시 서구 내동,중상사고,0,1,0,0,차대차 - 정면충돌,신호위반,건조,맑음,교차로 - 교차로안,승용,여,48세,상해없음,이륜,남,44세,중상
2018020300100412,2018년 2월 3일 14시,토요일,대전광역시 대덕구 대화동,경상사고,0,0,1,0,차대차 - 기타,중앙선침범,건조,맑음,단일로 - 기타,화물,남,55세,상해없음,승용,남,45세,경상
2018020300100413,2018년 2월 3일 14시,토요일,대전광역시 유성구 봉산동,경상사고,0,0,2,0,차대차 - 측면충돌,안전운전불이행,건조,맑음,단일로 - 기타,승용,남,45세,상해없음,승용,남,36세,경상
2018020300100475,2018년 2월 3일 16시,토요일,대전광역시 서구 복수동,경상사고,0,0,2,0,차대사람 - 보도통행중,안전운전불이행,건조,맑음,단일로 - 기타,화물,남,45세,상해없음,보행자,여,44세,경상
2018020300100509,2018년 2월 3일 17시,토요일,대전광역시 중구 대흥동,경상사고,0,0,2,0,차대차 - 측면충돌,신호위반,건조,맑음,교차로 - 교차로안,승용,남,50세,상해없음,승용,남,29세,경상
2018020300100510,2018년 2월 3일 17시,토요일,대전광역시 동구 가오동,경상사고,0,0,3,0,차대차 - 추돌,안전운전불이행,건조,맑음,단일로 - 기타,승용,남,59세,상해없음,승용,남,58세,경상
2018020300100643,2018년 2월 3일 20시,토요일,대전광역시 유성구 봉명동,경상사고,0,0,1,0,차대차 - 추돌,안전운전불이행,건조,맑음,교차로 - 교차로부근,승용,남,50세,상해없음,승합,남,51세,경상
2018020400100023,2018년 2월 4일 00시,일요일,대전광역시 서구 도안동,경상사고,0,0,1,0,차대차 - 측면충돌,신호위반,건조,맑음,교차로 - 교차로안,승용,남,48세,상해없음,승용,남,30세,경상
2018020400100024,2018년 2월 4일 00시,일요일,대전광역시 서구 둔산동,중상사고,0,1,0,0,차대사람 - 기타,안전운전불이행,건조,맑음,단일로 - 기타,승용,남,29세,상해없음,보행자,남,21세,중상
2018020400100052,2018년 2월 4일 02시,일요일,대전광역시 서구 관저동,경상사고,0,0,2,0,차대차 - 추돌,안전운전불이행,건조,맑음,교차로 - 교차로부근,승용,남,52세,상해없음,승용,여,36세,경상
2018020400100126,2018년 2월 4일 07시,일요일,대전광역시 유성구 봉명동,경상사고,0,0,5,0,차대차 - 측면충돌,교차로운행방법위반,기타,맑음,교차로 - 교차로부근,승용,남,60세,경상,승용,남,24세,경상
2018020400100185,2018년 2월 4일 10시,일요일,대전광역시 서구 갈마동,경상사고,0,0,1,0,차대사람 - 기타,안전운전불이행,건조,맑음,단일로 - 기타,승용,남,61세,상해없음,보행자,여,20세,경상
2018020400100227,2018년 2월 4일 12시,일요일,대전광역시 서구 변동,사망사고,1,0,0,0,차대사람 - 횡단중,안전운전불이행,건조,맑음,단일로 - 기타,승용,남,27세,상해없음,보행자,여,89세,사망
2018020400100228,2018년 2월 4일 12시,일요일,대전광역시 대덕구 법동,부상신고사고,0,0,0,1,차대차 - 측면충돌,안전운전불이행,건조,맑음,교차로 - 교차로안,승용,남,51세,상해없음,원동기,남,40세,부상신고
2018020400100246,2018년 2월 4일 13시,일요일,대전광역시 중구 유천동,경상사고,0,0,1,0,차대차 - 기타,신호위반,건조,맑음,교차로 - 교차로부근,승용,남,56세,상해없음,이륜,남,35세,경상
2018020400100303,2018년 2월 4일 15시,일요일,대전광역시 유성구 학하동,경상사고,0,0,1,0,차대차 - 추돌,안전거리미확보,건조,맑음,교차로 - 교차로부근,승용,여,59세,상해없음,건설기계,남,54세,경상
2018020400100366,2018년 2월 4일 17시,일요일,대전광역시 유성구 봉명동,중상사고,0,1,1,0,차대차 - 추돌,신호위반,건조,맑음,교차로 - 교차로안,승용,여,26세,상해없음,원동기,남,61세,경상
2018020400100402,2018년 2월 4일 18시,일요일,대전광역시 중구 태평동,중상사고,0,1,0,0,차대차 - 측면충돌,안전운전불이행,건조,맑음,단일로 - 기타,화물,남,74세,기타불명,이륜,남,24세,중상
2018020400100403,2018년 2월 4일 18시,일요일,대전광역시 동구 가양동,중상사고,0,1,0,0,차대차 - 측면충돌,안전운전불이행,건조,맑음,교차로 - 교차로횡단보도내,화물,남,63세,상해없음,자전거,남,67세,중상
2018020400100404,2018년 2월 4일 18시,일요일,대전광역시 서구 월평동,중상사고,0,1,0,0,차대사람 - 횡단중,안전운전불이행,건조,흐림,단일로 - 기타,승용,남,57세,상해없음,보행자,남,75세,중상