사고번호,사고일시,요일,시군구,사고내용,사망자수,중상자수,경상자수,부상신고자수,사고유형,법규위반,노면상태,기상상태,도로형태,가해운전자 차종,가해운전자 성별,가해운전자 연령,가해운전자 상해정도,피해운전자 차종,피해운전자 성별,피해운전자 연령,피해운전자 상해정도
2018030100100147,2018년 3월 1일 08시,목요일,대전광역시 중구 오류동,경상사고,0,0,1,0,차대사람 - 기타,안전운전불이행,건조,맑음,교차로 - 교차로부근,승용,남,23세,상해없음,보행자,남,24세,경상
2018030100100157,2018년 3월 1일 09시,목요일,대전광역시 유성구 반석동,경상사고,0,0,4,0,차대차 - 측면충돌,안전거리미확보,건조,맑음,단일로 - 기타,승용,여,53세,상해없음,승용,남,42세,경상
2018030100100195,2018년 3월 1일 11시,목요일,대전광역시 서구 갈마동,경상사고,0,0,1,0,차대사람 - 기타,안전운전불이행,건조,맑음,교차로 - 교차로안,승용,남,52세,상해없음,보행자,여,23세,경상
2018030100100196,2018년 3월 1일 11시,목요일,대전광역시 서구 월평동,경상사고,0,0,2,0,차대차 - 측면충돌,안전거리미확보,건조,맑음,교차로 - 교차로안,승용,여,43세,상해없음,승용,여,35세,경상
2018030100100247,2018년 3월 1일 13시,목요일,대전광역시 서구 변동,경상사고,0,0,2,0,차대차 - 측면충돌,신호위반,건조,맑음,교차로 - 교차로안,승용,여,25세,상해없음,승용,여,54세,경상
2018030100100280,2018년 3월 1일 14시,목요일,대전광역시 동구 용전동,경상사고,0,0,1,0,차대차 - 추돌,안전운전불이행,건조,맑음,교차로 - 교차로부근,승용,여,61세,상해없음,승용,남,58세,경상
2018030100100281,2018년 3월 1일 14시,목요일,대전광역시 서구 가수원동,경상사고,0,0,1,0,차대사람 - 차도통행중,안전운전불이행,건조,맑음,단일로 - 기타,승합,여,42세,상해없음,보행자,남,75세,경상
2018030100100305,2018년 3월 1일 15시,목요일,대전광역시 동구 성남동,경상사고,0,0,1,0,차대차 - 측면충돌,안전운전불이행,건조,맑음,단일로 - 기타,화물,남,45세,상해없음,승용,남,57세,경상
2018030100100370,2018년 3월 1일 17시,목요일,대전광역시 서구 괴정동,경상사고,0,0,1,0,차대차 - 측면충돌,안전운전불이행,건조,맑음,주차장 - 주차장,승용,남,49세,상해없음,승용,남,31세,경상
2018030100100394,2018년 3월 1일 18시,목요일,대전광역시 서구 월평동,경상사고,0,0,2,0,차대차 - 기타,안전운전불이행,건조,맑음,교차로 - 교차로안,승용,남,46세,경상,승용,남,70세,경상
2018030100100471,2018년 3월 1일 21시,목요일,대전광역시 유성구 봉명동,경상사고,0,0,1,0,차대차 - 기타,안전운전불이행,건조,맑음,단일로 - 기타,이륜,남,42세,경상,승합,남,59세,상해없음
2018030200100011,2018년 3월 2일 00시,금요일,대전광역시 동구 자양동,중상사고,0,1,0,0,차대차 - 측면충돌,교차로운행방법위반,건조,맑음,교차로 - 교차로안,승용,여,56세,상해없음,원동기,남,41세,중상
2018030200100012,2018년 3월 2일 00시,금요일,대전광역시 서구 갈마동,중상사고,0,2,0,0,차대차 - 측면충돌,안전운전불이행,건조,맑음,교차로 - 교차로안,승용,여,25세,상해없음,승용,여,44세,중상
2018030200100013,2018년 3월 2일 00시,금요일,대전광역시 서구 갈마동,경상사고,0,0,1,0,차대차 - 측면충돌,안전운전불이행,건조,맑음,단일로 - 기타,승용,남,27세,상해없음,승용,남,66세,경상
2018030200100051,2018년 3월 2일 06시,금요일,대전광역시 동구 낭월동,경상사고,0,0,1,0,차대차 - 측면충돌,안전운전불이행,건조,맑음,교차로 - 교차로안,건설기계,남,47세,경상,승용,남,30세,기타불명
2018030200100072,2018년 3월 2일 07시,금요일,대전광역시 유성구 신성동,경상사고,0,0,2,0,차대차 - 기타,안전운전불이행,건조,맑음,교차로 - 교차로안,승용,남,35세,상해없음,승용,여,33세,경상
2018030200100106,2018년 3월 2일 08시,금요일,대전광역시 서구 갈마동,경상사고,0,0,1,0,차대사람 - 기타,안전운전불이행,건조,맑음,단일로 - 기타,승용,남,28세,상해없음,보행자,여,34세,경상
2018030200100140,2018년 3월 2일 09시,금요일,대전광역시 유성구 구암동,경상사고,0,0,1,0,차대차 - 측면충돌,신호위반,건조,맑음,교차로 - 교차로안,승용,여,53세,상해없음,승용,남,71세,경상
2018030200100167,2018년 3월 2일 10시,금요일,대전광역시 중구 대흥동,경상사고,0,0,1,0,차대차 - 추돌,안전운전불이행,건조,맑음,단일로 - 기타,승용,남,60세,상해없음,화물,남,30세,경상
2018030200100193,2018년 3월 2일 11시,금요일,대전광역시 대덕구 오정동,경상사고,0,0,1,0,차대차 - 측면충돌,교차로운행방법위반,건조,맑음,교차로 - 교차로안,승용,남,50세,상해없음,화물,남,37세,경상
2018030200100225,2018년 3월 2일 12시,금요일,대전광역시 유성구 봉명동,경상사고,0,0,1,0,차대차 - 추돌,기타,건조,맑음,단일로 - 기타,이륜,남,42세,상해없음,승용,여,68세,경상
2018030200100226,2018년 3월 2일 12시,금요일,대전광역시 유성구 전민동,경상사고,0,0,3,0,차대차 - 측면충돌,교차로운행방법위반,건조,맑음,교차로 - 교차로부근,승용,남,34세,경상,승용,남,47세,경상
2018030200100227,2018년 3월 2일 12시,금요일,대전광역시 유성구 구암동,중상사고,0,1,3,0,차대차 - 측면충돌,안전운전불이행,건조,맑음,교차로 - 교차로부근,이륜,남,18세,상해없음,이륜,남,43세,경상
2018030200100259,2018년 3월 2일 13시,금요일,대전광역시 동구 효동,경상사고,0,0,1,0,차대차 - 측면충돌,안전거리미확보,건조,맑음,단일로 - 기타,승용,남,66세,상해없음,화물,남,26세,경상
2018030200100291,2018년 3월 2일 14시,금요일,대전광역시 동구 주촌동,경상사고,0,0,2,0,차대차 - 측면충돌,중앙선침범,건조,맑음,단일로 - 기타,화물,남,56세,상해없음,승용,남,18세,경상
2018030200100292,2018년 3월 2일 14시,금요일,대전광역시 서구 둔산동,경상사고,0,0,3,1,차대차 - 기타,안전거리미확보,건조,맑음,단일로 - 기타,승용,남,37세,부상신고,승용,남,40세,경상
2018030200100339,2018년 3월 2일 15시,금요일,대전광역시 중구 태평동,사망사고,1,0,0,0,차대사람 - 횡단중,안전운전불이행,건조,맑음,교차로 - 교차로안,승용,남,57세,상해없음,보행자,여,75세,사망
2018030200100340,2018년 3월 2일 15시,금요일,대전광역시 동구 대성동,경상사고,0,0,3,0,차대차 - 측면충돌,안전거리미확보,건조,맑음,단일로 - 기타,화물,남,23세,상해없음,승용,남,35세,경상
2018030200100341,2018년 3월 2일 15시,금요일,대전광역시 유성구 전민동,경상사고,0,0,1,0,차대사람 - 기타,보행자보호의무위반,건조,맑음,교차로 - 교차로횡단보도내,승용,여,54세,상해없음,보행자,남,13세,경상
2018030200100342,2018년 3월 2일 15시,금요일,대전광역시 유성구 노은동,경상사고,0,0,4,0,차대차 - 추돌,안전거리미확보,건조,맑음,단일로 - 기타,승용,남,57세,상해없음,승용,남,31세,경상
2018030200100386,2018년 3월 2일 16시,금요일,대전광역시 대덕구 읍내동,경상사고,0,0,3,0,차대차 - 측면충돌,교차로운행방법위반,건조,맑음,교차로 - 교차로안,승용,남,61세,상해없음,화물,남,35세,경상
2018030200100387,2018년 3월 2일 16시,금요일,대전광역시 유성구 지족동,경상사고,0,0,1,0,차대차 - 측면충돌,안전운전불이행,건조,맑음,단일로 - 기타,승용,남,51세,상해없음,승용,여,36세,경상
2018030200100427,2018년 3월 2일 17시,금요일,대전광역시 동구 삼성동,경상사고,0,0,1,0,차대차 - 추돌,안전운전불이행,건조,맑음,교차로 - 교차로안,승용,남,61세,기타불명,승용,남,55세,상해없음
2018030200100428,2018년 3월 2일 17시,금요일,대전광역시 서구 복수동,경상사고,0,0,1,0,차대사람 - 차도통행중,안전운전불이행,건조,맑음,단일로 - 기타,승용,남,58세,상해없음,보행자,남,5세,경상
2018030200100429,2018년 3월 2일 17시,금요일,대전광역시 대덕구 신대동,경상사고,0,0,5,0,차대차 - 추돌,안전운전불이행,건조,맑음,단일로 - 교량,승용,여,44세,상해없음,화물,남,42세,경상
2018030200100430,2018년 3월 2일 17시,금요일,대전광역시 대덕구 대화동,경상사고,0,0,1,0,차대차 - 측면충돌,안전운전불이행,건조,맑음,단일로 - 기타,승용,남,51세,상해없음,승용,여,34세,경상
2018030200100431,2018년 3월 2일 17시,금요일,대전광역시 서구 둔산동,중상사고,0,1,0,0,차대사람 - 기타,안전운전불이행,건조,맑음,교차로 - 교차로안,승용,여,28세,상해없음,보행자,여,47세,중상
2018030200100432,2018년 3월 2일 17시,금요일,대전광역시 서구 둔산동,경상사고,0,0,1,0,차대차 - 기타,안전거리미확보,건조,맑음,단일로 - 기타,승용,남,64세,상해없음,승용,남,28세,경상
2018030200100469,2018년 3월 2일 18시,금요일,대전광역시 동구 신흥동,중상사고,0,1,0,0,차대사람 - 기타,안전운전불이행,건조,맑음,교차로 - 교차로안,승용,남,40세,상해없음,보행자,여,62세,중상
2018030200100470,2018년 3월 2일 18시,금요일,대전광역시 유성구 구암동,중상사고,0,1,0,0,차대차 - 측면충돌,교차로운행방법위반,건조,맑음,교차로 - 교차로부근,승용,여,62세,기타불명,승용,여,28세,중상
2018030200100471,2018년 3월 2일 18시,금요일,대전광역시 유성구 원내동,경상사고,0,0,1,0,차대차 - 추돌,안전운전불이행,건조,맑음,단일로 - 기타,승용,남,70세,상해없음,승용,남,52세,경상
2018030200100472,2018년 3월 2일 18시,금요일,대전광역시 서구 도안동,경상사고,0,0,1,0,차대차 - 후진중충돌,안전운전불이행,건조,맑음,단일로 - 기타,승용,여,64세,상해없음,승용,여,54세,경상
2018030200100589,2018년 3월 2일 22시,금요일,대전광역시 중구 대흥동,경상사고,0,0,3,0,차대차 - 측면충돌,중앙선침범,건조,맑음,기타 - 기타,승용,남,24세,상해없음,승용,남,52세,경상
2018030200100590,2018년 3월 2일 22시,금요일,대전광역시 동구 가오동,경상사고,0,0,3,0,차대차 - 추돌,안전운전불이행,건조,맑음,단일로 - 기타,승용,남,59세,상해없음,승용,여,31세,경상
2018030300100046,2018년 3월 3일 03시,토요일,대전광역시 서구 관저동,중상사고,0,1,0,0,차대차 - 측면충돌,신호위반,건조,맑음,교차로 - 교차로부근,승용,남,64세,상해없음,승용,남,62세,중상
2018030300100047,2018년 3월 3일 03시,토요일,대전광역시 유성구 봉명동,부상신고사고,0,0,0,1,차대차 - 추돌,안전운전불이행,건조,맑음,단일로 - 기타,기타불명,기타불명,미분류,기타불명,승용,남,32세,부상신고
2018030300100056,2018년 3월 3일 04시,토요일,대전광역시 유성구 봉명동,경상사고,0,0,1,0,차대차 - 측면충돌,교차로운행방법위반,건조,맑음,교차로 - 교차로안,원동기,남,38세,경상,승용,남,57세,상해없음
2018030300100075,2018년 3월 3일 06시,토요일,대전광역시 유성구 봉명동,중상사고,0,2,0,0,차대차 - 측면충돌,안전거리미확보,건조,맑음,단일로 - 기타,승용,남,29세,상해없음,승용,남,64세,중상
2018030300100142,2018년 3월 3일 10시,토요일,대전광역시 중구 사정동,경상사고,0,0,2,0,차대차 - 기타,안전운전불이행,건조,맑음,교차로 - 교차로안,승용,남,74세,상해없음,승용,남,60세,경상
2018030300100143,2018년 3월 3일 10시,토요일,대전광역시 대덕구 비래동,경상사고,0,0,1,0,차대차 - 기타,안전운전불이행,건조,맑음,단일로 - 기타,승용,여,62세,상해없음,승용,여,57세,경상
2018030300100170,2018년 3월 3일 11시,토요일,대전광역시 중구 오류동,경상사고,0,0,4,0,차대차 - 기타,중앙선침범,건조,맑음,교차로 - 교차로부근,승용,여,53세,상해없음,승용,남,35세,경상
2018030300100171,2018년 3월 3일 11시,토요일,대전광역시 동구 용운동,경상사고,0,0,1,0,차대차 - 측면충돌,신호위반,건조,맑음,교차로 - 교차로안,승용,남,62세,상해없음,승용,남,29세,상해없음
2018030300100195,2018년 3월 3일 12시,토요일,대전광역시 대덕구 비래동,경상사고,0,0,2,1,차대차 - 추돌,안전운전불이행,건조,맑음,단일로 - 기타,특수,남,42세,상해없음,승용,남,32세,경상
2018030300100225,2018년 3월 3일 13시,토요일,대전광역시 동구 신상동,중상사고,0,1,0,0,차대차 - 측면충돌,안전운전불이행,건조,맑음,단일로 - 기타,승용,남,46세,상해없음,원동기,남,41세,중상
2018030300100253,2018년 3월 3일 14시,토요일,대전광역시 유성구 구암동,경상사고,0,0,3,0,차대차 - 측면충돌,안전운전불이행,건조,맑음,교차로 - 교차로안,승용,여,64세,상해없음,승용,남,56세,경상
2018030300100283,2018년 3월 3일 15시,토요일,대전광역시 서구 둔산동,부상신고사고,0,0,0,2,차대차 - 기타,안전거리미확보,건조,맑음,교차로 - 교차로부근,승합,남,36세,상해없음,승용,남,51세,부상신고
2018030300100284,2018년 3월 3일 15시,토요일,대전광역시 유성구 봉명동,경상사고,0,0,3,0,차대차 - 정면충돌,신호위반,건조,맑음,교차로 - 교차로안,승용,남,55세,상해없음,승용,남,60세,경상
2018030300100311,2018년 3월 3일 16시,토요일,대전광역시 중구 태평동,경상사고,0,0,1,0,차대차 - 측면충돌,안전운전불이행,건조,맑음,단일로 - 기타,승용,남,43세,상해없음,자전거,남,55세,경상
2018030300100312,2018년 3월 3일 16시,토요일,대전광역시 대덕구 덕암동,사망사고,1,0,0,0,차대사람 - 횡단중,과속,건조,맑음,단일로 - 기타,승용,여,19세,상해없음,보행자,여,75세,사망
2018030300100343,2018년 3월 3일 17시,토요일,대전광역시 중구 은행동,경상사고,0,0,1,0,차대사람 - 기타,기타,건조,맑음,단일로 - 기타,승합,남,59세,상해없음,보행자,여,49세,경상
2018030300100377,2018년 3월 3일 18시,토요일,대전광역시 동구 중동,경상사고,0,0,1,0,차대차 - 측면충돌,안전거리미확보,건조,맑음,교차로 - 교차로안,승용,남,60세,상해없음,원동기,남,39세,경상
2018030300100378,2018년 3월 3일 18시,토요일,대전광역시 유성구 지족동,중상사고,0,1,0,0,차대차 - 측면충돌,중앙선침범,건조,맑음,단일로 - 기타,승용,여,41세,상해없음,이륜,남,25세,중상
2018030300100436,2018년 3월 3일 20시,토요일,대전광역시 중구 문화동,경상사고,0,0,3,0,차대차 - 측면충돌,교차로운행방법위반,건조,맑음,교차로 - 교차로안,승용,남,32세,경상,승용,여,45세,경상
2018030300100437,2018년 3월 3일 20시,토요일,대전광역시 서구 도마동,중상사고,0,1,0,0,차대사람 - 기타,안전운전불이행,건조,맑음,단일로 - 기타,승용,남,70세,기타불명,보행자,남,59세,중상
2018030300100438,2018년 3월 3일 20시,토요일,대전광역시 서구 둔산동,경상사고,0,0,2,0,차대차 - 추돌,안전운전불이행,건조,맑음,단일로 - 기타,승용,남,27세,상해없음,승용,남,26세,경상
2018030300100481,2018년 3월 3일 22시,토요일,대전광역시 서구 변동,경상사고,0,0,1,0,차대차 - 추돌,안전거리미확보,건조,맑음,단일로 - 기타,승용,남,42세,상해없음,승합,남,57세,경상
2018030400100032,2018년 3월 4일 01시,일요일,대전광역시 중구 산성동,경상사고,0,0,2,0,차대차 - 추돌,안전운전불이행,건조,맑음,교차로 - 교차로부근,승용,남,66세,상해없음,승용,남,55세,경상
2018030400100033,2018년 3월 4일 01시,일요일,대전광역시 서구 변동,중상사고,0,1,0,0,차량단독 - 기타,안전운전불이행,건조,맑음,교차로 - 교차로안,이륜,남,23세,중상,,,,
2018030400100045,2018년 3월 4일 02시,일요일,대전광역시 중구 오류동,경상사고,0,0,1,0,차대차 - 측면충돌,안전운전불이행,건조,맑음,단일로 - 기타,승용,여,35세,상해없음,승용,여,28세,경상
2018030400100056,2018년 3월 4일 03시,일요일,대전광역시 중구 유천동,경상사고,0,0,2,0,차대차 - 측면충돌,차로위반,건조,맑음,단일로 - 기타,승용,남,65세,상해없음,승용,여,61세,경상
2018030400100111,2018년 3월 4일 08시,일요일,대전광역시 동구 용운동,중상사고,0,1,0,0,차대사람 - 횡단중,보행자보호의무위반,건조,맑음,단일로 - 기타,화물,남,37세,상해없음,보행자,여,66세,중상
2018030400100112,2018년 3월 4일 08시,일요일,대전광역시 동구 용운동,중상사고,0,1,0,0,차대사람 - 기타,안전운전불이행,건조,맑음,단일로 - 기타,승용,남,54세,상해없음,보행자,여,66세,중상
2018030400100125,2018년 3월 4일 09시,일요일,대전광역시 대덕구 석봉동,경상사고,0,0,1,0,차대차 - 추돌,안전운전불이행,건조,맑음,교차로 - 교차로부근,승용,여,59세,상해없음,승용,남,62세,경상
2018030400100192,2018년 3월 4일 13시,일요일,대전광역시 대덕구 오정동,중상사고,0,1,0,0,차대차 - 기타,안전운전불이행,건조,맑음,단일로 - 기타,승용,여,33세,상해없음,승용,남,37세,중상
2018030400100237,2018년 3월 4일 15시,일요일,대전광역시 동구 가양동,경상사고,0,0,1,0,차대사람 - 길가장자리구역통행중,안전운전불이행,건조,맑음,단일로 - 기타,승용,남,43세,상해없음,보행자,남,44세,경상
2018030400100256,2018년 3월 4일 16시,일요일,대전광역시 동구 삼성동,경상사고,0,0,3,0,차대차 - 추돌,안전거리미확보,건조,맑음,교차로 - 교차로부근,승용,여,43세,상해없음,승용,남,20세,경상
2018030400100321,2018년 3월 4일 19시,일요일,대전광역시 중구 유천동,경상사고,0,0,1,0,차대사람 - 기타,안전운전불이행,건조,맑음,단일로 - 기타,승용,여,43세,상해없음,보행자,남,81세,경상
2018030400100354,2018년 3월 4일 20시,일요일,대전광역시 중구 용두동,중상사고,0,2,0,0,차대차 - 측면충돌,중앙선침범,젖음/습기,비,단일로 - 기타,화물,여,44세,상해없음,승용,남,27세,중상
2018030400100355,2018년 3월 4일 20시,일요일,대전광역시 동구 가양동,경상사고,0,0,1,0,차대사람 - 횡단중,보행자보호의무위반,젖음/습기,비,단일로 - 기타,승용,남,79세,상해없음,보행자,여,18세,경상
2018030400100356,2018년 3월 4일 20시,일요일,대전광역시 서구 월평동,경상사고,0,0,1,0,차대사람 - 횡단중,보행자보호의무위반,젖음/습기,흐림,교차로 - 교차로횡단보도내,승용,남,28세,상해없음,보행자,남,35세,경상
2018030400100392,2018년 3월 4일 21시,일요일,대전광역시 동구 대동,경상사고,0,0,1,0,차대차 - 추돌,안전운전불이행,젖음/습기,비,단일로 - 기타,승용,남,63세,상해없음,승용,여,32세,경상
2018030500100064,2018년 3월 5일 05시,월요일,대전광역시 유성구 반석동,중상사고,0,1,1,0,차대차 - 기타,안전운전불이행,건조,맑음,교차로 - 교차로안,승용,남,41세,경상,승용,여,60세,중상
2018030500100141,2018년 3월 5일 08시,월요일,대전광역시 중구 대흥동,경상사고,0,0,1,0,차대차 - 측면충돌,안전운전불이행,젖음/습기,비,단일로 - 기타,승용,남,75세,상해없음,승용,여,33세,경상
2018030500100142,2018년 3월 5일 08시,월요일,대전광역시 유성구 지족동,경상사고,0,0,2,0,차대차 - 기타,안전거리미확보,젖음/습기,비,단일로 - 기타,승용,여,33세,경상,승용,남,36세,경상
2018030500100166,2018년 3월 5일 09시,월요일,대전광역시 중구 유천동,경상사고,0,0,1,0,차대차 - 측면충돌,안전운전불이행,건조,맑음,교차로 - 교차로안,승용,남,59세,상해없음,승용,남,28세,경상
2018030500100167,2018년 3월 5일 09시,월요일,대전광역시 유성구 송강동,경상사고,0,0,1,0,차대차 - 기타,신호위반,젖음/습기,비,교차로 - 교차로안,승용,남,50세,상해없음,승용,남,53세,경상
2018030500100184,2018년 3월 5일 10시,월요일,대전광역시 서구 도안동,경상사고,0,0,1,0,차대차 - 측면충돌,안전운전불이행,건조,맑음,단일로 - 기타,승용,여,46세,상해없음,승합,남,31세,경상
2018030500100213,2018년 3월 5일 11시,월요일,대전광역시 동구 삼성동,경상사고,0,0,1,0,차대차 - 측면충돌,안전운전불이행,젖음/습기,비,교차로 - 교차로부근,승용,남,70세,상해없음,승용,여,65세,경상
2018030500100214,2018년 3월 5일 11시,월요일,대전광역시 서구 둔산동,경상사고,0,0,1,0,차대차 - 기타,안전운전불이행,젖음/습기,비,교차로 - 교차로부근,승용,남,28세,상해없음,승용,남,31세,경상
2018030500100215,2018년 3월 5일 11시,월요일,대전광역시 서구 만년동,경상사고,0,0,1,0,차대차 - 기타,안전운전불이행,젖음/습기,맑음,단일로 - 기타,화물,여,43세,상해없음,승용,남,30세,경상
2018030500100241,2018년 3월 5일 12시,월요일,대전광역시 유성구 자운동,경상사고,0,0,2,0,차대차 - 기타,신호위반,건조,맑음,교차로 - 교차로안,화물,남,37세,상해없음,화물,남,43세,경상
2018030500100305,2018년 3월 5일 14시,월요일,대전광역시 서구 탄방동,경상사고,0,0,1,0,차대차 - 후진중충돌,안전운전불이행,건조,맑음,단일로 - 기타,화물,남,56세,상해없음,화물,남,30세,경상
2018030500100306,2018년 3월 5일 14시,월요일,대전광역시 유성구 용계동,경상사고,0,0,1,0,차대차 - 기타,신호위반,건조,맑음,교차로 - 교차로안,승용,남,56세,상해없음,승용,여,54세,경상
2018030500100332,2018년 3월 5일 15시,월요일,대전광역시 중구 문화동,경상사고,0,0,1,0,차대사람 - 기타,기타,건조,맑음,단일로 - 기타,승합,남,55세,상해없음,보행자,여,64세,경상
2018030500100333,2018년 3월 5일 15시,월요일,대전광역시 동구 인동,경상사고,0,0,1,0,차대차 - 측면충돌,교차로운행방법위반,건조,맑음,교차로 - 교차로안,승용,남,47세,상해없음,승용,남,57세,경상
2018030500100416,2018년 3월 5일 18시,월요일,대전광역시 중구 유천동,경상사고,0,0,1,0,차대사람 - 횡단중,안전운전불이행,건조,맑음,교차로 - 교차로안,화물,남,58세,상해없음,보행자,여,54세,경상
2018030500100417,2018년 3월 5일 18시,월요일,대전광역시 서구 둔산동,중상사고,0,1,7,0,차대차 - 기타,안전거리미확보,건조,맑음,단일로 - 기타,승용,남,53세,상해없음,승합,남,49세,경상
2018030500100418,2018년 3월 5일 18시,월요일,대전광역시 유성구 관평동,경상사고,0,0,1,0,차대차 - 기타,안전거리미확보,건조,맑음,단일로 - 기타,승용,남,32세,상해없음,승용,남,30세,경상
2018030500100456,2018년 3월 5일 19시,월요일,대전광역시 동구 성남동,중상사고,0,1,2,0,차대차 - 추돌,안전운전불이행,건조,맑음,교차로 - 교차로부근,승용,남,65세,상해없음,승용,여,32세,경상
2018030500100480,2018년 3월 5일 20시,월요일,대전광역시 서구 월평동,경상사고,0,0,10,0,차대차 - 정면충돌,신호위반,건조,맑음,교차로 - 교차로안,승용,여,23세,상해없음,승합,남,62세,경상
2018030500100528,2018년 3월 5일 22시,월요일,대전광역시 중구 호동,중상사고,0,1,0,0,차대사람 - 차도통행중,안전운전불이행,건조,맑음,단일로 - 기타,승용,여,39세,상해없음,보행자,남,51세,중상
2018030500100529,2018년 3월 5일 22시,월요일,대전광역시 서구 둔산동,경상사고,0,0,1,0,차대차 - 후진중충돌,불법유턴,젖음/습기,흐림,교차로 - 교차로안,승용,남,24세,상해없음,승용,여,35세,경상
2018030600100025,2018년 3월 6일 01시,화요일,대전광역시 서구 용문동,경상사고,0,0,1,0,차대차 - 측면충돌,신호위반,건조,맑음,교차로 - 교차로안,승용,남,41세,상해없음,승용,여,54세,경상
2018030600100070,2018년 3월 6일 06시,화요일,대전광역시 중구 목동,중상사고,0,1,0,0,차대사람 - 횡단중,안전운전불이행,건조,맑음,단일로 - 기타,승용,남,66세,상해없음,보행자,여,71세,중상
2018030600100091,2018년 3월 6일 07시,화요일,대전광역시 동구 가양동,경상사고,0,0,1,0,차대차 - 기타,안전운전불이행,건조,맑음,단일로 - 기타,승용,여,25세,상해없음,자전거,여,56세,경상
2018030600100092,2018년 3월 6일 07시,화요일,대전광역시 유성구 장대동,경상사고,0,0,1,0,차대차 - 측면충돌,안전운전불이행,건조,맑음,교차로 - 교차로안,승합,남,61세,상해없음,특수,남,35세,경상
2018030600100128,2018년 3월 6일 08시,화요일,대전광역시 중구 대흥동,경상사고,0,0,1,0,차대차 - 측면충돌,신호위반,건조,맑음,교차로 - 교차로안,승용,여,46세,상해없음,승용,여,41세,경상
2018030600100129,2018년 3월 6일 08시,화요일,대전광역시 유성구 구성동,경상사고,0,0,6,8,차대차 - 추돌,안전운전불이행,건조,맑음,단일로 - 기타,승용,남,48세,상해없음,승합,남,57세,경상
2018030600100159,2018년 3월 6일 09시,화요일,대전광역시 중구 선화동,중상사고,0,1,0,0,차대차 - 측면충돌,중앙선침범,건조,맑음,단일로 - 기타,승합,남,58세,상해없음,자전거,남,66세,중상
2018030600100179,2018년 3월 6일 10시,화요일,대전광역시 서구 월평동,중상사고,0,1,0,0,차대차 - 측면충돌,안전거리미확보,건조,맑음,단일로 - 기타,건설기계,남,57세,상해없음,건설기계,남,55세,중상
2018030600100221,2018년 3월 6일 12시,화요일,대전광역시 서구 도마동,경상사고,0,0,1,0,차대사람 - 길가장자리구역통행중,안전운전불이행,건조,맑음,단일로 - 기타,기타불명,기타불명,미분류,기타불명,보행자,여,20세,경상
2018030600100249,2018년 3월 6일 13시,화요일,대전광역시 서구 도마동,경상사고,0,0,1,0,차대사람 - 차도통행중,안전운전불이행,건조,맑음,단일로 - 기타,승용,여,46세,상해없음,보행자,남,72세,경상
2018030600100250,2018년 3월 6일 13시,화요일,대전광역시 서구 가수원동,중상사고,0,1,0,0,차대차 - 측면충돌,교차로운행방법위반,건조,맑음,교차로 - 교차로안,자전거,남,79세,중상,건설기계,남,50세,상해없음
2018030600100301,2018년 3월 6일 15시,화요일,대전광역시 동구 상소동,경상사고,0,0,8,2,차대차 - 정면충돌,중앙선침범,건조,맑음,단일로 - 기타,승용,여,43세,경상,승합,남,45세,경상
2018030600100302,2018년 3월 6일 15시,화요일,대전광역시 서구 내동,경상사고,0,0,1,0,차대차 - 추돌,안전운전불이행,건조,맑음,단일로 - 기타,승용,남,41세,상해없음,승용,남,49세,경상
2018030600100369,2018년 3월 6일 17시,화요일,대전광역시 중구 대흥동,경상사고,0,0,1,0,차대사람 - 기타,안전운전불이행,건조,맑음,단일로 - 기타,승용,남,64세,상해없음,보행자,남,72세,경상
2018030600100370,2018년 3월 6일 17시,화요일,대전광역시 중구 대흥동,경상사고,0,0,3,0,차대차 - 측면충돌,신호위반,건조,맑음,교차로 - 교차로안,승용,남,58세,상해없음,승용,여,43세,경상
2018030600100407,2018년 3월 6일 18시,화요일,대전광역시 동구 정동,경상사고,0,0,1,0,차대사람 - 길가장자리구역통행중,안전운전불이행,건조,맑음,교차로 - 교차로부근,승용,남,28세,상해없음,보행자,남,49세,경상
2018030600100408,2018년 3월 6일 18시,화요일,대전광역시 동구 가오동,경상사고,0,0,1,0,차대차 - 정면충돌,안전운전불이행,건조,맑음,교차로 - 교차로안,이륜,남,19세,상해없음,승용,여,31세,경상
2018030600100445,2018년 3월 6일 19시,화요일,대전광역시 대덕구 읍내동,경상사고,0,0,2,0,차대차 - 추돌,안전거리미확보,건조,맑음,단일로 - 기타,화물,남,60세,상해없음,승용,남,26세,경상
2018030600100446,2018년 3월 6일 19시,화요일,대전광역시 대덕구 오정동,경상사고,0,0,1,0,차대차 - 기타,안전운전불이행,건조,맑음,교차로 - 교차로안,승용,남,44세,상해없음,승용,남,26세,경상
2018030600100487,2018년 3월 6일 21시,화요일,대전광역시 동구 낭월동,경상사고,0,0,1,0,차대차 - 측면충돌,안전운전불이행,건조,맑음,교차로 - 교차로횡단보도내,승용,남,50세,상해없음,승용,여,44세,경상
2018030700100037,2018년 3월 7일 02시,수요일,대전광역시 대덕구 중리동,중상사고,0,1,0,0,차대사람 - 기타,안전운전불이행,건조,맑음,교차로 - 교차로안,승용,남,49세,상해없음,보행자,남,39세,중상
2018030700100042,2018년 3월 7일 03시,수요일,대전광역시 동구 인동,경상사고,0,0,1,0,차대차 - 측면충돌,안전운전불이행,건조,맑음,교차로 - 교차로안,승용,남,60세,기타불명,승용,남,50세,경상
2018030700100163,2018년 3월 7일 10시,수요일,대전광역시 동구 가양동,경상사고,0,0,2,0,차대차 - 측면충돌,직진우회전진행방해,건조,맑음,교차로 - 교차로안,승용,여,54세,경상,승용,남,27세,경상