사고번호,사고일시,요일,시군구,사고내용,사망자수,중상자수,경상자수,부상신고자수,사고유형,법규위반,노면상태,기상상태,도로형태,가해운전자 차종,가해운전자 성별,가해운전자 연령,가해운전자 상해정도,피해운전자 차종,피해운전자 성별,피해운전자 연령,피해운전자 상해정도
2018031900100578,2018년 3월 19일 23시,월요일,대전광역시 유성구 봉명동,중상사고,0,1,0,0,차대차 - 측면충돌,신호위반,건조,맑음,교차로 - 교차로안,승용,남,33세,상해없음,승용,남,60세,중상
2018032000100024,2018년 3월 20일 02시,화요일,대전광역시 서구 둔산동,경상사고,0,0,1,0,차대사람 - 길가장자리구역통행중,안전운전불이행,건조,맑음,단일로 - 기타,승용,남,56세,상해없음,보행자,여,18세,경상
2018032000100025,2018년 3월 20일 02시,화요일,대전광역시 유성구 궁동,경상사고,0,0,1,0,차대사람 - 길가장자리구역통행중,안전운전불이행,건조,흐림,단일로 - 기타,승용,남,29세,상해없음,보행자,여,20세,경상
2018032000100086,2018년 3월 20일 07시,화요일,대전광역시 유성구 봉산동,경상사고,0,0,2,0,차대차 - 추돌,안전거리미확보,건조,맑음,단일로 - 기타,승용,남,35세,상해없음,승용,남,32세,경상
2018032000100128,2018년 3월 20일 08시,화요일,대전광역시 서구 둔산동,경상사고,0,0,1,0,차대차 - 기타,안전운전불이행,건조,맑음,단일로 - 기타,승용,남,21세,상해없음,승용,여,39세,경상
2018032000100154,2018년 3월 20일 09시,화요일,대전광역시 유성구 송강동,경상사고,0,0,2,0,차대차 - 추돌,중앙선침범,건조,맑음,단일로 - 기타,화물,여,75세,상해없음,승용,남,42세,경상
2018032000100216,2018년 3월 20일 11시,화요일,대전광역시 서구 둔산동,경상사고,0,0,2,0,차대차 - 측면충돌,신호위반,건조,맑음,교차로 - 교차로안,화물,남,70세,상해없음,승용,여,46세,경상
2018032000100217,2018년 3월 20일 11시,화요일,대전광역시 유성구 탑립동,경상사고,0,0,1,0,차대차 - 추돌,안전거리미확보,건조,맑음,교차로 - 교차로부근,화물,남,61세,상해없음,승용,여,50세,경상
2018032000100246,2018년 3월 20일 12시,화요일,대전광역시 서구 변동,경상사고,0,0,1,0,차대차 - 측면충돌,신호위반,건조,맑음,교차로 - 교차로안,승용,여,61세,상해없음,승용,남,37세,경상
2018032000100324,2018년 3월 20일 15시,화요일,대전광역시 서구 정림동,경상사고,0,0,1,0,차대차 - 기타,교차로운행방법위반,건조,맑음,교차로 - 교차로안,화물,남,62세,상해없음,이륜,남,46세,경상
2018032000100325,2018년 3월 20일 15시,화요일,대전광역시 유성구 관평동,경상사고,0,0,3,0,차대차 - 추돌,교차로운행방법위반,건조,맑음,교차로 - 교차로안,승합,남,40세,상해없음,승용,남,62세,경상
2018032000100431,2018년 3월 20일 18시,화요일,대전광역시 중구 선화동,경상사고,0,0,1,0,차대차 - 기타,안전운전불이행,건조,맑음,교차로 - 교차로안,원동기,남,21세,경상,승용,남,27세,상해없음
2018032000100432,2018년 3월 20일 18시,화요일,대전광역시 유성구 원촌동,경상사고,0,0,2,0,차대차 - 추돌,안전거리미확보,건조,맑음,단일로 - 기타,승용,여,56세,경상,승용,여,28세,상해없음
2018032000100497,2018년 3월 20일 20시,화요일,대전광역시 유성구 원내동,중상사고,0,5,1,0,차대차 - 측면충돌,신호위반,건조,맑음,교차로 - 교차로안,화물,남,25세,상해없음,승합,남,33세,중상
2018032000100498,2018년 3월 20일 20시,화요일,대전광역시 유성구 덕명동,경상사고,0,0,1,0,차대차 - 측면충돌,신호위반,건조,맑음,교차로 - 교차로안,승용,남,25세,상해없음,승용,남,43세,경상
2018032000100533,2018년 3월 20일 21시,화요일,대전광역시 동구 가양동,중상사고,0,1,0,0,차대차 - 측면충돌,신호위반,건조,맑음,교차로 - 교차로안,승용,여,45세,상해없음,원동기,남,42세,중상
2018032000100557,2018년 3월 20일 22시,화요일,대전광역시 동구 정동,중상사고,0,1,0,0,차대사람 - 횡단중,안전운전불이행,건조,맑음,단일로 - 기타,승용,남,49세,상해없음,보행자,남,70세,중상
2018032000100558,2018년 3월 20일 22시,화요일,대전광역시 동구 대동,경상사고,0,0,1,0,차대사람 - 횡단중,보행자보호의무위반,건조,맑음,단일로 - 기타,기타불명,기타불명,미분류,기타불명,보행자,여,20세,경상
2018032000100559,2018년 3월 20일 22시,화요일,대전광역시 서구 괴정동,경상사고,0,0,2,0,차대차 - 후진중충돌,안전운전불이행,건조,맑음,교차로 - 교차로부근,승용,여,47세,상해없음,승용,남,22세,경상
2018032100100133,2018년 3월 21일 08시,수요일,대전광역시 중구 오류동,경상사고,0,0,1,0,차대차 - 측면충돌,안전거리미확보,젖음/습기,눈,단일로 - 기타,승용,여,33세,상해없음,승용,여,34세,경상
2018032100100134,2018년 3월 21일 08시,수요일,대전광역시 유성구 장대동,경상사고,0,0,3,0,차대차 - 측면충돌,교차로운행방법위반,건조,맑음,교차로 - 교차로안,승용,여,41세,상해없음,승용,남,29세,경상
2018032100100135,2018년 3월 21일 08시,수요일,대전광역시 유성구 구암동,경상사고,0,0,4,0,차대차 - 측면충돌,교차로운행방법위반,건조,맑음,교차로 - 교차로안,승용,여,25세,경상,승용,여,30세,경상
2018032100100182,2018년 3월 21일 10시,수요일,대전광역시 유성구 봉명동,경상사고,0,0,1,0,차대차 - 측면충돌,안전운전불이행,건조,맑음,단일로 - 기타,승용,남,64세,상해없음,승용,여,53세,경상
2018032100100244,2018년 3월 21일 13시,수요일,대전광역시 서구 갈마동,경상사고,0,0,1,0,차대차 - 기타,안전운전불이행,젖음/습기,눈,교차로 - 교차로안,화물,남,56세,상해없음,이륜,남,24세,경상
2018032100100275,2018년 3월 21일 14시,수요일,대전광역시 동구 대동,경상사고,0,0,2,0,차대차 - 측면충돌,신호위반,젖음/습기,비,교차로 - 교차로안,승합,남,45세,상해없음,승용,남,42세,경상
2018032100100276,2018년 3월 21일 14시,수요일,대전광역시 대덕구 신탄진동,경상사고,0,0,1,0,차대차 - 추돌,안전거리미확보,젖음/습기,비,단일로 - 교량,화물,남,54세,상해없음,승용,여,24세,경상
2018032100100294,2018년 3월 21일 15시,수요일,대전광역시 동구 대별동,사망사고,1,1,2,0,차량단독 - 기타,안전운전불이행,젖음/습기,비,단일로 - 기타,승용,남,47세,경상,,,,
2018032100100340,2018년 3월 21일 16시,수요일,대전광역시 유성구 계산동,경상사고,0,0,1,0,차대차 - 추돌,안전운전불이행,건조,맑음,기타 - 기타,승용,여,60세,상해없음,승용,여,35세,경상
2018032100100341,2018년 3월 21일 16시,수요일,대전광역시 유성구 반석동,경상사고,0,0,1,0,차대차 - 추돌,안전운전불이행,건조,맑음,교차로 - 교차로부근,승용,여,49세,상해없음,승용,여,43세,상해없음
2018032100100405,2018년 3월 21일 18시,수요일,대전광역시 중구 대사동,경상사고,0,0,2,0,차대차 - 추돌,안전운전불이행,젖음/습기,비,단일로 - 기타,승용,여,47세,상해없음,승용,남,49세,경상
2018032100100406,2018년 3월 21일 18시,수요일,대전광역시 유성구 어은동,중상사고,0,1,0,0,차대사람 - 길가장자리구역통행중,안전운전불이행,건조,맑음,교차로 - 교차로부근,화물,남,61세,상해없음,보행자,여,63세,중상
2018032100100407,2018년 3월 21일 18시,수요일,대전광역시 유성구 구암동,경상사고,0,0,1,0,차대차 - 추돌,안전운전불이행,젖음/습기,비,교차로 - 교차로부근,승용,남,40세,상해없음,승용,남,30세,경상
2018032100100456,2018년 3월 21일 19시,수요일,대전광역시 서구 갈마동,경상사고,0,0,1,0,차대차 - 기타,교차로운행방법위반,젖음/습기,눈,교차로 - 교차로안,승용,남,47세,상해없음,승합,남,48세,상해없음
2018032100100517,2018년 3월 21일 21시,수요일,대전광역시 서구 월평동,경상사고,0,0,1,0,차대차 - 측면충돌,안전운전불이행,젖음/습기,흐림,교차로 - 교차로안,승용,여,78세,상해없음,승용,남,72세,경상
2018032100100550,2018년 3월 21일 22시,수요일,대전광역시 서구 갈마동,경상사고,0,0,1,0,차대사람 - 기타,안전운전불이행,젖음/습기,비,단일로 - 기타,승용,남,37세,상해없음,보행자,남,64세,경상
2018032100100551,2018년 3월 21일 22시,수요일,대전광역시 서구 갈마동,경상사고,0,0,2,0,차대차 - 후진중충돌,안전운전불이행,젖음/습기,비,단일로 - 기타,승용,남,55세,상해없음,승용,남,29세,경상
2018032100100579,2018년 3월 21일 23시,수요일,대전광역시 유성구 용계동,경상사고,0,0,1,0,차대차 - 추돌,신호위반,건조,맑음,교차로 - 교차로안,승용,남,28세,상해없음,승용,남,24세,경상
2018032200100028,2018년 3월 22일 02시,목요일,대전광역시 중구 오류동,경상사고,0,0,1,0,차대차 - 추돌,안전운전불이행,젖음/습기,비,단일로 - 기타,승용,남,32세,상해없음,승용,남,24세,경상
2018032200100039,2018년 3월 22일 04시,목요일,대전광역시 서구 둔산동,경상사고,0,0,2,0,차대차 - 측면충돌,안전운전불이행,젖음/습기,흐림,단일로 - 지하차도(도로)내,승용,남,27세,상해없음,승용,남,59세,경상
2018032200100078,2018년 3월 22일 06시,목요일,대전광역시 동구 성남동,중상사고,0,1,0,0,차대차 - 측면충돌,교차로운행방법위반,건조,맑음,교차로 - 교차로안,승용,남,52세,상해없음,승용,남,59세,중상
2018032200100115,2018년 3월 22일 07시,목요일,대전광역시 중구 부사동,경상사고,0,0,1,0,차대차 - 측면충돌,안전운전불이행,건조,맑음,단일로 - 기타,승용,남,59세,상해없음,화물,남,42세,경상
2018032200100168,2018년 3월 22일 08시,목요일,대전광역시 중구 문창동,경상사고,0,0,1,0,차대사람 - 차도통행중,안전운전불이행,건조,맑음,교차로 - 교차로부근,화물,남,48세,상해없음,보행자,남,47세,경상
2018032200100169,2018년 3월 22일 08시,목요일,대전광역시 서구 둔산동,경상사고,0,0,1,0,차대차 - 측면충돌,안전운전불이행,젖음/습기,눈,단일로 - 기타,승용,여,52세,상해없음,승용,남,27세,경상
2018032200100194,2018년 3월 22일 09시,목요일,대전광역시 동구 가양동,중상사고,0,1,0,0,차대사람 - 기타,안전운전불이행,건조,맑음,단일로 - 기타,승용,여,30세,상해없음,보행자,남,61세,중상
2018032200100245,2018년 3월 22일 11시,목요일,대전광역시 중구 태평동,경상사고,0,0,1,0,차대차 - 측면충돌,신호위반,건조,맑음,교차로 - 교차로안,승용,여,29세,상해없음,승용,남,26세,경상
2018032200100246,2018년 3월 22일 11시,목요일,대전광역시 유성구 관평동,경상사고,0,0,3,0,차대차 - 추돌,안전운전불이행,건조,맑음,단일로 - 기타,승합,남,60세,상해없음,승용,남,31세,경상
2018032200100274,2018년 3월 22일 12시,목요일,대전광역시 서구 관저동,경상사고,0,0,1,0,차대사람 - 기타,안전운전불이행,건조,맑음,교차로 - 교차로부근,승용,여,38세,상해없음,보행자,여,61세,경상
2018032200100275,2018년 3월 22일 12시,목요일,대전광역시 대덕구 덕암동,경상사고,0,0,1,0,차대차 - 측면충돌,안전운전불이행,건조,맑음,단일로 - 기타,화물,남,61세,상해없음,승용,남,56세,경상
2018032200100276,2018년 3월 22일 12시,목요일,대전광역시 유성구 어은동,중상사고,0,1,0,0,차대사람 - 기타,안전운전불이행,건조,맑음,단일로 - 기타,승용,여,40세,상해없음,보행자,여,84세,중상
2018032200100329,2018년 3월 22일 14시,목요일,대전광역시 대덕구 오정동,중상사고,0,1,0,0,차대차 - 측면충돌,안전운전불이행,건조,맑음,단일로 - 기타,승용,남,52세,상해없음,이륜,남,44세,중상
2018032200100355,2018년 3월 22일 15시,목요일,대전광역시 동구 원동,경상사고,0,0,1,0,차대사람 - 기타,안전운전불이행,건조,맑음,기타 - 기타,기타불명,기타불명,미분류,기타불명,보행자,여,51세,경상
2018032200100386,2018년 3월 22일 16시,목요일,대전광역시 서구 관저동,경상사고,0,0,1,0,차대사람 - 기타,안전운전불이행,건조,맑음,교차로 - 교차로부근,승합,남,70세,상해없음,보행자,남,8세,경상
2018032200100428,2018년 3월 22일 17시,목요일,대전광역시 유성구 어은동,경상사고,0,0,1,0,차대차 - 기타,안전거리미확보,건조,맑음,교차로 - 교차로안,승용,남,32세,상해없음,승용,남,38세,경상
2018032200100454,2018년 3월 22일 18시,목요일,대전광역시 동구 비룡동,중상사고,0,1,0,0,차대차 - 추돌,안전거리미확보,건조,맑음,기타 - 기타,승용,남,25세,상해없음,특수,남,42세,상해없음
2018032200100467,2018년 3월 22일 18시,목요일,대전광역시 대덕구 읍내동,중상사고,0,1,0,0,차대차 - 추돌,안전운전불이행,건조,맑음,교차로 - 교차로부근,화물,남,38세,상해없음,승용,여,49세,중상
2018032200100468,2018년 3월 22일 18시,목요일,대전광역시 유성구 용산동,경상사고,0,0,2,0,차대차 - 추돌,안전운전불이행,건조,맑음,단일로 - 기타,승용,남,27세,상해없음,승용,여,32세,경상
2018032200100505,2018년 3월 22일 19시,목요일,대전광역시 대덕구 중리동,경상사고,0,0,2,0,차대차 - 추돌,안전거리미확보,건조,맑음,단일로 - 기타,승용,남,53세,상해없음,승용,남,66세,경상
2018032200100534,2018년 3월 22일 20시,목요일,대전광역시 중구 문화동,중상사고,0,1,0,0,차대차 - 측면충돌,안전운전불이행,건조,맑음,교차로 - 교차로안,승용,남,51세,상해없음,이륜,여,44세,중상
2018032200100584,2018년 3월 22일 22시,목요일,대전광역시 동구 성남동,경상사고,0,0,2,0,차대차 - 추돌,안전운전불이행,건조,맑음,단일로 - 기타,승용,남,35세,상해없음,승용,남,50세,경상
2018032200100608,2018년 3월 22일 23시,목요일,대전광역시 중구 유천동,경상사고,0,0,2,0,차대차 - 추돌,안전운전불이행,건조,맑음,단일로 - 기타,승용,남,65세,상해없음,승용,남,40세,경상
2018032300100037,2018년 3월 23일 04시,금요일,대전광역시 동구 가양동,중상사고,0,1,0,0,차대사람 - 횡단중,과속,건조,맑음,교차로 - 교차로횡단보도내,승용,남,33세,상해없음,보행자,남,20세,중상
2018032300100038,2018년 3월 23일 04시,금요일,대전광역시 대덕구 오정동,경상사고,0,0,1,0,차대차 - 측면충돌,안전운전불이행,건조,맑음,교차로 - 교차로안,승용,남,17세,상해없음,화물,남,38세,경상
2018032300100090,2018년 3월 23일 07시,금요일,대전광역시 유성구 노은동,중상사고,0,3,1,0,차대차 - 추돌,안전운전불이행,건조,맑음,단일로 - 기타,화물,남,64세,상해없음,승용,여,57세,중상
2018032300100133,2018년 3월 23일 08시,금요일,대전광역시 중구 용두동,경상사고,0,0,1,0,차대차 - 기타,안전운전불이행,건조,맑음,교차로 - 교차로안,승합,남,62세,상해없음,승용,여,42세,경상
2018032300100134,2018년 3월 23일 08시,금요일,대전광역시 중구 태평동,경상사고,0,0,1,0,차대차 - 측면충돌,신호위반,건조,맑음,교차로 - 교차로부근,승용,여,37세,상해없음,승용,여,32세,경상
2018032300100295,2018년 3월 23일 14시,금요일,대전광역시 동구 원동,중상사고,0,1,0,0,차대사람 - 횡단중,안전운전불이행,건조,맑음,교차로 - 교차로안,승용,남,56세,상해없음,보행자,남,72세,중상
2018032300100329,2018년 3월 23일 15시,금요일,대전광역시 대덕구 오정동,경상사고,0,0,1,0,차대차 - 추돌,안전운전불이행,건조,맑음,교차로 - 교차로부근,승용,남,31세,경상,승용,남,61세,상해없음
2018032300100330,2018년 3월 23일 15시,금요일,대전광역시 서구 탄방동,경상사고,0,0,1,0,차량단독 - 공작물충돌,안전운전불이행,건조,맑음,교차로 - 교차로안,이륜,남,31세,경상,,,,
2018032300100421,2018년 3월 23일 17시,금요일,대전광역시 대덕구 상서동,경상사고,0,0,1,0,차대차 - 추돌,안전운전불이행,건조,맑음,단일로 - 기타,승용,남,60세,상해없음,화물,남,50세,경상
2018032300100422,2018년 3월 23일 17시,금요일,대전광역시 서구 둔산동,경상사고,0,0,1,0,차대차 - 후진중충돌,안전운전불이행,건조,맑음,교차로 - 교차로부근,승용,남,71세,상해없음,승용,여,40세,경상
2018032300100459,2018년 3월 23일 18시,금요일,대전광역시 동구 판암동,경상사고,0,0,1,0,차대사람 - 횡단중,보행자보호의무위반,건조,맑음,단일로 - 기타,화물,남,58세,기타불명,보행자,남,60세,경상
2018032300100460,2018년 3월 23일 18시,금요일,대전광역시 서구 도마동,경상사고,0,0,1,0,차대사람 - 기타,안전운전불이행,건조,맑음,단일로 - 기타,승용,남,22세,상해없음,보행자,여,61세,경상
2018032300100461,2018년 3월 23일 18시,금요일,대전광역시 유성구 장대동,경상사고,0,0,1,0,차대차 - 기타,안전운전불이행,건조,맑음,단일로 - 기타,승용,남,25세,상해없음,승용,남,29세,경상
2018032300100562,2018년 3월 23일 21시,금요일,대전광역시 동구 자양동,경상사고,0,0,1,0,차대차 - 추돌,안전운전불이행,건조,맑음,단일로 - 기타,화물,남,68세,상해없음,승용,남,50세,경상
2018032300100613,2018년 3월 23일 23시,금요일,대전광역시 동구 용운동,경상사고,0,0,1,0,차대사람 - 기타,안전운전불이행,건조,맑음,단일로 - 기타,승용,여,58세,상해없음,보행자,여,20세,경상
2018032400100011,2018년 3월 24일 00시,토요일,대전광역시 대덕구 비래동,경상사고,0,0,2,0,차대차 - 기타,안전운전불이행,건조,맑음,단일로 - 기타,승용,남,38세,상해없음,승용,남,51세,경상
2018032400100030,2018년 3월 24일 01시,토요일,대전광역시 서구 도마동,경상사고,0,0,2,0,차대차 - 추돌,안전운전불이행,건조,맑음,교차로 - 교차로부근,승용,남,27세,상해없음,승용,남,63세,경상
2018032400100031,2018년 3월 24일 01시,토요일,대전광역시 유성구 송강동,경상사고,0,0,1,0,차량단독 - 전도전복 - 전도,안전운전불이행,건조,맑음,단일로 - 기타,자전거,남,46세,경상,미분류,미분류,미분류,미분류
2018032400100081,2018년 3월 24일 05시,토요일,대전광역시 유성구 원신흥동,경상사고,0,0,2,0,차대차 - 추돌,안전운전불이행,건조,맑음,교차로 - 교차로부근,승용,남,25세,상해없음,승용,남,62세,경상
2018032400100099,2018년 3월 24일 07시,토요일,대전광역시 서구 둔산동,중상사고,0,1,1,0,차대차 - 측면충돌,안전운전불이행,건조,맑음,교차로 - 교차로부근,승용,남,33세,중상,승용,남,65세,경상
2018032400100120,2018년 3월 24일 08시,토요일,대전광역시 대덕구 신탄진동,경상사고,0,0,2,0,차대차 - 기타,안전운전불이행,건조,맑음,단일로 - 교량,화물,남,48세,상해없음,승용,남,35세,경상
2018032400100162,2018년 3월 24일 10시,토요일,대전광역시 중구 오류동,경상사고,0,0,3,0,차대차 - 측면충돌,신호위반,건조,맑음,교차로 - 교차로안,승용,남,60세,상해없음,승용,남,66세,경상
2018032400100163,2018년 3월 24일 10시,토요일,대전광역시 대덕구 석봉동,중상사고,0,1,0,0,차대사람 - 기타,안전운전불이행,건조,맑음,교차로 - 교차로부근,승용,남,24세,상해없음,보행자,여,83세,중상
2018032400100164,2018년 3월 24일 10시,토요일,대전광역시 유성구 장대동,중상사고,0,1,0,0,차대사람 - 기타,안전운전불이행,건조,맑음,단일로 - 기타,화물,남,43세,상해없음,보행자,여,90세 이상,중상
2018032400100198,2018년 3월 24일 11시,토요일,대전광역시 유성구 관평동,경상사고,0,0,3,0,차대차 - 측면충돌,안전운전불이행,건조,맑음,단일로 - 기타,승용,여,41세,상해없음,승용,여,37세,상해없음
2018032400100229,2018년 3월 24일 12시,토요일,대전광역시 동구 인동,경상사고,0,0,1,0,차대사람 - 기타,안전운전불이행,건조,맑음,교차로 - 교차로부근,화물,남,51세,상해없음,보행자,남,80세,경상
2018032400100256,2018년 3월 24일 13시,토요일,대전광역시 중구 선화동,중상사고,0,1,0,0,차대차 - 측면충돌,교차로운행방법위반,건조,맑음,교차로 - 교차로안,승용,남,29세,상해없음,이륜,남,46세,중상
2018032400100321,2018년 3월 24일 15시,토요일,대전광역시 중구 선화동,경상사고,0,0,1,0,차대사람 - 차도통행중,안전운전불이행,건조,맑음,단일로 - 기타,승용,남,46세,상해없음,보행자,남,9세,경상
2018032400100354,2018년 3월 24일 16시,토요일,대전광역시 중구 문화동,경상사고,0,0,2,0,차대차 - 기타,안전운전불이행,건조,맑음,단일로 - 기타,승용,남,49세,상해없음,승용,남,45세,경상
2018032400100355,2018년 3월 24일 16시,토요일,대전광역시 동구 중동,중상사고,0,1,0,0,차대차 - 기타,안전거리미확보,건조,맑음,교차로 - 교차로안,승용,남,59세,상해없음,승합,남,42세,상해없음
2018032400100356,2018년 3월 24일 16시,토요일,대전광역시 유성구 반석동,부상신고사고,0,0,0,2,차대차 - 측면충돌,안전거리미확보,건조,맑음,단일로 - 기타,승합,남,58세,상해없음,승용,남,29세,부상신고
2018032400100383,2018년 3월 24일 17시,토요일,대전광역시 중구 문창동,경상사고,0,0,1,1,차대차 - 추돌,안전운전불이행,건조,맑음,단일로 - 기타,화물,남,61세,상해없음,승합,남,55세,경상
2018032400100384,2018년 3월 24일 17시,토요일,대전광역시 서구 탄방동,경상사고,0,0,1,0,차대차 - 측면충돌,안전운전불이행,건조,맑음,단일로 - 기타,승용,여,64세,상해없음,승용,남,35세,경상
2018032400100421,2018년 3월 24일 18시,토요일,대전광역시 대덕구 송촌동,경상사고,0,0,1,0,차대차 - 기타,안전운전불이행,건조,맑음,단일로 - 기타,승용,남,69세,상해없음,승용,남,27세,경상
2018032400100459,2018년 3월 24일 19시,토요일,대전광역시 대덕구 오정동,경상사고,0,0,4,1,차대차 - 기타,안전운전불이행,건조,맑음,단일로 - 기타,승용,남,71세,상해없음,승합,남,61세,경상
2018032400100460,2018년 3월 24일 19시,토요일,대전광역시 유성구 원내동,경상사고,0,0,1,0,차대차 - 추돌,안전거리미확보,건조,맑음,교차로 - 교차로부근,승용,남,43세,상해없음,화물,남,63세,경상
2018032400100461,2018년 3월 24일 19시,토요일,대전광역시 유성구 원신흥동,중상사고,0,1,0,0,차대차 - 측면충돌,신호위반,건조,맑음,교차로 - 교차로안,승용,남,19세,상해없음,승용,여,34세,중상
2018032400100495,2018년 3월 24일 20시,토요일,대전광역시 동구 판암동,중상사고,0,1,0,0,차대사람 - 횡단중,보행자보호의무위반,건조,맑음,단일로 - 기타,승용,남,53세,상해없음,보행자,남,63세,중상
2018032400100496,2018년 3월 24일 20시,토요일,대전광역시 유성구 봉명동,중상사고,0,1,0,0,차대차 - 추돌,신호위반,건조,맑음,교차로 - 교차로안,승용,남,43세,상해없음,이륜,남,60세,중상
2018032400100522,2018년 3월 24일 21시,토요일,대전광역시 중구 유천동,경상사고,0,0,1,0,차대사람 - 횡단중,안전운전불이행,건조,맑음,단일로 - 기타,승용,남,21세,상해없음,보행자,남,10세,경상
2018032400100523,2018년 3월 24일 21시,토요일,대전광역시 동구 인동,중상사고,0,1,0,0,차대사람 - 기타,안전운전불이행,건조,맑음,단일로 - 기타,승용,여,58세,상해없음,보행자,남,57세,중상
2018032400100551,2018년 3월 24일 23시,토요일,대전광역시 동구 대성동,경상사고,0,0,1,0,차대차 - 측면충돌,안전운전불이행,건조,맑음,단일로 - 기타,승용,남,59세,상해없음,이륜,남,24세,경상
2018032400100552,2018년 3월 24일 23시,토요일,대전광역시 서구 둔산동,경상사고,0,0,1,0,차대차 - 후진중충돌,안전운전불이행,건조,맑음,단일로 - 기타,승용,여,24세,상해없음,승용,남,54세,경상
2018032500100021,2018년 3월 25일 01시,일요일,대전광역시 대덕구 중리동,사망사고,1,0,0,0,차대사람 - 기타,안전운전불이행,건조,맑음,단일로 - 기타,승용,남,71세,상해없음,보행자,여,48세,사망
2018032500100022,2018년 3월 25일 01시,일요일,대전광역시 대덕구 중리동,경상사고,0,0,2,0,차대차 - 추돌,안전운전불이행,건조,맑음,단일로 - 기타,승용,남,28세,상해없음,승용,남,46세,상해없음
2018032500100030,2018년 3월 25일 02시,일요일,대전광역시 중구 유천동,경상사고,0,0,1,0,차대사람 - 길가장자리구역통행중,안전운전불이행,건조,맑음,단일로 - 기타,승용,남,24세,기타불명,보행자,남,29세,경상
2018032500100031,2018년 3월 25일 02시,일요일,대전광역시 동구 판암동,중상사고,0,1,0,0,차대사람 - 기타,안전운전불이행,건조,흐림,단일로 - 기타,기타불명,기타불명,미분류,기타불명,보행자,남,28세,중상
2018032500100046,2018년 3월 25일 04시,일요일,대전광역시 서구 둔산동,경상사고,0,0,2,0,차대차 - 기타,안전운전불이행,건조,맑음,단일로 - 기타,승용,남,29세,상해없음,승용,남,32세,경상
2018032500100129,2018년 3월 25일 11시,일요일,대전광역시 중구 부사동,중상사고,0,1,0,0,차대차 - 기타,안전거리미확보,건조,맑음,교차로 - 교차로부근,이륜,남,55세,중상,화물,남,50세,상해없음
2018032500100179,2018년 3월 25일 13시,일요일,대전광역시 유성구 도룡동,경상사고,0,0,1,0,차대차 - 기타,안전운전불이행,건조,맑음,교차로 - 교차로안,승합,남,60세,상해없음,승용,남,36세,경상
2018032500100239,2018년 3월 25일 15시,일요일,대전광역시 중구 대사동,경상사고,0,0,1,0,차대사람 - 차도통행중,안전운전불이행,건조,맑음,단일로 - 기타,승용,여,46세,상해없음,보행자,남,59세,경상
2018032500100352,2018년 3월 25일 19시,일요일,대전광역시 서구 갈마동,중상사고,0,1,0,0,차대차 - 측면충돌,안전운전불이행,건조,맑음,단일로 - 기타,승용,남,71세,상해없음,이륜,남,24세,중상
2018032500100379,2018년 3월 25일 20시,일요일,대전광역시 서구 월평동,경상사고,0,0,1,0,차대차 - 기타,안전운전불이행,건조,맑음,교차로 - 교차로안,승용,남,26세,상해없음,승용,여,27세,경상
2018032500100404,2018년 3월 25일 21시,일요일,대전광역시 대덕구 읍내동,중상사고,0,1,0,0,차대사람 - 기타,안전운전불이행,건조,맑음,단일로 - 기타,승용,남,53세,상해없음,보행자,남,63세,중상
2018032500100419,2018년 3월 25일 22시,일요일,대전광역시 동구 자양동,중상사고,0,1,0,0,차대차 - 측면충돌,신호위반,건조,맑음,교차로 - 교차로안,승용,남,60세,상해없음,원동기,남,37세,중상
2018032600100020,2018년 3월 26일 02시,월요일,대전광역시 유성구 관평동,경상사고,0,0,1,0,차대차 - 측면충돌,안전운전불이행,건조,맑음,교차로 - 교차로안,화물,남,50세,상해없음,승용,여,60세,경상
2018032600100030,2018년 3월 26일 04시,월요일,대전광역시 서구 갈마동,경상사고,0,0,1,0,차대차 - 추돌,안전거리미확보,건조,맑음,교차로 - 교차로부근,승용,남,27세,상해없음,승용,남,64세,경상
2018032600100111,2018년 3월 26일 08시,월요일,대전광역시 유성구 장대동,중상사고,0,1,0,0,차대차 - 측면충돌,신호위반,건조,맑음,교차로 - 교차로안,승용,남,25세,상해없음,이륜,남,76세,중상
2018032600100136,2018년 3월 26일 09시,월요일,대전광역시 유성구 신성동,중상사고,0,1,1,0,차대차 - 추돌,안전운전불이행,건조,맑음,교차로 - 교차로안,승용,남,42세,상해없음,승용,남,59세,중상
2018032600100200,2018년 3월 26일 11시,월요일,대전광역시 동구 삼괴동,경상사고,0,0,1,0,차대차 - 추돌,안전거리미확보,건조,맑음,단일로 - 기타,승용,남,54세,상해없음,승용,남,58세,경상
2018032600100230,2018년 3월 26일 12시,월요일,대전광역시 유성구 전민동,경상사고,0,0,1,0,차대사람 - 횡단중,보행자보호의무위반,건조,맑음,단일로 - 기타,승용,남,63세,상해없음,보행자,여,58세,경상
2018032600100283,2018년 3월 26일 14시,월요일,대전광역시 유성구 신성동,부상신고사고,0,0,0,1,차대사람 - 횡단중,안전운전불이행,건조,맑음,교차로 - 교차로안,승용,여,43세,상해없음,보행자,남,74세,부상신고
2018032600100314,2018년 3월 26일 15시,월요일,대전광역시 서구 괴정동,경상사고,0,0,1,0,차대사람 - 차도통행중,안전운전불이행,건조,맑음,단일로 - 기타,승용,여,35세,상해없음,보행자,남,53세,경상