사고번호,사고일시,요일,시군구,사고내용,사망자수,중상자수,경상자수,부상신고자수,사고유형,법규위반,노면상태,기상상태,도로형태,가해운전자 차종,가해운전자 성별,가해운전자 연령,가해운전자 상해정도,피해운전자 차종,피해운전자 성별,피해운전자 연령,피해운전자 상해정도
2018032600100362,2018년 3월 26일 16시,월요일,대전광역시 동구 인동,경상사고,0,0,1,0,차대차 - 측면충돌,안전운전불이행,건조,맑음,교차로 - 교차로부근,승용,남,43세,상해없음,기타불명,기타불명,미분류,기타불명
2018032600100363,2018년 3월 26일 16시,월요일,대전광역시 유성구 지족동,부상신고사고,0,0,0,1,차대차 - 측면충돌,안전운전불이행,건조,맑음,교차로 - 교차로횡단보도내,승용,남,40세,상해없음,자전거,남,7세,부상신고
2018032600100448,2018년 3월 26일 18시,월요일,대전광역시 중구 문화동,경상사고,0,0,1,0,차대사람 - 횡단중,보행자보호의무위반,건조,맑음,교차로 - 교차로안,이륜,남,27세,상해없음,보행자,여,55세,경상
2018032600100449,2018년 3월 26일 18시,월요일,대전광역시 유성구 원내동,경상사고,0,0,2,0,차대차 - 기타,차로위반,건조,맑음,단일로 - 기타,승용,남,64세,상해없음,이륜,남,23세,경상
2018032600100485,2018년 3월 26일 19시,월요일,대전광역시 중구 용두동,경상사고,0,0,1,0,차대차 - 측면충돌,신호위반,건조,맑음,교차로 - 교차로안,승용,여,49세,상해없음,승용,여,45세,경상
2018032600100486,2018년 3월 26일 19시,월요일,대전광역시 중구 중촌동,경상사고,0,0,1,0,차대사람 - 횡단중,안전운전불이행,건조,맑음,교차로 - 교차로안,승합,남,39세,상해없음,보행자,여,5세,경상
2018032600100516,2018년 3월 26일 20시,월요일,대전광역시 중구 사정동,경상사고,0,0,1,0,차대차 - 측면충돌,안전거리미확보,건조,맑음,단일로 - 기타,승용,남,15세,상해없음,승합,남,56세,경상
2018032600100570,2018년 3월 26일 22시,월요일,대전광역시 중구 태평동,경상사고,0,0,3,0,차대차 - 측면충돌,안전운전불이행,건조,맑음,단일로 - 기타,기타불명,기타불명,미분류,기타불명,승용,남,43세,상해없음
2018032600100591,2018년 3월 26일 23시,월요일,대전광역시 서구 둔산동,경상사고,0,0,2,0,차대차 - 측면충돌,신호위반,건조,맑음,교차로 - 교차로안,승용,남,42세,상해없음,승용,여,47세,경상
2018032600100592,2018년 3월 26일 23시,월요일,대전광역시 서구 갈마동,중상사고,0,1,0,0,차대사람 - 횡단중,안전운전불이행,건조,맑음,교차로 - 교차로횡단보도내,승용,남,56세,상해없음,보행자,남,56세,중상
2018032700100019,2018년 3월 27일 02시,화요일,대전광역시 유성구 구암동,중상사고,0,3,1,0,차대차 - 정면충돌,신호위반,건조,맑음,교차로 - 교차로안,승용,남,29세,상해없음,승용,남,66세,중상
2018032700100072,2018년 3월 27일 07시,화요일,대전광역시 유성구 문지동,중상사고,0,1,0,0,차대사람 - 기타,안전운전불이행,건조,맑음,기타 - 기타,승용,남,85세,상해없음,보행자,남,79세,중상
2018032700100115,2018년 3월 27일 08시,화요일,대전광역시 대덕구 대화동,중상사고,0,1,3,0,차대차 - 추돌,안전운전불이행,건조,맑음,단일로 - 교량,승용,남,30세,상해없음,승용,여,43세,경상
2018032700100116,2018년 3월 27일 08시,화요일,대전광역시 유성구 원내동,경상사고,0,0,1,11,차대차 - 기타,신호위반,건조,맑음,교차로 - 교차로안,화물,남,55세,상해없음,승합,남,58세,경상
2018032700100179,2018년 3월 27일 10시,화요일,대전광역시 서구 둔산동,경상사고,0,0,2,0,차대차 - 기타,안전운전불이행,건조,맑음,단일로 - 기타,승용,남,30세,상해없음,승용,여,41세,경상
2018032700100223,2018년 3월 27일 12시,화요일,대전광역시 유성구 구성동,경상사고,0,0,1,0,차대차 - 추돌,안전거리미확보,건조,맑음,교차로 - 교차로부근,승용,남,61세,상해없음,승용,남,55세,경상
2018032700100251,2018년 3월 27일 13시,화요일,대전광역시 중구 산성동,경상사고,0,0,1,0,차대차 - 측면충돌,안전운전불이행,건조,맑음,교차로 - 교차로부근,승용,여,35세,상해없음,자전거,여,48세,경상
2018032700100278,2018년 3월 27일 14시,화요일,대전광역시 서구 갈마동,경상사고,0,0,2,0,차대차 - 기타,안전거리미확보,건조,맑음,교차로 - 교차로부근,승용,남,67세,상해없음,화물,남,37세,경상
2018032700100308,2018년 3월 27일 15시,화요일,대전광역시 동구 대동,중상사고,0,1,0,0,차대차 - 추돌,안전거리미확보,건조,맑음,단일로 - 기타,승용,남,20세,상해없음,화물,남,37세,중상
2018032700100376,2018년 3월 27일 17시,화요일,대전광역시 중구 선화동,경상사고,0,0,1,0,차대차 - 측면충돌,교차로운행방법위반,건조,맑음,교차로 - 교차로안,승용,남,67세,상해없음,화물,여,71세,경상
2018032700100404,2018년 3월 27일 18시,화요일,대전광역시 서구 갈마동,경상사고,0,0,1,0,차대차 - 측면충돌,안전운전불이행,건조,맑음,단일로 - 기타,승용,남,53세,상해없음,승용,남,44세,경상
2018032700100512,2018년 3월 27일 22시,화요일,대전광역시 중구 선화동,경상사고,0,0,1,0,차대사람 - 횡단중,보행자보호의무위반,건조,맑음,교차로 - 교차로부근,승용,남,53세,상해없음,보행자,여,16세,경상
2018032700100534,2018년 3월 27일 23시,화요일,대전광역시 중구 용두동,중상사고,0,1,0,0,차대차 - 측면충돌,안전거리미확보,건조,맑음,단일로 - 고가도로위,승용,남,48세,상해없음,승용,여,36세,중상
2018032800100010,2018년 3월 28일 00시,수요일,대전광역시 동구 대동,경상사고,0,0,1,0,차대사람 - 기타,안전운전불이행,건조,맑음,교차로 - 교차로부근,승용,남,49세,상해없음,보행자,여,47세,경상
2018032800100044,2018년 3월 28일 05시,수요일,대전광역시 동구 비룡동,경상사고,0,0,1,0,차대차 - 추돌,안전거리미확보,건조,맑음,단일로 - 기타,화물,남,43세,상해없음,승용,남,67세,경상
2018032800100058,2018년 3월 28일 06시,수요일,대전광역시 동구 용전동,경상사고,0,0,2,0,차대차 - 추돌,안전거리미확보,건조,맑음,교차로 - 교차로부근,화물,여,40세,상해없음,승용,남,48세,경상
2018032800100147,2018년 3월 28일 09시,수요일,대전광역시 유성구 신성동,경상사고,0,0,2,0,차대차 - 추돌,안전운전불이행,건조,맑음,단일로 - 기타,승용,남,30세,상해없음,화물,남,38세,경상
2018032800100148,2018년 3월 28일 09시,수요일,대전광역시 유성구 관평동,중상사고,0,1,0,0,차대사람 - 기타,보행자보호의무위반,건조,맑음,교차로 - 교차로횡단보도내,승합,남,45세,상해없음,보행자,여,19세,중상
2018032800100223,2018년 3월 28일 12시,수요일,대전광역시 동구 신안동,중상사고,0,1,0,0,차대차 - 기타,안전운전불이행,건조,맑음,교차로 - 교차로안,승용,남,49세,상해없음,승용,여,48세,중상
2018032800100224,2018년 3월 28일 12시,수요일,대전광역시 서구 둔산동,경상사고,0,0,1,0,차대차 - 추돌,안전거리미확보,건조,맑음,교차로 - 교차로부근,승용,여,21세,상해없음,승용,여,59세,경상
2018032800100266,2018년 3월 28일 13시,수요일,대전광역시 동구 중동,중상사고,0,1,0,0,차대차 - 기타,신호위반,건조,맑음,교차로 - 교차로안,이륜,남,60세,상해없음,이륜,남,79세,중상
2018032800100267,2018년 3월 28일 13시,수요일,대전광역시 동구 가양동,경상사고,0,0,1,0,차대차 - 기타,안전운전불이행,건조,맑음,교차로 - 교차로부근,승용,남,56세,상해없음,승용,남,22세,경상
2018032800100268,2018년 3월 28일 13시,수요일,대전광역시 서구 둔산동,경상사고,0,0,1,0,차대차 - 기타,안전운전불이행,건조,맑음,교차로 - 교차로부근,승용,여,39세,상해없음,이륜,남,44세,경상
2018032800100305,2018년 3월 28일 14시,수요일,대전광역시 서구 변동,경상사고,0,0,2,0,차대차 - 추돌,안전거리미확보,건조,맑음,단일로 - 기타,승용,남,46세,상해없음,승용,여,33세,경상
2018032800100389,2018년 3월 28일 16시,수요일,대전광역시 동구 삼성동,경상사고,0,0,1,0,차대차 - 기타,안전운전불이행,건조,맑음,단일로 - 기타,승용,남,50세,상해없음,승용,남,39세,경상
2018032800100427,2018년 3월 28일 17시,수요일,대전광역시 중구 문화동,경상사고,0,0,1,0,차대차 - 측면충돌,안전운전불이행,건조,맑음,단일로 - 기타,기타불명,기타불명,미분류,기타불명,자전거,남,12세,경상
2018032800100493,2018년 3월 28일 19시,수요일,대전광역시 서구 도마동,경상사고,0,0,1,0,차대차 - 측면충돌,안전거리미확보,건조,맑음,단일로 - 기타,승용,여,41세,상해없음,이륜,남,32세,경상
2018032800100494,2018년 3월 28일 19시,수요일,대전광역시 서구 둔산동,경상사고,0,0,1,0,차대사람 - 횡단중,신호위반,건조,맑음,단일로 - 기타,승용,여,66세,상해없음,보행자,남,9세,경상
2018032800100529,2018년 3월 28일 20시,수요일,대전광역시 서구 갈마동,경상사고,0,0,1,0,차대차 - 기타,안전운전불이행,건조,맑음,교차로 - 교차로안,승용,여,48세,상해없음,승용,남,43세,경상
2018032800100530,2018년 3월 28일 20시,수요일,대전광역시 유성구 구암동,사망사고,1,0,0,0,차대사람 - 횡단중,안전운전불이행,건조,맑음,단일로 - 기타,승용,여,49세,상해없음,보행자,여,78세,사망
2018032800100531,2018년 3월 28일 20시,수요일,대전광역시 유성구 구암동,경상사고,0,0,1,0,차대차 - 기타,안전거리미확보,건조,맑음,교차로 - 교차로부근,승용,여,53세,상해없음,이륜,남,17세,경상
2018032800100532,2018년 3월 28일 20시,수요일,대전광역시 유성구 복용동,경상사고,0,0,1,0,차대차 - 기타,안전운전불이행,건조,맑음,교차로 - 교차로안,자전거,여,75세,경상,승용,여,39세,상해없음
2018032800100553,2018년 3월 28일 21시,수요일,대전광역시 서구 월평동,중상사고,0,1,0,0,차대차 - 추돌,신호위반,건조,맑음,교차로 - 교차로횡단보도내,승용,남,55세,상해없음,자전거,남,35세,중상
2018032800100576,2018년 3월 28일 22시,수요일,대전광역시 서구 둔산동,경상사고,0,0,3,0,차대차 - 기타,안전운전불이행,건조,맑음,단일로 - 기타,승용,남,44세,상해없음,승용,남,50세,상해없음
2018032800100577,2018년 3월 28일 22시,수요일,대전광역시 유성구 문지동,경상사고,0,0,1,0,차대차 - 추돌,안전운전불이행,건조,맑음,교차로 - 교차로부근,승용,남,51세,상해없음,승용,남,31세,경상
2018032900100072,2018년 3월 29일 06시,목요일,대전광역시 유성구 장대동,경상사고,0,0,1,0,차대차 - 기타,신호위반,건조,맑음,교차로 - 교차로안,승용,남,62세,상해없음,승용,남,32세,경상
2018032900100087,2018년 3월 29일 07시,목요일,대전광역시 유성구 구암동,중상사고,0,1,0,0,차대차 - 기타,신호위반,건조,맑음,교차로 - 교차로부근,승용,남,61세,상해없음,이륜,여,57세,중상
2018032900100124,2018년 3월 29일 08시,목요일,대전광역시 서구 둔산동,경상사고,0,0,1,0,차대차 - 측면충돌,신호위반,건조,맑음,교차로 - 교차로안,승용,남,73세,상해없음,승용,여,48세,경상
2018032900100125,2018년 3월 29일 08시,목요일,대전광역시 서구 둔산동,경상사고,0,0,1,0,차대차 - 기타,안전운전불이행,건조,맑음,교차로 - 교차로안,승합,여,43세,상해없음,이륜,남,37세,경상
2018032900100126,2018년 3월 29일 08시,목요일,대전광역시 유성구 관평동,경상사고,0,0,1,0,차대차 - 기타,신호위반,건조,맑음,교차로 - 교차로안,승용,여,48세,상해없음,승용,여,34세,경상
2018032900100164,2018년 3월 29일 09시,목요일,대전광역시 유성구 탑립동,경상사고,0,0,1,0,차대차 - 측면충돌,안전운전불이행,건조,맑음,교차로 - 교차로안,승용,남,44세,상해없음,승용,여,44세,경상
2018032900100308,2018년 3월 29일 14시,목요일,대전광역시 동구 원동,경상사고,0,0,1,0,차대차 - 추돌,안전운전불이행,건조,맑음,교차로 - 교차로부근,승용,남,61세,상해없음,승용,남,51세,경상
2018032900100309,2018년 3월 29일 14시,목요일,대전광역시 서구 도마동,경상사고,0,0,1,0,차대사람 - 횡단중,안전운전불이행,건조,맑음,단일로 - 기타,승용,여,55세,상해없음,보행자,남,11세,경상
2018032900100344,2018년 3월 29일 15시,목요일,대전광역시 대덕구 법동,부상신고사고,0,0,0,1,차대사람 - 기타,안전운전불이행,건조,맑음,단일로 - 기타,승용,남,46세,상해없음,보행자,남,56세,부상신고
2018032900100345,2018년 3월 29일 15시,목요일,대전광역시 서구 만년동,경상사고,0,0,1,0,차대차 - 기타,안전운전불이행,건조,맑음,단일로 - 기타,승용,남,67세,상해없음,승용,여,53세,상해없음
2018032900100421,2018년 3월 29일 17시,목요일,대전광역시 동구 중동,경상사고,0,0,1,0,차대차 - 기타,안전운전불이행,건조,맑음,단일로 - 기타,승용,여,57세,기타불명,자전거,남,39세,경상
2018032900100422,2018년 3월 29일 17시,목요일,대전광역시 유성구 봉명동,경상사고,0,0,1,0,차대차 - 기타,안전운전불이행,건조,맑음,교차로 - 교차로안,승용,남,65세,상해없음,승용,여,68세,경상
2018032900100492,2018년 3월 29일 19시,목요일,대전광역시 유성구 원신흥동,경상사고,0,0,1,0,차대차 - 측면충돌,안전운전불이행,건조,맑음,교차로 - 교차로부근,승용,여,59세,기타불명,승용,남,53세,경상
2018032900100529,2018년 3월 29일 20시,목요일,대전광역시 대덕구 상서동,경상사고,0,0,2,0,차대차 - 기타,신호위반,건조,맑음,단일로 - 기타,승용,여,38세,상해없음,승용,남,37세,경상
2018032900100569,2018년 3월 29일 21시,목요일,대전광역시 중구 대흥동,경상사고,0,0,2,0,차대차 - 측면충돌,신호위반,건조,맑음,교차로 - 교차로부근,승합,남,57세,상해없음,승용,남,36세,경상
2018032900100570,2018년 3월 29일 21시,목요일,대전광역시 유성구 구암동,경상사고,0,0,1,0,차대사람 - 기타,보행자보호의무위반,건조,맑음,교차로 - 교차로안,승용,여,59세,상해없음,보행자,여,70세,경상
2018032900100598,2018년 3월 29일 22시,목요일,대전광역시 유성구 송강동,경상사고,0,0,1,0,차대차 - 기타,안전운전불이행,젖음/습기,비,교차로 - 교차로안,승용,남,47세,상해없음,승용,남,58세,경상
2018032900100621,2018년 3월 29일 23시,목요일,대전광역시 동구 삼성동,경상사고,0,0,1,0,차대차 - 기타,안전운전불이행,건조,맑음,교차로 - 교차로부근,화물,남,56세,상해없음,승용,여,35세,경상
2018032900100622,2018년 3월 29일 23시,목요일,대전광역시 서구 괴정동,경상사고,0,0,1,0,차대차 - 추돌,안전거리미확보,건조,맑음,교차로 - 교차로부근,승용,남,68세,상해없음,이륜,남,21세,경상
2018032900100623,2018년 3월 29일 23시,목요일,대전광역시 서구 둔산동,경상사고,0,0,2,0,차대차 - 기타,안전운전불이행,건조,맑음,교차로 - 교차로안,승용,남,32세,상해없음,승용,여,59세,경상
2018033000100019,2018년 3월 30일 00시,금요일,대전광역시 서구 괴정동,중상사고,0,1,0,0,차대차 - 측면충돌,안전거리미확보,건조,맑음,교차로 - 교차로부근,승용,여,48세,상해없음,이륜,남,42세,중상
2018033000100034,2018년 3월 30일 01시,금요일,대전광역시 동구 판암동,경상사고,0,0,1,0,차대차 - 기타,신호위반,건조,맑음,교차로 - 교차로안,승용,남,31세,상해없음,승용,남,62세,경상
2018033000100035,2018년 3월 30일 01시,금요일,대전광역시 동구 가양동,경상사고,0,0,2,0,차대차 - 기타,안전운전불이행,건조,맑음,교차로 - 교차로부근,승용,남,35세,상해없음,승용,남,56세,경상
2018033000100192,2018년 3월 30일 10시,금요일,대전광역시 대덕구 미호동,경상사고,0,0,1,0,차대차 - 추돌,안전거리미확보,건조,맑음,단일로 - 기타,건설기계,남,59세,상해없음,승용,여,60세,경상
2018033000100193,2018년 3월 30일 10시,금요일,대전광역시 유성구 관평동,중상사고,0,1,0,0,차대차 - 정면충돌,신호위반,건조,맑음,교차로 - 교차로안,승용,남,37세,상해없음,승용,여,55세,중상
2018033000100229,2018년 3월 30일 11시,금요일,대전광역시 유성구 봉명동,경상사고,0,0,1,0,차대차 - 측면충돌,신호위반,건조,맑음,교차로 - 교차로안,승용,여,45세,상해없음,원동기,남,23세,경상
2018033000100289,2018년 3월 30일 13시,금요일,대전광역시 서구 갈마동,중상사고,0,1,0,0,차대차 - 측면충돌,신호위반,건조,맑음,교차로 - 교차로안,승용,남,58세,상해없음,이륜,남,41세,중상
2018033000100322,2018년 3월 30일 14시,금요일,대전광역시 중구 문화동,중상사고,0,1,1,0,차대차 - 측면충돌,신호위반,건조,맑음,교차로 - 교차로안,승용,여,66세,경상,원동기,남,48세,중상
2018033000100323,2018년 3월 30일 14시,금요일,대전광역시 동구 홍도동,중상사고,0,2,0,0,차대차 - 측면충돌,신호위반,건조,맑음,교차로 - 교차로안,이륜,남,25세,중상,화물,남,61세,중상
2018033000100353,2018년 3월 30일 15시,금요일,대전광역시 서구 가수원동,경상사고,0,0,1,0,차대차 - 측면충돌,안전거리미확보,건조,맑음,단일로 - 기타,화물,남,31세,상해없음,특수,남,34세,경상
2018033000100397,2018년 3월 30일 16시,금요일,대전광역시 서구 복수동,중상사고,0,1,0,0,차대사람 - 횡단중,보행자보호의무위반,건조,맑음,교차로 - 교차로부근,승용,여,38세,상해없음,보행자,남,80세,중상
2018033000100443,2018년 3월 30일 17시,금요일,대전광역시 대덕구 대화동,중상사고,0,1,0,0,차대사람 - 기타,안전운전불이행,건조,맑음,교차로 - 교차로부근,화물,남,50세,상해없음,보행자,남,69세,중상
2018033000100444,2018년 3월 30일 17시,금요일,대전광역시 서구 둔산동,중상사고,0,1,0,0,차대차 - 기타,안전운전불이행,건조,맑음,교차로 - 교차로안,자전거,여,60세,중상,승용,남,29세,상해없음
2018033000100500,2018년 3월 30일 18시,금요일,대전광역시 대덕구 오정동,중상사고,0,1,2,0,차대차 - 기타,안전거리미확보,건조,맑음,단일로 - 기타,승용,남,51세,상해없음,승용,남,57세,경상
2018033000100535,2018년 3월 30일 19시,금요일,대전광역시 서구 월평동,경상사고,0,0,2,0,차대차 - 기타,안전운전불이행,건조,맑음,단일로 - 기타,승용,남,69세,경상,승용,여,57세,경상
2018033000100574,2018년 3월 30일 20시,금요일,대전광역시 동구 용전동,경상사고,0,0,1,0,차대차 - 기타,안전운전불이행,건조,맑음,단일로 - 기타,승용,남,66세,상해없음,승합,남,49세,상해없음
2018033000100575,2018년 3월 30일 20시,금요일,대전광역시 서구 갈마동,중상사고,0,1,0,0,차대차 - 측면충돌,신호위반,건조,맑음,교차로 - 교차로안,승용,남,27세,상해없음,이륜,남,42세,중상
2018033000100576,2018년 3월 30일 20시,금요일,대전광역시 유성구 관평동,경상사고,0,0,1,0,차대사람 - 횡단중,안전운전불이행,건조,맑음,교차로 - 교차로횡단보도내,승용,여,24세,상해없음,보행자,남,40세,경상
2018033000100606,2018년 3월 30일 21시,금요일,대전광역시 유성구 장동,사망사고,1,0,1,0,차량단독 - 공작물충돌,안전운전불이행,건조,맑음,단일로 - 기타,승용,남,55세,사망,,,,
2018033100100025,2018년 3월 31일 00시,토요일,대전광역시 중구 대흥동,경상사고,0,0,1,0,차대차 - 측면충돌,중앙선침범,건조,맑음,단일로 - 기타,승용,남,44세,상해없음,이륜,남,27세,경상
2018033100100069,2018년 3월 31일 04시,토요일,대전광역시 서구 월평동,경상사고,0,0,1,0,차대사람 - 길가장자리구역통행중,안전운전불이행,건조,맑음,단일로 - 기타,기타불명,기타불명,미분류,기타불명,보행자,남,36세,경상
2018033100100082,2018년 3월 31일 05시,토요일,대전광역시 동구 판암동,중상사고,0,1,0,0,차대사람 - 횡단중,안전운전불이행,건조,맑음,교차로 - 교차로안,승용,남,68세,상해없음,보행자,여,82세,중상
2018033100100083,2018년 3월 31일 05시,토요일,대전광역시 서구 둔산동,중상사고,0,1,0,0,차대차 - 기타,안전운전불이행,건조,맑음,교차로 - 교차로부근,자전거,여,73세,중상,승용,남,64세,상해없음
2018033100100147,2018년 3월 31일 09시,토요일,대전광역시 서구 관저동,경상사고,0,0,2,0,차대차 - 추돌,안전운전불이행,건조,맑음,단일로 - 기타,승용,여,31세,상해없음,승용,남,55세,경상
2018033100100173,2018년 3월 31일 10시,토요일,대전광역시 서구 월평동,부상신고사고,0,0,0,1,차량단독 - 기타,안전운전불이행,건조,맑음,교차로 - 교차로부근,승용,여,62세,부상신고,,,,
2018033100100204,2018년 3월 31일 11시,토요일,대전광역시 동구 삼성동,경상사고,0,0,1,0,차대차 - 측면충돌,신호위반,건조,맑음,교차로 - 교차로안,승용,남,32세,상해없음,원동기,남,69세,경상
2018033100100235,2018년 3월 31일 12시,토요일,대전광역시 유성구 도룡동,중상사고,0,1,1,0,차대차 - 추돌,안전운전불이행,건조,맑음,단일로 - 기타,승용,여,55세,상해없음,승용,여,54세,중상
2018033100100278,2018년 3월 31일 13시,토요일,대전광역시 중구 태평동,사망사고,1,0,0,0,차대차 - 측면충돌,신호위반,건조,맑음,단일로 - 기타,화물,남,48세,상해없음,자전거,남,77세,사망
2018033100100356,2018년 3월 31일 15시,토요일,대전광역시 서구 만년동,부상신고사고,0,0,0,1,차량단독 - 기타,안전운전불이행,건조,맑음,단일로 - 지하차도(도로)내,승용,여,40세,부상신고,,,,
2018033100100425,2018년 3월 31일 17시,토요일,대전광역시 유성구 구암동,경상사고,0,0,1,0,차대차 - 기타,안전운전불이행,건조,맑음,단일로 - 기타,승용,남,66세,상해없음,자전거,남,9세,경상
2018033100100496,2018년 3월 31일 19시,토요일,대전광역시 유성구 구암동,중상사고,0,1,0,0,차대사람 - 기타,안전운전불이행,건조,맑음,단일로 - 기타,승용,여,37세,상해없음,보행자,남,58세,중상
2018033100100523,2018년 3월 31일 20시,토요일,대전광역시 중구 대사동,경상사고,0,0,1,0,차대차 - 측면충돌,안전거리미확보,건조,맑음,단일로 - 기타,승용,남,41세,상해없음,승용,남,61세,경상
2018033100100524,2018년 3월 31일 20시,토요일,대전광역시 중구 용두동,경상사고,0,0,1,0,차대차 - 추돌,안전운전불이행,건조,맑음,교차로 - 교차로부근,승용,남,25세,상해없음,승용,여,60세,경상
2018033100100525,2018년 3월 31일 20시,토요일,대전광역시 대덕구 읍내동,경상사고,0,0,1,0,차대차 - 기타,안전운전불이행,건조,맑음,교차로 - 교차로부근,승용,여,35세,상해없음,이륜,여,44세,경상
2018033100100526,2018년 3월 31일 20시,토요일,대전광역시 서구 월평동,경상사고,0,0,2,0,차대차 - 측면충돌,안전거리미확보,건조,맑음,교차로 - 교차로안,승용,남,25세,상해없음,승용,남,57세,경상
2018033100100610,2018년 3월 31일 23시,토요일,대전광역시 동구 가오동,경상사고,0,0,1,0,차대사람 - 기타,불법유턴,건조,맑음,단일로 - 기타,승용,남,44세,상해없음,보행자,남,56세,경상
2018040100100019,2018년 4월 1일 00시,일요일,대전광역시 중구 선화동,경상사고,0,0,1,0,차대차 - 측면충돌,안전운전불이행,건조,맑음,교차로 - 교차로안,승용,남,59세,기타불명,이륜,남,18세,경상
2018040100100020,2018년 4월 1일 00시,일요일,대전광역시 서구 갈마동,경상사고,0,0,1,0,차대차 - 후진중충돌,기타,건조,맑음,교차로 - 교차로안,승용,남,21세,상해없음,승용,남,33세,경상
2018040100100040,2018년 4월 1일 01시,일요일,대전광역시 중구 오류동,중상사고,0,1,0,0,차대차 - 측면충돌,안전운전불이행,건조,맑음,단일로 - 기타,승용,남,38세,상해없음,원동기,남,28세,중상
2018040100100058,2018년 4월 1일 02시,일요일,대전광역시 대덕구 중리동,중상사고,0,1,2,0,차대차 - 추돌,안전운전불이행,건조,맑음,교차로 - 교차로부근,승용,남,50세,상해없음,승용,남,61세,경상
2018040100100083,2018년 4월 1일 05시,일요일,대전광역시 대덕구 신대동,중상사고,0,1,0,0,차대차 - 기타,신호위반,건조,맑음,교차로 - 교차로안,화물,남,47세,상해없음,승용,여,42세,중상
2018040100100096,2018년 4월 1일 06시,일요일,대전광역시 대덕구 법동,중상사고,0,1,0,0,차대사람 - 기타,보행자보호의무위반,건조,맑음,교차로 - 교차로횡단보도내,승용,남,31세,상해없음,보행자,남,88세,중상
2018040100100192,2018년 4월 1일 12시,일요일,대전광역시 중구 대흥동,경상사고,0,0,1,0,차대차 - 측면충돌,안전거리미확보,건조,맑음,교차로 - 교차로안,승용,남,56세,상해없음,승용,여,57세,경상
2018040100100193,2018년 4월 1일 12시,일요일,대전광역시 유성구 방동,경상사고,0,0,2,0,차대차 - 추돌,안전운전불이행,건조,맑음,교차로 - 교차로부근,승용,남,49세,상해없음,승용,여,51세,경상
2018040100100222,2018년 4월 1일 13시,일요일,대전광역시 유성구 원신흥동,중상사고,0,1,0,0,차대사람 - 횡단중,신호위반,건조,맑음,교차로 - 교차로부근,승용,여,51세,상해없음,보행자,여,9세,중상
2018040100100223,2018년 4월 1일 13시,일요일,대전광역시 유성구 도룡동,경상사고,0,0,2,0,차대차 - 추돌,안전운전불이행,건조,맑음,단일로 - 기타,승용,남,42세,상해없음,승용,남,46세,경상
2018040100100252,2018년 4월 1일 14시,일요일,대전광역시 유성구 구암동,경상사고,0,0,2,0,차대차 - 추돌,안전운전불이행,건조,맑음,단일로 - 기타,승용,남,36세,상해없음,승용,여,31세,경상
2018040100100307,2018년 4월 1일 16시,일요일,대전광역시 유성구 원내동,경상사고,0,0,1,0,차대차 - 측면충돌,안전운전불이행,건조,맑음,교차로 - 교차로안,승용,여,43세,상해없음,승용,남,56세,경상
2018040100100331,2018년 4월 1일 17시,일요일,대전광역시 동구 대성동,경상사고,0,0,1,0,차대차 - 측면충돌,안전운전불이행,건조,맑음,교차로 - 교차로부근,승용,남,68세,경상,화물,남,37세,상해없음
2018040100100332,2018년 4월 1일 17시,일요일,대전광역시 서구 용문동,경상사고,0,0,4,0,차대차 - 측면충돌,교차로운행방법위반,건조,맑음,교차로 - 교차로안,승용,여,59세,상해없음,승용,남,52세,경상
2018040100100355,2018년 4월 1일 18시,일요일,대전광역시 서구 월평동,중상사고,0,1,2,0,차대차 - 기타,기타,건조,맑음,교차로 - 교차로안,이륜,남,20세,중상,승용,남,45세,경상
2018040100100356,2018년 4월 1일 18시,일요일,대전광역시 서구 둔산동,경상사고,0,0,2,0,차대차 - 추돌,안전거리미확보,건조,맑음,교차로 - 교차로부근,승용,남,62세,상해없음,승용,남,20세,경상
2018040100100388,2018년 4월 1일 19시,일요일,대전광역시 동구 소제동,경상사고,0,0,1,0,차대사람 - 기타,안전운전불이행,건조,맑음,단일로 - 기타,승용,남,55세,상해없음,보행자,여,45세,경상
2018040100100414,2018년 4월 1일 20시,일요일,대전광역시 대덕구 오정동,부상신고사고,0,0,0,1,차대차 - 추돌,안전운전불이행,건조,맑음,교차로 - 교차로부근,승용,남,60세,상해없음,승용,여,48세,부상신고
2018040100100439,2018년 4월 1일 21시,일요일,대전광역시 서구 둔산동,경상사고,0,0,2,0,차대차 - 추돌,안전운전불이행,건조,맑음,교차로 - 교차로부근,승용,남,49세,상해없음,승용,남,26세,경상
2018040100100466,2018년 4월 1일 23시,일요일,대전광역시 중구 산성동,중상사고,0,1,0,0,차대차 - 측면충돌,안전운전불이행,건조,맑음,단일로 - 기타,승용,남,48세,상해없음,이륜,남,40세,중상
2018040100100467,2018년 4월 1일 23시,일요일,대전광역시 중구 문화동,경상사고,0,0,4,0,차대차 - 추돌,안전운전불이행,건조,맑음,단일로 - 기타,승용,남,29세,상해없음,승용,남,76세,경상
2018040100100468,2018년 4월 1일 23시,일요일,대전광역시 서구 탄방동,경상사고,0,0,1,0,차대차 - 기타,안전운전불이행,건조,맑음,단일로 - 기타,승용,남,64세,상해없음,승용,남,50세,경상
2018040200100012,2018년 4월 2일 00시,월요일,대전광역시 서구 둔산동,중상사고,0,1,2,0,차대차 - 측면충돌,신호위반,건조,맑음,교차로 - 교차로안,승용,남,16세,상해없음,승용,남,32세,경상
2018040200100013,2018년 4월 2일 00시,월요일,대전광역시 유성구 관평동,부상신고사고,0,0,0,1,차대사람 - 길가장자리구역통행중,안전운전불이행,건조,맑음,단일로 - 기타,승용,남,34세,상해없음,보행자,남,49세,부상신고