사고번호,사고일시,요일,시군구,사고내용,사망자수,중상자수,경상자수,부상신고자수,사고유형,법규위반,노면상태,기상상태,도로형태,가해운전자 차종,가해운전자 성별,가해운전자 연령,가해운전자 상해정도,피해운전자 차종,피해운전자 성별,피해운전자 연령,피해운전자 상해정도
2018042000100351,2018년 4월 20일 15시,금요일,대전광역시 서구 용문동,경상사고,0,0,1,0,차대차 - 측면충돌,안전운전불이행,건조,맑음,교차로 - 교차로안,승용,여,49세,상해없음,승용,여,52세,경상
2018042000100398,2018년 4월 20일 16시,금요일,대전광역시 중구 부사동,중상사고,0,1,5,2,차대차 - 측면충돌,안전운전불이행,건조,맑음,단일로 - 기타,승용,여,61세,상해없음,승합,남,46세,상해없음
2018042000100461,2018년 4월 20일 17시,금요일,대전광역시 중구 산성동,경상사고,0,0,2,0,차대차 - 추돌,안전운전불이행,건조,흐림,단일로 - 기타,승용,남,49세,상해없음,승용,여,72세,경상
2018042000100462,2018년 4월 20일 17시,금요일,대전광역시 서구 갈마동,경상사고,0,0,3,0,차대차 - 기타,안전운전불이행,건조,맑음,단일로 - 기타,승용,여,60세,기타불명,승용,여,53세,경상
2018042000100510,2018년 4월 20일 18시,금요일,대전광역시 유성구 관평동,경상사고,0,0,1,0,차대차 - 추돌,안전운전불이행,건조,맑음,교차로 - 교차로부근,승용,남,33세,상해없음,이륜,남,22세,경상
2018042000100551,2018년 4월 20일 19시,금요일,대전광역시 서구 갈마동,경상사고,0,0,4,1,차대차 - 추돌,안전거리미확보,건조,맑음,단일로 - 기타,승용,남,56세,부상신고,승용,남,27세,경상
2018042000100552,2018년 4월 20일 19시,금요일,대전광역시 서구 갈마동,경상사고,0,0,1,0,차대차 - 기타,안전운전불이행,건조,맑음,단일로 - 기타,승용,여,30세,상해없음,자전거,여,26세,경상
2018042000100553,2018년 4월 20일 19시,금요일,대전광역시 유성구 노은동,중상사고,0,1,0,0,차대사람 - 기타,보행자보호의무위반,건조,맑음,교차로 - 교차로안,이륜,남,34세,상해없음,보행자,남,34세,중상
2018042000100597,2018년 4월 20일 20시,금요일,대전광역시 유성구 지족동,경상사고,0,0,1,0,차대차 - 기타,안전운전불이행,건조,맑음,교차로 - 교차로부근,승용,여,52세,상해없음,승용,남,34세,경상
2018042000100682,2018년 4월 20일 23시,금요일,대전광역시 대덕구 비래동,중상사고,0,1,1,0,차대차 - 측면충돌,신호위반,건조,맑음,교차로 - 교차로안,승용,남,25세,상해없음,승용,여,57세,경상
2018042100100040,2018년 4월 21일 01시,토요일,대전광역시 유성구 반석동,경상사고,0,0,1,0,차대차 - 기타,신호위반,건조,맑음,교차로 - 교차로안,승용,남,25세,상해없음,승용,남,67세,경상
2018042100100110,2018년 4월 21일 06시,토요일,대전광역시 서구 월평동,경상사고,0,0,1,0,차대차 - 기타,안전운전불이행,건조,맑음,교차로 - 교차로안,승용,남,30세,상해없음,승합,남,60세,경상
2018042100100149,2018년 4월 21일 08시,토요일,대전광역시 서구 갈마동,경상사고,0,0,1,0,차대차 - 측면충돌,교차로운행방법위반,건조,맑음,교차로 - 교차로안,승용,여,48세,기타불명,승용,여,38세,경상
2018042100100170,2018년 4월 21일 09시,토요일,대전광역시 유성구 장대동,부상신고사고,0,0,0,1,차대사람 - 기타,안전운전불이행,건조,맑음,단일로 - 기타,승합,남,56세,상해없음,보행자,여,49세,부상신고
2018042100100199,2018년 4월 21일 10시,토요일,대전광역시 중구 산성동,중상사고,0,1,0,0,차대사람 - 차도통행중,안전운전불이행,건조,맑음,단일로 - 기타,승용,남,37세,상해없음,보행자,여,48세,중상
2018042100100200,2018년 4월 21일 10시,토요일,대전광역시 서구 관저동,경상사고,0,0,1,0,차대차 - 측면충돌,안전운전불이행,건조,맑음,교차로 - 교차로부근,승용,남,43세,상해없음,화물,남,62세,경상
2018042100100245,2018년 4월 21일 11시,토요일,대전광역시 동구 인동,경상사고,0,0,1,0,차대차 - 정면충돌,신호위반,건조,맑음,교차로 - 교차로안,원동기,남,54세,상해없음,화물,남,42세,경상
2018042100100246,2018년 4월 21일 11시,토요일,대전광역시 서구 도마동,경상사고,0,0,1,0,차대차 - 추돌,안전거리미확보,건조,맑음,교차로 - 교차로부근,승용,남,38세,상해없음,승용,여,39세,경상
2018042100100280,2018년 4월 21일 12시,토요일,대전광역시 동구 성남동,경상사고,0,0,2,0,차대차 - 추돌,안전운전불이행,건조,맑음,단일로 - 기타,승용,남,18세,상해없음,승용,남,25세,경상
2018042100100281,2018년 4월 21일 12시,토요일,대전광역시 유성구 원내동,경상사고,0,0,2,1,차대차 - 측면충돌,신호위반,건조,맑음,교차로 - 교차로안,승용,여,30세,상해없음,승용,남,33세,경상
2018042100100282,2018년 4월 21일 12시,토요일,대전광역시 유성구 궁동,중상사고,0,1,0,0,차대차 - 측면충돌,안전운전불이행,건조,맑음,교차로 - 교차로안,승용,여,37세,상해없음,승용,남,38세,중상
2018042100100347,2018년 4월 21일 14시,토요일,대전광역시 동구 원동,경상사고,0,0,1,0,차대차 - 기타,안전운전불이행,건조,맑음,단일로 - 기타,승용,남,62세,상해없음,기타불명,여,57세,경상
2018042100100348,2018년 4월 21일 14시,토요일,대전광역시 서구 탄방동,경상사고,0,0,1,0,차대차 - 기타,안전운전불이행,건조,맑음,교차로 - 교차로안,승용,남,66세,상해없음,승용,남,36세,경상
2018042100100392,2018년 4월 21일 15시,토요일,대전광역시 동구 가양동,중상사고,0,2,0,0,차대차 - 측면충돌,교차로운행방법위반,건조,맑음,교차로 - 교차로안,승용,남,60세,상해없음,승용,여,30세,중상
2018042100100393,2018년 4월 21일 15시,토요일,대전광역시 서구 둔산동,경상사고,0,0,1,0,차대차 - 추돌,안전운전불이행,건조,맑음,교차로 - 교차로부근,승용,남,30세,상해없음,화물,남,57세,경상
2018042100100394,2018년 4월 21일 15시,토요일,대전광역시 유성구 궁동,경상사고,0,0,1,0,차대사람 - 횡단중,안전운전불이행,건조,맑음,단일로 - 기타,원동기,남,23세,상해없음,보행자,남,13세,경상
2018042100100436,2018년 4월 21일 16시,토요일,대전광역시 중구 대흥동,중상사고,0,1,0,0,차대차 - 측면충돌,교차로운행방법위반,건조,맑음,교차로 - 교차로안,승용,남,34세,상해없음,승용,여,78세,중상
2018042100100548,2018년 4월 21일 18시,토요일,대전광역시 유성구 노은동,경상사고,0,0,4,0,차대차 - 측면충돌,신호위반,건조,맑음,교차로 - 교차로안,승용,여,58세,상해없음,승용,남,50세,경상
2018042100100582,2018년 4월 21일 19시,토요일,대전광역시 중구 선화동,부상신고사고,0,0,0,1,차대사람 - 길가장자리구역통행중,안전운전불이행,건조,맑음,단일로 - 기타,승용,남,43세,상해없음,보행자,남,55세,부상신고
2018042100100583,2018년 4월 21일 19시,토요일,대전광역시 동구 대성동,경상사고,0,0,5,0,차대차 - 측면충돌,안전운전불이행,건조,맑음,단일로 - 기타,승용,남,31세,상해없음,승용,남,58세,경상
2018042100100614,2018년 4월 21일 20시,토요일,대전광역시 중구 선화동,경상사고,0,0,1,0,차대사람 - 기타,신호위반,건조,맑음,교차로 - 교차로안,승용,남,27세,상해없음,보행자,남,37세,경상
2018042100100647,2018년 4월 21일 21시,토요일,대전광역시 동구 자양동,경상사고,0,0,2,0,차대차 - 측면충돌,안전운전불이행,건조,맑음,단일로 - 기타,승용,남,25세,경상,원동기,남,23세,경상
2018042100100648,2018년 4월 21일 21시,토요일,대전광역시 서구 갈마동,경상사고,0,0,1,0,차대사람 - 횡단중,보행자보호의무위반,건조,맑음,교차로 - 교차로횡단보도내,승용,남,24세,상해없음,보행자,여,20세,경상
2018042100100710,2018년 4월 21일 23시,토요일,대전광역시 대덕구 송촌동,경상사고,0,0,3,0,차대차 - 측면충돌,교차로운행방법위반,건조,맑음,단일로 - 기타,승용,여,33세,상해없음,승용,남,57세,상해없음
2018042200100013,2018년 4월 22일 00시,일요일,대전광역시 중구 산성동,사망사고,1,0,2,0,차대차 - 측면충돌,신호위반,건조,맑음,교차로 - 교차로안,승용,남,25세,사망,승용,남,53세,경상
2018042200100026,2018년 4월 22일 01시,일요일,대전광역시 서구 관저동,경상사고,0,0,1,0,차대차 - 추돌,안전운전불이행,건조,맑음,교차로 - 교차로부근,승용,남,30세,상해없음,승용,남,26세,경상
2018042200100046,2018년 4월 22일 03시,일요일,대전광역시 유성구 궁동,경상사고,0,0,2,0,차대차 - 측면충돌,안전운전불이행,건조,맑음,단일로 - 기타,승용,남,29세,상해없음,승용,남,60세,경상
2018042200100069,2018년 4월 22일 05시,일요일,대전광역시 서구 월평동,경상사고,0,0,1,0,차대사람 - 기타,안전운전불이행,건조,맑음,단일로 - 기타,승용,남,40세,상해없음,보행자,남,23세,경상
2018042200100074,2018년 4월 22일 06시,일요일,대전광역시 중구 문화동,경상사고,0,0,2,0,차대차 - 추돌,안전운전불이행,건조,맑음,교차로 - 교차로부근,승용,남,73세,상해없음,화물,남,71세,경상
2018042200100094,2018년 4월 22일 08시,일요일,대전광역시 중구 대흥동,경상사고,0,0,2,0,차대차 - 측면충돌,신호위반,건조,맑음,교차로 - 교차로안,승용,남,23세,상해없음,승용,남,54세,경상
2018042200100112,2018년 4월 22일 09시,일요일,대전광역시 대덕구 중리동,경상사고,0,0,1,0,차대차 - 측면충돌,안전운전불이행,젖음/습기,비,단일로 - 기타,승용,남,63세,상해없음,원동기,남,51세,경상
2018042200100130,2018년 4월 22일 10시,일요일,대전광역시 유성구 원신흥동,경상사고,0,0,1,0,차대차 - 측면충돌,안전운전불이행,건조,맑음,교차로 - 교차로부근,승용,남,62세,상해없음,승용,남,37세,상해없음
2018042200100185,2018년 4월 22일 12시,일요일,대전광역시 대덕구 오정동,경상사고,0,0,1,0,차대차 - 측면충돌,교차로운행방법위반,건조,맑음,교차로 - 교차로안,건설기계,남,43세,상해없음,승용,여,39세,경상
2018042200100207,2018년 4월 22일 13시,일요일,대전광역시 동구 가양동,경상사고,0,0,1,0,차대차 - 정면충돌,중앙선침범,젖음/습기,비,단일로 - 기타,이륜,남,81세,상해없음,이륜,남,54세,경상
2018042200100208,2018년 4월 22일 13시,일요일,대전광역시 동구 용전동,경상사고,0,0,1,0,차대차 - 추돌,안전운전불이행,건조,맑음,단일로 - 기타,승용,남,30세,상해없음,승용,여,57세,경상
2018042200100260,2018년 4월 22일 15시,일요일,대전광역시 서구 관저동,경상사고,0,0,1,0,차대차 - 측면충돌,안전운전불이행,건조,맑음,단일로 - 기타,승용,여,43세,상해없음,이륜,남,36세,경상
2018042200100312,2018년 4월 22일 17시,일요일,대전광역시 동구 가양동,중상사고,0,1,2,0,차대차 - 추돌,안전운전불이행,건조,맑음,단일로 - 기타,승용,남,38세,상해없음,승용,남,24세,중상
2018042200100374,2018년 4월 22일 19시,일요일,대전광역시 동구 성남동,중상사고,0,1,0,0,차대사람 - 기타,안전운전불이행,젖음/습기,맑음,교차로 - 교차로안,승용,남,23세,상해없음,보행자,남,58세,중상
2018042200100375,2018년 4월 22일 19시,일요일,대전광역시 동구 가오동,경상사고,0,0,1,0,차대차 - 측면충돌,교차로운행방법위반,건조,맑음,교차로 - 교차로안,승용,남,22세,상해없음,이륜,남,55세,경상
2018042200100475,2018년 4월 22일 22시,일요일,대전광역시 동구 자양동,경상사고,0,0,1,0,차대차 - 후진중충돌,안전운전불이행,건조,맑음,단일로 - 기타,승용,남,23세,상해없음,승용,남,23세,경상
2018042200100476,2018년 4월 22일 22시,일요일,대전광역시 유성구 장동,경상사고,0,0,1,0,차대차 - 추돌,과속,건조,맑음,단일로 - 기타,승용,여,28세,상해없음,승용,남,54세,상해없음
2018042300100018,2018년 4월 23일 01시,월요일,대전광역시 유성구 전민동,경상사고,0,0,1,0,차대차 - 추돌,안전운전불이행,젖음/습기,비,단일로 - 기타,승용,남,35세,상해없음,승용,남,33세,경상
2018042300100027,2018년 4월 23일 02시,월요일,대전광역시 중구 문창동,중상사고,0,1,0,0,차대사람 - 횡단중,보행자보호의무위반,젖음/습기,비,교차로 - 교차로횡단보도내,승용,남,45세,상해없음,보행자,남,49세,중상
2018042300100041,2018년 4월 23일 04시,월요일,대전광역시 서구 가수원동,중상사고,0,1,0,0,차대사람 - 횡단중,안전운전불이행,젖음/습기,비,교차로 - 교차로횡단보도내,화물,남,59세,상해없음,보행자,남,23세,중상
2018042300100140,2018년 4월 23일 08시,월요일,대전광역시 중구 은행동,중상사고,0,1,0,0,차량단독 - 공작물충돌,안전운전불이행,건조,맑음,단일로 - 기타,승용,남,18세,기타불명,,,,
2018042300100209,2018년 4월 23일 10시,월요일,대전광역시 동구 용전동,경상사고,0,0,1,0,차대차 - 기타,중앙선침범,젖음/습기,비,교차로 - 교차로부근,승용,여,61세,상해없음,승용,남,56세,경상
2018042300100210,2018년 4월 23일 10시,월요일,대전광역시 서구 탄방동,경상사고,0,0,1,0,차대차 - 측면충돌,안전거리미확보,건조,맑음,교차로 - 교차로부근,화물,남,37세,상해없음,승용,남,49세,경상
2018042300100323,2018년 4월 23일 14시,월요일,대전광역시 서구 용문동,경상사고,0,0,3,0,차대차 - 측면충돌,안전운전불이행,젖음/습기,비,교차로 - 교차로안,승용,여,53세,경상,화물,남,26세,경상
2018042300100343,2018년 4월 23일 15시,월요일,대전광역시 대덕구 오정동,경상사고,0,0,2,0,차대차 - 측면충돌,신호위반,젖음/습기,비,교차로 - 교차로안,승용,여,55세,상해없음,승용,여,53세,경상
2018042300100369,2018년 4월 23일 16시,월요일,대전광역시 서구 괴정동,경상사고,0,0,1,0,차대차 - 추돌,안전운전불이행,젖음/습기,비,기타 - 기타,승용,남,69세,상해없음,승용,남,61세,경상
2018042300100406,2018년 4월 23일 17시,월요일,대전광역시 동구 가양동,경상사고,0,0,1,0,차대차 - 측면충돌,교차로운행방법위반,젖음/습기,비,교차로 - 교차로안,승용,남,53세,상해없음,승용,여,47세,경상
2018042300100407,2018년 4월 23일 17시,월요일,대전광역시 동구 가오동,경상사고,0,0,1,0,차대차 - 측면충돌,안전거리미확보,젖음/습기,비,단일로 - 기타,화물,남,63세,상해없음,승용,여,42세,경상
2018042300100408,2018년 4월 23일 17시,월요일,대전광역시 서구 둔산동,경상사고,0,0,2,0,차대차 - 추돌,안전운전불이행,건조,맑음,단일로 - 기타,승용,남,50세,상해없음,승용,여,49세,경상
2018042300100440,2018년 4월 23일 18시,월요일,대전광역시 중구 선화동,경상사고,0,0,1,0,차대차 - 기타,안전운전불이행,젖음/습기,비,교차로 - 교차로안,승용,여,35세,상해없음,승용,여,28세,경상
2018042300100479,2018년 4월 23일 19시,월요일,대전광역시 중구 태평동,경상사고,0,0,1,0,차대차 - 정면충돌,안전운전불이행,젖음/습기,비,교차로 - 교차로부근,승용,남,73세,상해없음,승용,남,42세,경상
2018042300100480,2018년 4월 23일 19시,월요일,대전광역시 중구 옥계동,경상사고,0,0,1,0,차대차 - 측면충돌,신호위반,젖음/습기,비,단일로 - 기타,승용,여,62세,상해없음,이륜,남,47세,경상
2018042300100481,2018년 4월 23일 19시,월요일,대전광역시 동구 가양동,중상사고,0,1,0,0,차대사람 - 횡단중,안전운전불이행,젖음/습기,비,교차로 - 교차로안,화물,여,37세,상해없음,보행자,여,65세,중상
2018042300100482,2018년 4월 23일 19시,월요일,대전광역시 서구 월평동,경상사고,0,0,1,0,차대차 - 추돌,안전운전불이행,젖음/습기,비,단일로 - 교량,승용,남,47세,상해없음,승용,여,57세,경상
2018042300100568,2018년 4월 23일 21시,월요일,대전광역시 동구 삼성동,경상사고,0,0,1,0,차대차 - 추돌,신호위반,젖음/습기,비,교차로 - 교차로안,기타불명,기타불명,미분류,기타불명,승용,여,39세,경상
2018042300100569,2018년 4월 23일 21시,월요일,대전광역시 동구 용전동,경상사고,0,0,2,0,차대차 - 측면충돌,중앙선침범,젖음/습기,비,단일로 - 기타,승용,남,50세,상해없음,승용,남,28세,경상
2018042300100570,2018년 4월 23일 21시,월요일,대전광역시 서구 도안동,경상사고,0,0,1,0,차대차 - 측면충돌,안전운전불이행,젖음/습기,비,단일로 - 기타,승용,여,43세,상해없음,화물,남,46세,경상
2018042300100603,2018년 4월 23일 22시,월요일,대전광역시 대덕구 법동,경상사고,0,0,1,0,차대사람 - 기타,안전운전불이행,젖음/습기,흐림,기타 - 기타,화물,남,58세,상해없음,보행자,여,25세,경상
2018042300100629,2018년 4월 23일 23시,월요일,대전광역시 중구 태평동,경상사고,0,0,1,0,차대차 - 측면충돌,신호위반,젖음/습기,비,교차로 - 교차로안,승용,남,51세,상해없음,승용,여,23세,경상
2018042300100630,2018년 4월 23일 23시,월요일,대전광역시 서구 용문동,경상사고,0,0,1,0,차대차 - 측면충돌,안전운전불이행,젖음/습기,비,단일로 - 기타,승용,남,55세,상해없음,승용,여,39세,경상
2018042300100631,2018년 4월 23일 23시,월요일,대전광역시 서구 둔산동,경상사고,0,0,1,0,차대사람 - 기타,안전운전불이행,건조,맑음,단일로 - 기타,승용,여,28세,기타불명,보행자,남,27세,경상
2018042400100014,2018년 4월 24일 00시,화요일,대전광역시 중구 유천동,경상사고,0,0,1,0,차대차 - 추돌,안전운전불이행,젖음/습기,비,단일로 - 기타,승용,남,36세,상해없음,승용,여,42세,경상
2018042400100015,2018년 4월 24일 00시,화요일,대전광역시 유성구 화암동,경상사고,0,0,1,1,차대차 - 추돌,중앙선침범,젖음/습기,비,교차로 - 교차로부근,승용,여,59세,상해없음,승용,남,63세,경상
2018042400100137,2018년 4월 24일 08시,화요일,대전광역시 동구 중동,경상사고,0,0,1,0,차대차 - 측면충돌,신호위반,건조,맑음,교차로 - 교차로안,승용,남,22세,상해없음,승용,남,38세,경상
2018042400100138,2018년 4월 24일 08시,화요일,대전광역시 서구 갈마동,경상사고,0,0,1,0,차대사람 - 기타,안전운전불이행,젖음/습기,비,교차로 - 교차로안,승합,남,47세,상해없음,보행자,여,11세,경상
2018042400100173,2018년 4월 24일 09시,화요일,대전광역시 대덕구 법동,경상사고,0,0,1,0,차대사람 - 기타,안전운전불이행,건조,맑음,교차로 - 교차로횡단보도내,원동기,남,45세,상해없음,보행자,여,41세,경상
2018042400100211,2018년 4월 24일 10시,화요일,대전광역시 유성구 지족동,경상사고,0,0,1,0,차대차 - 추돌,안전거리미확보,건조,맑음,단일로 - 기타,승용,여,34세,상해없음,승용,여,55세,경상
2018042400100373,2018년 4월 24일 15시,화요일,대전광역시 중구 대흥동,중상사고,0,1,0,0,차대사람 - 횡단중,신호위반,건조,맑음,교차로 - 교차로안,승용,남,27세,상해없음,보행자,남,63세,중상
2018042400100374,2018년 4월 24일 15시,화요일,대전광역시 서구 도안동,경상사고,0,0,1,0,차대차 - 추돌,안전운전불이행,건조,맑음,단일로 - 기타,승용,여,54세,상해없음,승용,여,35세,경상
2018042400100375,2018년 4월 24일 15시,화요일,대전광역시 서구 둔산동,경상사고,0,0,1,0,차대사람 - 기타,보행자보호의무위반,건조,맑음,교차로 - 교차로횡단보도내,승합,남,60세,상해없음,보행자,여,63세,경상
2018042400100376,2018년 4월 24일 15시,화요일,대전광역시 유성구 봉명동,경상사고,0,0,1,0,차대사람 - 기타,안전운전불이행,건조,맑음,단일로 - 기타,승용,남,57세,상해없음,보행자,여,60세,경상
2018042400100378,2018년 4월 24일 15시,화요일,대전광역시 유성구 용계동,경상사고,0,0,3,0,차대차 - 기타,안전운전불이행,건조,맑음,단일로 - 기타,화물,남,46세,상해없음,승용,여,43세,경상
2018042400100414,2018년 4월 24일 16시,화요일,대전광역시 동구 소제동,중상사고,0,1,0,0,차대사람 - 횡단중,신호위반,건조,맑음,교차로 - 교차로횡단보도내,승용,여,46세,상해없음,보행자,여,32세,중상
2018042400100448,2018년 4월 24일 17시,화요일,대전광역시 동구 성남동,경상사고,0,0,1,0,차대사람 - 차도통행중,안전운전불이행,건조,맑음,단일로 - 기타,승용,남,46세,상해없음,보행자,남,8세,경상
2018042400100449,2018년 4월 24일 17시,화요일,대전광역시 유성구 구암동,경상사고,0,0,1,0,차대차 - 측면충돌,교차로운행방법위반,건조,맑음,교차로 - 교차로안,화물,남,43세,상해없음,자전거,남,71세,경상
2018042400100450,2018년 4월 24일 17시,화요일,대전광역시 유성구 구암동,경상사고,0,0,1,1,차대차 - 기타,중앙선침범,건조,맑음,단일로 - 기타,승용,남,46세,상해없음,승용,남,34세,경상
2018042400100483,2018년 4월 24일 18시,화요일,대전광역시 서구 둔산동,부상신고사고,0,0,0,1,차대차 - 측면충돌,중앙선침범,건조,맑음,단일로 - 기타,승용,남,33세,상해없음,승용,여,25세,부상신고
2018042400100518,2018년 4월 24일 19시,화요일,대전광역시 대덕구 목상동,경상사고,0,0,1,0,차대차 - 추돌,안전운전불이행,건조,맑음,단일로 - 기타,승용,남,46세,상해없음,승용,여,53세,경상
2018042400100549,2018년 4월 24일 20시,화요일,대전광역시 중구 태평동,중상사고,0,1,0,0,차대사람 - 횡단중,보행자보호의무위반,건조,맑음,단일로 - 기타,승용,여,42세,상해없음,보행자,여,53세,중상
2018042400100550,2018년 4월 24일 20시,화요일,대전광역시 동구 홍도동,경상사고,0,0,2,0,차대차 - 기타,불법유턴,건조,맑음,교차로 - 교차로안,자전거,남,22세,경상,승용,남,49세,상해없음
2018042400100551,2018년 4월 24일 20시,화요일,대전광역시 서구 둔산동,경상사고,0,0,1,0,차대차 - 측면충돌,신호위반,건조,맑음,교차로 - 교차로안,승용,여,41세,상해없음,승용,남,33세,경상
2018042400100588,2018년 4월 24일 21시,화요일,대전광역시 대덕구 중리동,경상사고,0,0,2,0,차대차 - 추돌,안전운전불이행,건조,맑음,단일로 - 기타,승용,남,47세,상해없음,승용,남,54세,경상
2018042500100016,2018년 4월 25일 00시,수요일,대전광역시 유성구 원신흥동,경상사고,0,0,1,0,차대차 - 측면충돌,신호위반,건조,맑음,교차로 - 교차로안,기타불명,기타불명,미분류,기타불명,화물,남,26세,경상
2018042500100026,2018년 4월 25일 02시,수요일,대전광역시 동구 홍도동,경상사고,0,0,1,0,차대차 - 기타,안전운전불이행,건조,맑음,교차로 - 교차로부근,승용,남,39세,상해없음,승용,여,50세,경상
2018042500100034,2018년 4월 25일 03시,수요일,대전광역시 유성구 원촌동,경상사고,0,0,1,0,차량단독 - 기타,안전운전불이행,건조,맑음,단일로 - 기타,승용,남,63세,상해없음,,,,
2018042500100081,2018년 4월 25일 07시,수요일,대전광역시 중구 유천동,중상사고,0,1,0,0,차대사람 - 횡단중,안전운전불이행,건조,맑음,단일로 - 기타,승용,여,36세,상해없음,보행자,여,39세,중상
2018042500100158,2018년 4월 25일 09시,수요일,대전광역시 서구 도마동,경상사고,0,0,2,0,차대차 - 측면충돌,안전거리미확보,건조,맑음,교차로 - 교차로부근,승용,여,35세,기타불명,승합,남,32세,경상
2018042500100159,2018년 4월 25일 09시,수요일,대전광역시 서구 갈마동,경상사고,0,0,1,0,차대차 - 기타,신호위반,건조,맑음,교차로 - 교차로횡단보도내,승용,남,72세,상해없음,자전거,남,63세,경상
2018042500100189,2018년 4월 25일 10시,수요일,대전광역시 대덕구 읍내동,경상사고,0,0,1,0,차대차 - 측면충돌,안전운전불이행,건조,맑음,단일로 - 기타,화물,남,41세,상해없음,승용,남,55세,경상
2018042500100217,2018년 4월 25일 11시,수요일,대전광역시 유성구 원신흥동,경상사고,0,0,1,3,차대차 - 측면충돌,안전거리미확보,건조,맑음,단일로 - 기타,승용,남,51세,상해없음,승용,여,43세,경상
2018042500100248,2018년 4월 25일 12시,수요일,대전광역시 유성구 덕명동,경상사고,0,0,1,0,차대차 - 측면충돌,교차로운행방법위반,건조,맑음,교차로 - 교차로안,승용,남,26세,상해없음,원동기,남,62세,경상
2018042500100287,2018년 4월 25일 13시,수요일,대전광역시 동구 효동,경상사고,0,0,1,0,차대차 - 정면충돌,안전운전불이행,건조,맑음,교차로 - 교차로안,승용,남,76세,상해없음,승용,여,62세,경상
2018042500100288,2018년 4월 25일 13시,수요일,대전광역시 서구 갈마동,중상사고,0,1,0,0,차량단독 - 기타,안전운전불이행,건조,맑음,단일로 - 기타,승합,남,54세,상해없음,,,,
2018042500100322,2018년 4월 25일 14시,수요일,대전광역시 중구 대흥동,중상사고,0,1,0,0,차대사람 - 기타,기타,건조,맑음,단일로 - 기타,승합,남,49세,상해없음,보행자,여,74세,중상
2018042500100323,2018년 4월 25일 14시,수요일,대전광역시 동구 성남동,경상사고,0,0,1,0,차대차 - 기타,안전운전불이행,건조,맑음,교차로 - 교차로안,승용,여,36세,상해없음,자전거,남,65세,경상
2018042500100324,2018년 4월 25일 14시,수요일,대전광역시 대덕구 송촌동,경상사고,0,0,2,0,차대차 - 기타,교차로운행방법위반,건조,맑음,교차로 - 교차로안,승합,남,59세,상해없음,승용,남,36세,경상
2018042500100400,2018년 4월 25일 16시,수요일,대전광역시 중구 대사동,경상사고,0,0,1,0,차대사람 - 보도통행중,안전운전불이행,건조,맑음,교차로 - 교차로횡단보도내,화물,남,53세,상해없음,보행자,남,74세,경상
2018042500100401,2018년 4월 25일 16시,수요일,대전광역시 서구 둔산동,중상사고,0,1,0,0,차대사람 - 차도통행중,안전운전불이행,건조,맑음,교차로 - 교차로안,승용,남,45세,상해없음,보행자,여,76세,중상
2018042500100443,2018년 4월 25일 17시,수요일,대전광역시 서구 도마동,경상사고,0,0,1,0,차대차 - 측면충돌,안전거리미확보,건조,맑음,단일로 - 교량,승용,남,34세,상해없음,승용,여,65세,경상
2018042500100444,2018년 4월 25일 17시,수요일,대전광역시 대덕구 석봉동,중상사고,0,1,0,0,차대차 - 기타,안전운전불이행,건조,맑음,단일로 - 기타,승용,남,84세,기타불명,승용,남,55세,중상
2018042500100445,2018년 4월 25일 17시,수요일,대전광역시 서구 월평동,중상사고,0,1,0,0,차대사람 - 횡단중,신호위반,건조,맑음,단일로 - 기타,승용,남,64세,상해없음,보행자,남,62세,중상
2018042500100482,2018년 4월 25일 18시,수요일,대전광역시 대덕구 대화동,중상사고,0,1,1,0,차대차 - 추돌,안전운전불이행,건조,맑음,단일로 - 기타,승용,남,49세,상해없음,승용,남,42세,경상
2018042500100483,2018년 4월 25일 18시,수요일,대전광역시 유성구 관평동,경상사고,0,0,1,0,차대차 - 기타,안전거리미확보,건조,맑음,단일로 - 기타,승용,여,28세,상해없음,승용,여,33세,경상
2018042500100484,2018년 4월 25일 18시,수요일,대전광역시 유성구 죽동,경상사고,0,0,1,0,차대차 - 기타,안전운전불이행,건조,맑음,단일로 - 기타,승용,남,56세,상해없음,승용,남,54세,경상
2018042500100515,2018년 4월 25일 19시,수요일,대전광역시 서구 둔산동,중상사고,0,1,2,2,차대차 - 기타,교차로운행방법위반,건조,맑음,교차로 - 교차로안,승용,남,40세,상해없음,승합,남,31세,경상
2018042500100590,2018년 4월 25일 22시,수요일,대전광역시 동구 용전동,중상사고,0,1,0,0,차대차 - 측면충돌,안전운전불이행,건조,맑음,단일로 - 기타,승용,남,57세,상해없음,이륜,남,50세,중상
2018042500100615,2018년 4월 25일 23시,수요일,대전광역시 서구 둔산동,경상사고,0,0,1,0,차대차 - 기타,안전운전불이행,건조,맑음,교차로 - 교차로안,기타불명,기타불명,미분류,기타불명,승용,남,41세,경상
2018042500100616,2018년 4월 25일 23시,수요일,대전광역시 서구 탄방동,경상사고,0,0,2,0,차대차 - 기타,교차로운행방법위반,건조,맑음,교차로 - 교차로안,승용,남,55세,상해없음,승용,남,26세,경상
2018042600100011,2018년 4월 26일 00시,목요일,대전광역시 유성구 장대동,중상사고,0,1,1,0,차대차 - 기타,중앙선침범,건조,맑음,단일로 - 기타,이륜,남,47세,중상,승용,남,30세,경상