사고번호,사고일시,요일,시군구,사고내용,사망자수,중상자수,경상자수,부상신고자수,사고유형,법규위반,노면상태,기상상태,도로형태,가해운전자 차종,가해운전자 성별,가해운전자 연령,가해운전자 상해정도,피해운전자 차종,피해운전자 성별,피해운전자 연령,피해운전자 상해정도
2018042600100120,2018년 4월 26일 08시,목요일,대전광역시 중구 유천동,경상사고,0,0,1,0,차대차 - 측면충돌,안전운전불이행,건조,맑음,교차로 - 교차로안,승용,여,47세,상해없음,승용,여,59세,경상
2018042600100155,2018년 4월 26일 09시,목요일,대전광역시 대덕구 비래동,경상사고,0,0,1,0,차대차 - 기타,안전운전불이행,건조,맑음,단일로 - 기타,승용,남,65세,상해없음,승용,여,66세,경상
2018042600100213,2018년 4월 26일 11시,목요일,대전광역시 중구 태평동,중상사고,0,1,0,0,차대차 - 측면충돌,안전운전불이행,건조,맑음,교차로 - 교차로부근,승용,여,55세,상해없음,자전거,여,63세,중상
2018042600100214,2018년 4월 26일 11시,목요일,대전광역시 중구 산성동,중상사고,0,1,0,0,차대사람 - 횡단중,안전운전불이행,건조,맑음,단일로 - 기타,승용,여,61세,상해없음,보행자,남,60세,중상
2018042600100215,2018년 4월 26일 11시,목요일,대전광역시 서구 둔산동,경상사고,0,0,1,0,차대차 - 기타,안전거리미확보,건조,맑음,단일로 - 기타,승용,남,54세,상해없음,승용,남,66세,경상
2018042600100244,2018년 4월 26일 12시,목요일,대전광역시 중구 부사동,경상사고,0,0,1,0,차대차 - 기타,안전운전불이행,건조,맑음,단일로 - 기타,승용,남,44세,상해없음,승용,여,57세,경상
2018042600100275,2018년 4월 26일 13시,목요일,대전광역시 유성구 장대동,중상사고,0,1,0,0,차대차 - 기타,안전운전불이행,건조,맑음,단일로 - 기타,승합,남,31세,상해없음,자전거,남,76세,중상
2018042600100309,2018년 4월 26일 14시,목요일,대전광역시 서구 둔산동,경상사고,0,0,1,0,차대차 - 기타,안전운전불이행,건조,맑음,단일로 - 기타,승용,남,34세,상해없음,이륜,남,58세,경상
2018042600100349,2018년 4월 26일 15시,목요일,대전광역시 서구 둔산동,경상사고,0,0,2,0,차대차 - 측면충돌,안전운전불이행,건조,맑음,교차로 - 교차로부근,승용,여,50세,경상,화물,남,37세,경상
2018042600100378,2018년 4월 26일 16시,목요일,대전광역시 서구 도마동,경상사고,0,0,1,0,차대사람 - 길가장자리구역통행중,안전운전불이행,건조,맑음,교차로 - 교차로부근,승용,여,61세,상해없음,보행자,여,56세,경상
2018042600100417,2018년 4월 26일 17시,목요일,대전광역시 중구 은행동,경상사고,0,0,2,0,차대차 - 추돌,안전운전불이행,건조,맑음,단일로 - 기타,화물,남,59세,상해없음,승용,여,56세,상해없음
2018042600100418,2018년 4월 26일 17시,목요일,대전광역시 대덕구 상서동,부상신고사고,0,0,0,1,차대차 - 추돌,안전운전불이행,건조,맑음,교차로 - 교차로안,승용,남,48세,상해없음,승용,여,41세,부상신고
2018042600100460,2018년 4월 26일 18시,목요일,대전광역시 대덕구 읍내동,경상사고,0,0,1,0,차대사람 - 기타,안전운전불이행,건조,맑음,단일로 - 기타,승합,남,54세,상해없음,보행자,여,44세,경상
2018042600100512,2018년 4월 26일 20시,목요일,대전광역시 서구 관저동,중상사고,0,1,1,0,차대사람 - 횡단중,보행자보호의무위반,건조,맑음,교차로 - 교차로횡단보도내,승용,여,47세,상해없음,보행자,여,26세,중상
2018042600100542,2018년 4월 26일 21시,목요일,대전광역시 중구 문화동,경상사고,0,0,2,0,차대사람 - 횡단중,보행자보호의무위반,건조,맑음,교차로 - 교차로횡단보도내,승용,여,47세,상해없음,보행자,여,13세,경상
2018042600100564,2018년 4월 26일 22시,목요일,대전광역시 중구 태평동,중상사고,0,1,0,0,차대차 - 측면충돌,중앙선침범,건조,맑음,단일로 - 기타,승용,남,46세,상해없음,승용,남,50세,중상
2018042600100565,2018년 4월 26일 22시,목요일,대전광역시 유성구 구암동,중상사고,0,1,0,1,차대차 - 측면충돌,신호위반,건조,맑음,교차로 - 교차로안,승합,남,52세,부상신고,승용,남,60세,중상
2018042700100046,2018년 4월 27일 03시,금요일,대전광역시 서구 둔산동,경상사고,0,0,1,0,차대차 - 측면충돌,신호위반,건조,맑음,교차로 - 교차로안,승용,남,27세,상해없음,승합,남,36세,경상
2018042700100090,2018년 4월 27일 07시,금요일,대전광역시 대덕구 평촌동,경상사고,0,0,1,0,차대차 - 측면충돌,안전운전불이행,건조,맑음,단일로 - 기타,승용,남,56세,상해없음,자전거,남,58세,경상
2018042700100132,2018년 4월 27일 08시,금요일,대전광역시 유성구 용산동,경상사고,0,0,1,0,차대차 - 측면충돌,안전거리미확보,건조,맑음,단일로 - 기타,승용,여,45세,상해없음,화물,남,41세,경상
2018042700100165,2018년 4월 27일 09시,금요일,대전광역시 서구 탄방동,경상사고,0,0,1,0,차대차 - 측면충돌,안전운전불이행,건조,맑음,단일로 - 기타,승용,여,58세,상해없음,이륜,남,79세,경상
2018042700100194,2018년 4월 27일 10시,금요일,대전광역시 서구 탄방동,경상사고,0,0,1,0,차대차 - 추돌,안전운전불이행,건조,맑음,단일로 - 기타,승용,남,65세,기타불명,승합,남,54세,기타불명
2018042700100195,2018년 4월 27일 10시,금요일,대전광역시 유성구 장대동,경상사고,0,0,1,0,차대차 - 기타,안전운전불이행,건조,맑음,교차로 - 교차로안,화물,남,57세,상해없음,승용,여,57세,경상
2018042700100219,2018년 4월 27일 11시,금요일,대전광역시 동구 삼성동,경상사고,0,0,1,0,차대차 - 기타,안전운전불이행,건조,맑음,단일로 - 기타,승용,남,68세,상해없음,승용,여,39세,경상
2018042700100220,2018년 4월 27일 11시,금요일,대전광역시 유성구 봉명동,경상사고,0,0,1,0,차대차 - 기타,안전운전불이행,건조,맑음,교차로 - 교차로횡단보도내,화물,남,42세,상해없음,자전거,여,53세,경상
2018042700100239,2018년 4월 27일 12시,금요일,대전광역시 유성구 신성동,경상사고,0,0,1,0,차대차 - 기타,안전운전불이행,건조,맑음,교차로 - 교차로안,승용,남,51세,상해없음,원동기,남,27세,경상
2018042700100271,2018년 4월 27일 13시,금요일,대전광역시 중구 유천동,경상사고,0,0,2,0,차대차 - 측면충돌,신호위반,건조,맑음,교차로 - 교차로안,승용,남,51세,상해없음,승용,남,45세,경상
2018042700100272,2018년 4월 27일 13시,금요일,대전광역시 동구 천동,사망사고,1,0,0,0,차대차 - 기타,안전거리미확보,건조,맑음,교차로 - 교차로부근,이륜,남,66세,사망,승용,여,61세,상해없음
2018042700100308,2018년 4월 27일 14시,금요일,대전광역시 유성구 구암동,경상사고,0,0,1,0,차대차 - 기타,안전거리미확보,건조,맑음,단일로 - 기타,승용,여,53세,상해없음,승용,여,56세,경상
2018042700100309,2018년 4월 27일 14시,금요일,대전광역시 유성구 문지동,경상사고,0,0,1,0,차대차 - 기타,안전운전불이행,건조,맑음,교차로 - 교차로안,승용,남,54세,기타불명,승용,남,44세,경상
2018042700100346,2018년 4월 27일 15시,금요일,대전광역시 서구 둔산동,중상사고,0,1,1,0,차대사람 - 횡단중,신호위반,건조,맑음,단일로 - 기타,승용,여,72세,상해없음,보행자,남,14세,경상
2018042700100347,2018년 4월 27일 15시,금요일,대전광역시 유성구 반석동,경상사고,0,0,1,0,차대차 - 측면충돌,교차로운행방법위반,건조,맑음,교차로 - 교차로안,건설기계,남,62세,상해없음,승용,남,43세,경상
2018042700100402,2018년 4월 27일 16시,금요일,대전광역시 동구 용전동,경상사고,0,0,1,0,차대차 - 기타,안전운전불이행,건조,맑음,단일로 - 기타,승용,남,28세,상해없음,승용,남,28세,경상
2018042700100403,2018년 4월 27일 16시,금요일,대전광역시 유성구 봉명동,경상사고,0,0,1,0,차대차 - 기타,안전운전불이행,건조,맑음,교차로 - 교차로부근,승용,여,41세,상해없음,승용,남,60세,상해없음
2018042700100432,2018년 4월 27일 17시,금요일,대전광역시 서구 갈마동,중상사고,0,1,2,0,차대차 - 기타,안전운전불이행,건조,맑음,단일로 - 기타,승용,여,48세,경상,승용,여,58세,중상
2018042700100482,2018년 4월 27일 18시,금요일,대전광역시 중구 선화동,경상사고,0,0,1,0,차대차 - 추돌,안전운전불이행,건조,맑음,교차로 - 교차로부근,승용,여,61세,상해없음,승용,여,43세,경상
2018042700100483,2018년 4월 27일 18시,금요일,대전광역시 서구 둔산동,경상사고,0,0,1,0,차대차 - 기타,안전운전불이행,건조,맑음,교차로 - 교차로안,승용,남,47세,상해없음,승용,남,30세,경상
2018042700100484,2018년 4월 27일 18시,금요일,대전광역시 유성구 원내동,중상사고,0,1,2,0,차대차 - 측면충돌,안전운전불이행,건조,맑음,교차로 - 교차로안,승용,여,47세,상해없음,승용,남,37세,경상
2018042700100528,2018년 4월 27일 19시,금요일,대전광역시 중구 산성동,중상사고,0,3,1,0,차대차 - 정면충돌,안전운전불이행,건조,맑음,교차로 - 교차로안,승용,남,64세,상해없음,승용,남,42세,중상
2018042700100529,2018년 4월 27일 19시,금요일,대전광역시 중구 산성동,경상사고,0,0,1,0,차대차 - 추돌,신호위반,건조,맑음,교차로 - 교차로안,승용,남,27세,상해없음,이륜,남,43세,경상
2018042700100558,2018년 4월 27일 20시,금요일,대전광역시 대덕구 중리동,중상사고,0,1,0,0,차대사람 - 기타,기타,건조,맑음,단일로 - 기타,승합,남,56세,상해없음,보행자,여,55세,중상
2018042700100627,2018년 4월 27일 22시,금요일,대전광역시 서구 용문동,경상사고,0,0,1,0,차대차 - 기타,신호위반,건조,맑음,교차로 - 교차로안,승용,남,57세,상해없음,승용,남,25세,경상
2018042800100014,2018년 4월 28일 00시,토요일,대전광역시 중구 오류동,부상신고사고,0,0,0,1,차대사람 - 길가장자리구역통행중,안전운전불이행,건조,맑음,단일로 - 기타,기타불명,기타불명,미분류,기타불명,보행자,여,26세,부상신고
2018042800100015,2018년 4월 28일 00시,토요일,대전광역시 서구 둔산동,경상사고,0,0,4,0,차대차 - 기타,신호위반,건조,맑음,교차로 - 교차로안,승용,남,36세,상해없음,승용,여,23세,경상
2018042800100017,2018년 4월 28일 00시,토요일,대전광역시 유성구 궁동,경상사고,0,0,1,0,차대사람 - 보도통행중,안전운전불이행,건조,맑음,단일로 - 기타,승용,남,24세,상해없음,보행자,남,23세,경상
2018042800100056,2018년 4월 28일 02시,토요일,대전광역시 유성구 덕명동,중상사고,0,1,0,0,차대차 - 추돌,안전거리미확보,건조,맑음,단일로 - 기타,화물,남,44세,상해없음,승용,남,27세,중상
2018042800100163,2018년 4월 28일 08시,토요일,대전광역시 동구 천동,경상사고,0,0,1,0,차대차 - 추돌,안전거리미확보,건조,맑음,교차로 - 교차로안,승용,여,49세,상해없음,승용,남,64세,경상
2018042800100275,2018년 4월 28일 11시,토요일,대전광역시 서구 복수동,중상사고,0,1,0,0,차대차 - 추돌,안전운전불이행,건조,맑음,단일로 - 기타,화물,남,48세,상해없음,승용,여,44세,중상
2018042800100316,2018년 4월 28일 12시,토요일,대전광역시 동구 원동,경상사고,0,0,3,0,차대차 - 기타,안전운전불이행,건조,맑음,교차로 - 교차로안,승용,남,70세,상해없음,승용,남,26세,경상
2018042800100352,2018년 4월 28일 13시,토요일,대전광역시 중구 유천동,경상사고,0,0,1,0,차대차 - 측면충돌,안전운전불이행,건조,맑음,단일로 - 기타,승용,남,37세,상해없음,승용,남,63세,경상
2018042800100353,2018년 4월 28일 13시,토요일,대전광역시 유성구 장대동,경상사고,0,0,1,0,차대사람 - 횡단중,안전운전불이행,건조,맑음,단일로 - 기타,승용,여,54세,상해없음,보행자,남,73세,경상
2018042800100390,2018년 4월 28일 14시,토요일,대전광역시 서구 갈마동,경상사고,0,0,1,0,차대사람 - 기타,안전운전불이행,건조,맑음,교차로 - 교차로안,승용,남,39세,상해없음,보행자,남,77세,경상
2018042800100391,2018년 4월 28일 14시,토요일,대전광역시 서구 월평동,중상사고,0,1,0,0,차대사람 - 횡단중,안전운전불이행,건조,맑음,교차로 - 교차로안,승용,남,29세,상해없음,보행자,남,57세,중상
2018042800100426,2018년 4월 28일 15시,토요일,대전광역시 중구 태평동,중상사고,0,1,0,0,차대차 - 측면충돌,신호위반,건조,맑음,교차로 - 교차로안,승용,여,22세,상해없음,자전거,남,84세,중상
2018042800100427,2018년 4월 28일 15시,토요일,대전광역시 동구 가양동,경상사고,0,0,1,0,차대차 - 측면충돌,안전운전불이행,건조,맑음,교차로 - 교차로안,승용,남,74세,경상,승합,남,59세,상해없음
2018042800100428,2018년 4월 28일 15시,토요일,대전광역시 동구 성남동,경상사고,0,0,1,0,차대차 - 기타,안전거리미확보,건조,맑음,교차로 - 교차로안,승용,여,39세,상해없음,승합,남,45세,상해없음
2018042800100465,2018년 4월 28일 16시,토요일,대전광역시 중구 대흥동,경상사고,0,0,1,0,차대차 - 추돌,안전운전불이행,건조,맑음,교차로 - 교차로부근,승용,여,53세,상해없음,승용,남,21세,경상
2018042800100466,2018년 4월 28일 16시,토요일,대전광역시 유성구 용산동,중상사고,0,1,0,0,차대차 - 추돌,불법유턴,건조,맑음,단일로 - 기타,화물,남,61세,상해없음,이륜,남,46세,중상
2018042800100536,2018년 4월 28일 18시,토요일,대전광역시 동구 가양동,경상사고,0,0,1,0,차대사람 - 기타,안전운전불이행,건조,맑음,교차로 - 교차로부근,승용,남,29세,상해없음,보행자,여,67세,경상
2018042800100570,2018년 4월 28일 19시,토요일,대전광역시 중구 은행동,중상사고,0,1,0,0,차대사람 - 기타,안전운전불이행,건조,맑음,단일로 - 기타,승합,남,53세,상해없음,보행자,여,19세,중상
2018042800100571,2018년 4월 28일 19시,토요일,대전광역시 서구 월평동,경상사고,0,0,1,0,차대차 - 측면충돌,안전운전불이행,건조,맑음,교차로 - 교차로안,승용,여,20세,상해없음,승용,남,26세,경상
2018042800100623,2018년 4월 28일 21시,토요일,대전광역시 동구 중동,경상사고,0,0,1,0,차대차 - 기타,안전운전불이행,건조,맑음,단일로 - 기타,화물,남,40세,상해없음,승용,여,64세,경상
2018042800100624,2018년 4월 28일 21시,토요일,대전광역시 유성구 죽동,중상사고,0,1,0,0,차대차 - 측면충돌,신호위반,건조,맑음,교차로 - 교차로부근,승용,남,67세,상해없음,자전거,남,11세,중상
2018042900100015,2018년 4월 29일 00시,일요일,대전광역시 대덕구 송촌동,경상사고,0,0,1,0,차대사람 - 기타,안전운전불이행,건조,맑음,단일로 - 기타,승용,남,19세,상해없음,보행자,여,29세,경상
2018042900100016,2018년 4월 29일 00시,일요일,대전광역시 서구 월평동,중상사고,0,2,0,0,차대차 - 정면충돌,신호위반,건조,맑음,교차로 - 교차로안,승용,남,27세,중상,승용,남,25세,중상
2018042900100054,2018년 4월 29일 03시,일요일,대전광역시 동구 가양동,중상사고,0,1,0,0,차대사람 - 기타,안전운전불이행,건조,맑음,단일로 - 기타,승용,남,63세,상해없음,보행자,여,61세,중상
2018042900100114,2018년 4월 29일 08시,일요일,대전광역시 서구 갈마동,경상사고,0,0,2,0,차대차 - 후진중충돌,안전운전불이행,건조,맑음,단일로 - 기타,승용,남,42세,상해없음,승용,남,55세,경상
2018042900100186,2018년 4월 29일 11시,일요일,대전광역시 서구 월평동,사망사고,1,0,0,0,차대차 - 측면충돌,안전운전불이행,건조,맑음,단일로 - 기타,승용,남,34세,상해없음,자전거,남,7세,사망
2018042900100220,2018년 4월 29일 12시,일요일,대전광역시 동구 대동,경상사고,0,0,1,0,차대차 - 측면충돌,교차로운행방법위반,건조,맑음,교차로 - 교차로안,승용,남,65세,기타불명,원동기,남,44세,경상
2018042900100325,2018년 4월 29일 15시,일요일,대전광역시 대덕구 미호동,경상사고,0,0,1,0,차대차 - 측면충돌,안전운전불이행,건조,맑음,단일로 - 기타,승용,남,73세,상해없음,자전거,남,55세,경상
2018042900100403,2018년 4월 29일 17시,일요일,대전광역시 동구 가오동,경상사고,0,0,3,0,차대차 - 추돌,안전운전불이행,건조,맑음,교차로 - 교차로부근,승용,남,40세,상해없음,승용,남,61세,경상
2018042900100404,2018년 4월 29일 17시,일요일,대전광역시 서구 관저동,경상사고,0,0,1,0,차대차 - 측면충돌,신호위반,건조,맑음,교차로 - 교차로안,승합,남,58세,상해없음,승용,여,43세,경상
2018042900100436,2018년 4월 29일 18시,일요일,대전광역시 서구 갈마동,경상사고,0,0,1,0,차대사람 - 기타,안전운전불이행,건조,맑음,단일로 - 기타,승용,여,41세,상해없음,보행자,여,5세,경상
2018042900100437,2018년 4월 29일 18시,일요일,대전광역시 유성구 관평동,중상사고,0,1,0,0,차대차 - 측면충돌,안전운전불이행,건조,맑음,교차로 - 교차로횡단보도내,승용,남,35세,상해없음,자전거,남,62세,중상
2018042900100463,2018년 4월 29일 19시,일요일,대전광역시 서구 월평동,중상사고,0,1,4,0,차대차 - 추돌,안전운전불이행,건조,맑음,교차로 - 교차로부근,승용,남,32세,상해없음,승용,남,29세,중상
2018042900100499,2018년 4월 29일 20시,일요일,대전광역시 동구 가오동,경상사고,0,0,1,0,차대차 - 측면충돌,안전운전불이행,건조,맑음,교차로 - 교차로안,승용,남,23세,상해없음,자전거,남,25세,경상
2018042900100522,2018년 4월 29일 21시,일요일,대전광역시 서구 관저동,중상사고,0,1,0,0,차대차 - 측면충돌,신호위반,건조,맑음,교차로 - 교차로안,승용,남,29세,상해없음,이륜,남,65세,중상
2018042900100523,2018년 4월 29일 21시,일요일,대전광역시 서구 탄방동,경상사고,0,0,1,0,차대차 - 기타,중앙선침범,건조,맑음,단일로 - 기타,승용,남,28세,상해없음,승용,여,24세,경상
2018042900100538,2018년 4월 29일 22시,일요일,대전광역시 동구 홍도동,경상사고,0,0,1,0,차대차 - 추돌,안전운전불이행,건조,맑음,단일로 - 기타,승용,여,62세,상해없음,승용,여,45세,기타불명
2018042900100539,2018년 4월 29일 22시,일요일,대전광역시 대덕구 법동,중상사고,0,1,0,0,차대차 - 기타,안전운전불이행,건조,맑음,단일로 - 기타,승용,남,22세,상해없음,이륜,남,34세,중상
2018042900100540,2018년 4월 29일 22시,일요일,대전광역시 서구 둔산동,경상사고,0,0,4,0,차대차 - 기타,직진우회전진행방해,건조,맑음,교차로 - 교차로안,승용,남,32세,경상,승용,남,60세,경상
2018043000100009,2018년 4월 30일 00시,월요일,대전광역시 서구 탄방동,경상사고,0,0,2,0,차대차 - 추돌,안전운전불이행,건조,맑음,교차로 - 교차로안,승용,여,57세,경상,승용,남,38세,경상
2018043000100043,2018년 4월 30일 04시,월요일,대전광역시 유성구 궁동,사망사고,1,0,0,0,차량단독 - 공작물충돌,안전운전불이행,건조,맑음,단일로 - 기타,승용,남,45세,사망,,,,
2018043000100051,2018년 4월 30일 05시,월요일,대전광역시 중구 유천동,경상사고,0,0,1,0,차대차 - 측면충돌,안전운전불이행,건조,맑음,교차로 - 교차로안,승용,남,67세,상해없음,승용,남,66세,경상
2018043000100052,2018년 4월 30일 05시,월요일,대전광역시 서구 탄방동,경상사고,0,0,2,0,차대차 - 추돌,안전운전불이행,건조,맑음,교차로 - 교차로부근,승합,남,33세,상해없음,승용,남,35세,경상
2018043000100053,2018년 4월 30일 05시,월요일,대전광역시 유성구 갑동,중상사고,0,2,0,0,차량단독 - 공작물충돌,안전운전불이행,건조,맑음,단일로 - 기타,승용,남,58세,중상,,,,
2018043000100054,2018년 4월 30일 05시,월요일,대전광역시 유성구 계산동,중상사고,0,2,0,1,차대차 - 측면충돌,신호위반,건조,맑음,교차로 - 교차로안,화물,남,48세,중상,승용,남,55세,중상
2018043000100160,2018년 4월 30일 09시,월요일,대전광역시 유성구 상대동,경상사고,0,0,1,0,차대차 - 추돌,안전운전불이행,건조,맑음,교차로 - 교차로부근,승용,여,53세,상해없음,승용,남,45세,경상
2018043000100195,2018년 4월 30일 10시,월요일,대전광역시 중구 대사동,중상사고,0,1,0,0,차대사람 - 횡단중,안전운전불이행,건조,맑음,단일로 - 기타,승용,남,63세,상해없음,보행자,여,60세,중상
2018043000100196,2018년 4월 30일 10시,월요일,대전광역시 서구 용문동,경상사고,0,0,1,0,차대차 - 측면충돌,안전운전불이행,건조,맑음,단일로 - 기타,승용,남,75세,상해없음,승용,여,49세,경상
2018043000100240,2018년 4월 30일 11시,월요일,대전광역시 서구 탄방동,경상사고,0,0,2,0,차대차 - 측면충돌,안전운전불이행,건조,맑음,단일로 - 기타,승용,여,54세,상해없음,승용,남,65세,경상
2018043000100269,2018년 4월 30일 12시,월요일,대전광역시 유성구 봉명동,경상사고,0,0,1,0,차대사람 - 기타,안전운전불이행,건조,맑음,주차장 - 주차장,승용,남,43세,상해없음,보행자,여,47세,상해없음
2018043000100304,2018년 4월 30일 13시,월요일,대전광역시 동구 원동,중상사고,0,1,0,0,차대사람 - 횡단중,안전운전불이행,건조,맑음,단일로 - 기타,승용,남,56세,상해없음,보행자,여,66세,중상
2018043000100338,2018년 4월 30일 14시,월요일,대전광역시 중구 대사동,경상사고,0,0,2,0,차대차 - 추돌,안전운전불이행,건조,맑음,단일로 - 기타,승용,남,60세,상해없음,승용,남,49세,경상
2018043000100339,2018년 4월 30일 14시,월요일,대전광역시 서구 정림동,경상사고,0,0,1,0,차대사람 - 횡단중,보행자보호의무위반,건조,맑음,교차로 - 교차로안,승용,여,47세,상해없음,보행자,여,13세,경상
2018043000100375,2018년 4월 30일 15시,월요일,대전광역시 서구 탄방동,경상사고,0,0,2,0,차대차 - 추돌,안전운전불이행,건조,맑음,교차로 - 교차로안,승용,남,19세,상해없음,승용,여,61세,경상
2018043000100405,2018년 4월 30일 16시,월요일,대전광역시 서구 둔산동,경상사고,0,0,1,0,차대차 - 기타,안전운전불이행,건조,맑음,단일로 - 기타,승용,남,38세,상해없음,승용,남,41세,경상
2018043000100576,2018년 4월 30일 20시,월요일,대전광역시 중구 태평동,경상사고,0,0,1,0,차대차 - 측면충돌,신호위반,건조,맑음,교차로 - 교차로안,승용,여,40세,상해없음,승용,여,41세,경상
2018043000100577,2018년 4월 30일 20시,월요일,대전광역시 동구 성남동,경상사고,0,0,1,0,차대사람 - 기타,교차로운행방법위반,건조,맑음,교차로 - 교차로안,승용,남,63세,상해없음,보행자,남,74세,경상
2018043000100578,2018년 4월 30일 20시,월요일,대전광역시 동구 대동,경상사고,0,0,1,0,차대사람 - 차도통행중,안전운전불이행,건조,맑음,단일로 - 기타,승용,남,29세,상해없음,보행자,여,48세,경상
2018043000100600,2018년 4월 30일 21시,월요일,대전광역시 서구 월평동,경상사고,0,0,1,0,차대차 - 측면충돌,안전운전불이행,건조,맑음,교차로 - 교차로안,승용,여,57세,상해없음,승용,남,27세,경상
2018043000100601,2018년 4월 30일 21시,월요일,대전광역시 서구 탄방동,경상사고,0,0,1,0,차대차 - 추돌,안전운전불이행,건조,맑음,단일로 - 기타,화물,남,30세,상해없음,승용,남,45세,경상
2018043000100626,2018년 4월 30일 22시,월요일,대전광역시 중구 산성동,경상사고,0,0,1,0,차대사람 - 차도통행중,안전운전불이행,건조,맑음,주차장 - 주차장,화물,남,55세,상해없음,보행자,여,19세,경상
2018043000100648,2018년 4월 30일 23시,월요일,대전광역시 중구 중촌동,경상사고,0,0,3,0,차대차 - 추돌,안전운전불이행,건조,맑음,교차로 - 교차로부근,승용,여,52세,상해없음,승합,남,44세,경상
2018050100100020,2018년 5월 1일 00시,화요일,대전광역시 서구 갈마동,경상사고,0,0,3,0,차대차 - 추돌,안전거리미확보,건조,맑음,단일로 - 기타,승용,남,59세,상해없음,승용,여,32세,경상
2018050100100030,2018년 5월 1일 01시,화요일,대전광역시 서구 월평동,경상사고,0,0,1,0,차대사람 - 횡단중,안전운전불이행,건조,맑음,단일로 - 기타,승용,남,66세,상해없음,보행자,남,41세,경상
2018050100100081,2018년 5월 1일 06시,화요일,대전광역시 유성구 장대동,경상사고,0,0,1,0,차대차 - 측면충돌,교차로운행방법위반,건조,맑음,교차로 - 교차로안,승용,남,27세,상해없음,승용,남,44세,경상
2018050100100102,2018년 5월 1일 07시,화요일,대전광역시 유성구 원내동,경상사고,0,0,6,6,차대차 - 기타,안전거리미확보,건조,맑음,교차로 - 교차로부근,승합,남,58세,상해없음,승용,여,74세,경상
2018050100100103,2018년 5월 1일 07시,화요일,대전광역시 유성구 봉명동,경상사고,0,0,1,0,차대차 - 기타,교차로운행방법위반,건조,맑음,교차로 - 교차로안,승용,여,58세,상해없음,자전거,남,16세,경상
2018050100100127,2018년 5월 1일 08시,화요일,대전광역시 대덕구 비래동,경상사고,0,0,1,0,차대차 - 기타,신호위반,건조,맑음,교차로 - 교차로안,승용,남,60세,기타불명,승용,여,42세,경상
2018050100100178,2018년 5월 1일 10시,화요일,대전광역시 서구 흑석동,중상사고,0,1,0,0,차대차 - 측면충돌,신호위반,건조,맑음,교차로 - 교차로부근,승용,여,62세,상해없음,자전거,남,31세,중상
2018050100100264,2018년 5월 1일 13시,화요일,대전광역시 대덕구 신탄진동,경상사고,0,0,2,0,차대차 - 추돌,안전운전불이행,건조,맑음,단일로 - 기타,승용,남,55세,상해없음,승용,남,37세,경상
2018050100100265,2018년 5월 1일 13시,화요일,대전광역시 대덕구 신탄진동,경상사고,0,0,1,0,차대차 - 추돌,안전운전불이행,건조,맑음,단일로 - 기타,화물,남,35세,상해없음,승용,남,21세,경상
2018050100100266,2018년 5월 1일 13시,화요일,대전광역시 대덕구 미호동,경상사고,0,0,1,0,차대사람 - 기타,안전운전불이행,건조,맑음,교차로 - 교차로부근,승합,남,69세,기타불명,보행자,남,36세,경상
2018050100100295,2018년 5월 1일 14시,화요일,대전광역시 유성구 하기동,중상사고,0,1,0,0,차대사람 - 길가장자리구역통행중,안전운전불이행,건조,맑음,단일로 - 기타,화물,남,43세,상해없음,보행자,여,85세,중상
2018050100100414,2018년 5월 1일 18시,화요일,대전광역시 대덕구 법동,경상사고,0,0,1,0,차대차 - 측면충돌,안전운전불이행,건조,맑음,단일로 - 기타,승용,남,38세,상해없음,이륜,남,18세,경상
2018050100100442,2018년 5월 1일 19시,화요일,대전광역시 동구 중동,경상사고,0,0,1,0,차대차 - 측면충돌,불법유턴,젖음/습기,흐림,교차로 - 교차로부근,자전거,남,43세,경상,승용,남,43세,상해없음
2018050100100472,2018년 5월 1일 20시,화요일,대전광역시 대덕구 중리동,부상신고사고,0,0,0,4,차대차 - 측면충돌,교차로운행방법위반,건조,흐림,교차로 - 교차로안,승용,여,41세,상해없음,승용,남,52세,부상신고
2018050100100527,2018년 5월 1일 23시,화요일,대전광역시 유성구 봉명동,경상사고,0,0,1,0,차대차 - 기타,안전운전불이행,건조,맑음,단일로 - 기타,승용,남,38세,상해없음,승용,남,30세,기타불명
2018050200100015,2018년 5월 2일 00시,수요일,대전광역시 서구 변동,경상사고,0,0,1,0,차대차 - 측면충돌,신호위반,젖음/습기,비,교차로 - 교차로안,기타불명,기타불명,미분류,기타불명,승용,남,62세,경상
2018050200100078,2018년 5월 2일 06시,수요일,대전광역시 유성구 안산동,경상사고,0,0,1,0,차대차 - 기타,안전운전불이행,건조,맑음,단일로 - 기타,승합,남,52세,상해없음,화물,남,65세,경상
2018050200100102,2018년 5월 2일 07시,수요일,대전광역시 유성구 화암동,경상사고,0,0,1,0,차대차 - 추돌,안전운전불이행,건조,맑음,단일로 - 기타,승용,여,28세,상해없음,승용,여,33세,경상
2018050200100190,2018년 5월 2일 09시,수요일,대전광역시 대덕구 오정동,경상사고,0,0,1,0,차대차 - 측면충돌,신호위반,건조,맑음,교차로 - 교차로안,승용,여,69세,상해없음,원동기,여,63세,경상
2018050200100225,2018년 5월 2일 10시,수요일,대전광역시 서구 복수동,경상사고,0,0,2,0,차대차 - 추돌,안전운전불이행,건조,맑음,단일로 - 기타,승용,여,51세,상해없음,승용,남,61세,경상