사고번호,사고일시,요일,시군구,사고내용,사망자수,중상자수,경상자수,부상신고자수,사고유형,법규위반,노면상태,기상상태,도로형태,가해운전자 차종,가해운전자 성별,가해운전자 연령,가해운전자 상해정도,피해운전자 차종,피해운전자 성별,피해운전자 연령,피해운전자 상해정도
2018051200100636,2018년 5월 12일 21시,토요일,대전광역시 대덕구 신탄진동,경상사고,0,0,2,0,차대차 - 측면충돌,안전운전불이행,젖음/습기,비,단일로 - 기타,승용,남,44세,상해없음,승용,남,26세,경상
2018051200100637,2018년 5월 12일 21시,토요일,대전광역시 유성구 지족동,경상사고,0,0,2,0,차대차 - 기타,안전운전불이행,젖음/습기,비,교차로 - 교차로안,승용,여,31세,경상,승용,여,65세,경상
2018051200100678,2018년 5월 12일 22시,토요일,대전광역시 유성구 덕명동,경상사고,0,0,1,0,차대차 - 추돌,안전운전불이행,젖음/습기,비,단일로 - 기타,화물,남,41세,상해없음,승용,여,32세,경상
2018051200100709,2018년 5월 12일 23시,토요일,대전광역시 대덕구 비래동,경상사고,0,0,1,0,차대차 - 측면충돌,교차로운행방법위반,젖음/습기,비,교차로 - 교차로안,승용,남,58세,상해없음,원동기,남,47세,경상
2018051300100021,2018년 5월 13일 00시,일요일,대전광역시 서구 월평동,경상사고,0,0,1,0,차대차 - 추돌,안전운전불이행,젖음/습기,비,단일로 - 기타,승용,남,27세,상해없음,승용,여,30세,경상
2018051300100022,2018년 5월 13일 00시,일요일,대전광역시 유성구 구암동,경상사고,0,0,2,0,차대차 - 기타,신호위반,젖음/습기,비,교차로 - 교차로안,승용,여,22세,상해없음,승용,남,59세,경상
2018051300100043,2018년 5월 13일 01시,일요일,대전광역시 서구 갈마동,중상사고,0,2,1,0,차대차 - 측면충돌,신호위반,젖음/습기,비,교차로 - 교차로안,승용,남,22세,상해없음,승용,남,59세,중상
2018051300100055,2018년 5월 13일 02시,일요일,대전광역시 서구 월평동,경상사고,0,0,1,0,차대차 - 측면충돌,신호위반,젖음/습기,비,단일로 - 기타,승용,남,29세,상해없음,승용,남,54세,경상
2018051300100082,2018년 5월 13일 04시,일요일,대전광역시 서구 둔산동,경상사고,0,0,1,0,차대사람 - 길가장자리구역통행중,안전운전불이행,건조,맑음,교차로 - 교차로부근,승용,남,19세,상해없음,보행자,남,25세,경상
2018051300100087,2018년 5월 13일 05시,일요일,대전광역시 서구 월평동,경상사고,0,0,1,0,차대차 - 측면충돌,안전운전불이행,젖음/습기,흐림,단일로 - 기타,승용,남,26세,상해없음,승용,남,62세,경상
2018051300100133,2018년 5월 13일 09시,일요일,대전광역시 유성구 봉명동,경상사고,0,0,1,0,차대차 - 측면충돌,교차로운행방법위반,건조,맑음,교차로 - 교차로안,승용,여,28세,상해없음,자전거,남,53세,경상
2018051300100221,2018년 5월 13일 13시,일요일,대전광역시 서구 월평동,중상사고,0,1,0,0,차대차 - 측면충돌,신호위반,건조,맑음,교차로 - 교차로안,승용,남,59세,상해없음,이륜,여,28세,중상
2018051300100222,2018년 5월 13일 13시,일요일,대전광역시 유성구 장대동,경상사고,0,0,1,0,차대차 - 측면충돌,안전거리미확보,건조,맑음,단일로 - 기타,승용,남,31세,상해없음,승용,여,42세,경상
2018051300100254,2018년 5월 13일 14시,일요일,대전광역시 유성구 반석동,경상사고,0,0,4,0,차대차 - 추돌,안전운전불이행,건조,맑음,단일로 - 기타,승용,남,57세,상해없음,승용,남,22세,경상
2018051300100255,2018년 5월 13일 14시,일요일,대전광역시 유성구 장대동,중상사고,0,1,0,0,차대사람 - 기타,보행자보호의무위반,건조,맑음,교차로 - 교차로횡단보도내,승용,남,75세,상해없음,보행자,여,57세,중상
2018051300100369,2018년 5월 13일 17시,일요일,대전광역시 대덕구 비래동,경상사고,0,0,2,1,차대차 - 측면충돌,안전운전불이행,건조,맑음,단일로 - 기타,승용,남,45세,기타불명,승용,남,41세,부상신고
2018051300100399,2018년 5월 13일 18시,일요일,대전광역시 동구 신안동,중상사고,0,1,0,0,차대차 - 측면충돌,교차로운행방법위반,건조,맑음,교차로 - 교차로안,승용,남,46세,상해없음,이륜,남,49세,중상
2018051300100400,2018년 5월 13일 18시,일요일,대전광역시 유성구 장대동,중상사고,0,1,0,0,차대사람 - 기타,안전운전불이행,건조,맑음,단일로 - 기타,자전거,남,24세,상해없음,보행자,남,76세,중상
2018051300100468,2018년 5월 13일 20시,일요일,대전광역시 동구 가양동,경상사고,0,0,8,0,차대차 - 측면충돌,안전운전불이행,건조,맑음,단일로 - 기타,화물,남,39세,경상,승용,남,45세,경상
2018051300100469,2018년 5월 13일 20시,일요일,대전광역시 유성구 복용동,경상사고,0,0,1,0,차대차 - 추돌,안전운전불이행,건조,맑음,교차로 - 교차로안,승용,남,38세,상해없음,승용,여,58세,경상
2018051300100491,2018년 5월 13일 21시,일요일,대전광역시 대덕구 읍내동,경상사고,0,0,1,0,차대차 - 추돌,안전운전불이행,건조,맑음,단일로 - 교량,승용,남,33세,상해없음,승용,남,30세,경상
2018051300100526,2018년 5월 13일 23시,일요일,대전광역시 서구 갈마동,경상사고,0,0,2,0,차대사람 - 길가장자리구역통행중,안전운전불이행,건조,맑음,단일로 - 기타,승용,남,25세,상해없음,보행자,남,22세,경상
2018051400100041,2018년 5월 14일 05시,월요일,대전광역시 서구 복수동,사망사고,1,0,0,0,차대사람 - 횡단중,안전운전불이행,젖음/습기,안개,교차로 - 교차로횡단보도내,화물,남,33세,상해없음,보행자,남,80세,사망
2018051400100083,2018년 5월 14일 07시,월요일,대전광역시 대덕구 대화동,경상사고,0,0,1,0,차대차 - 추돌,안전운전불이행,건조,맑음,단일로 - 기타,화물,남,57세,상해없음,승용,남,40세,경상
2018051400100157,2018년 5월 14일 09시,월요일,대전광역시 서구 월평동,경상사고,0,0,1,0,차대차 - 추돌,안전운전불이행,건조,맑음,단일로 - 기타,승용,여,24세,상해없음,승용,여,41세,경상
2018051400100158,2018년 5월 14일 09시,월요일,대전광역시 유성구 지족동,중상사고,0,1,0,0,차대차 - 추돌,교차로운행방법위반,건조,맑음,교차로 - 교차로안,승용,여,49세,상해없음,승용,여,26세,중상
2018051400100182,2018년 5월 14일 10시,월요일,대전광역시 중구 침산동,경상사고,0,0,1,0,차대차 - 기타,안전운전불이행,건조,맑음,주차장 - 주차장,승용,여,41세,상해없음,승용,여,38세,경상
2018051400100210,2018년 5월 14일 11시,월요일,대전광역시 동구 삼성동,경상사고,0,0,1,0,차대사람 - 횡단중,안전운전불이행,건조,맑음,교차로 - 교차로안,승용,여,27세,상해없음,보행자,남,69세,경상
2018051400100211,2018년 5월 14일 11시,월요일,대전광역시 유성구 원내동,경상사고,0,0,2,0,차대차 - 기타,안전거리미확보,건조,맑음,단일로 - 기타,승용,여,47세,상해없음,승용,남,37세,경상
2018051400100263,2018년 5월 14일 13시,월요일,대전광역시 유성구 장대동,경상사고,0,0,2,0,차대차 - 측면충돌,안전거리미확보,건조,맑음,기타 - 기타,승용,남,76세,기타불명,승용,여,30세,경상
2018051400100312,2018년 5월 14일 14시,월요일,대전광역시 동구 용전동,경상사고,0,0,2,0,차대차 - 측면충돌,안전운전불이행,건조,맑음,단일로 - 기타,승용,남,58세,상해없음,승합,남,47세,상해없음
2018051400100344,2018년 5월 14일 15시,월요일,대전광역시 서구 관저동,경상사고,0,0,1,0,차대차 - 측면충돌,신호위반,건조,맑음,교차로 - 교차로안,화물,남,64세,상해없음,승용,남,51세,경상
2018051400100345,2018년 5월 14일 15시,월요일,대전광역시 유성구 원내동,경상사고,0,0,1,0,차대차 - 추돌,안전거리미확보,건조,맑음,단일로 - 기타,원동기,남,17세,상해없음,원동기,남,17세,경상
2018051400100382,2018년 5월 14일 16시,월요일,대전광역시 유성구 관평동,경상사고,0,0,5,0,차대차 - 추돌,안전운전불이행,건조,맑음,단일로 - 기타,승용,남,76세,상해없음,승용,남,39세,경상
2018051400100464,2018년 5월 14일 18시,월요일,대전광역시 동구 삼성동,중상사고,0,1,0,0,차대사람 - 기타,안전운전불이행,건조,맑음,교차로 - 교차로부근,승용,남,41세,상해없음,보행자,여,88세,중상
2018051400100465,2018년 5월 14일 18시,월요일,대전광역시 동구 판암동,중상사고,0,1,0,0,차대차 - 측면충돌,교차로운행방법위반,건조,맑음,교차로 - 교차로안,승용,여,47세,상해없음,이륜,남,44세,중상
2018051400100481,2018년 5월 14일 19시,월요일,대전광역시 유성구 전민동,경상사고,0,0,1,0,차대차 - 측면충돌,안전거리미확보,건조,맑음,단일로 - 기타,승용,남,25세,상해없음,승용,남,24세,경상
2018051400100522,2018년 5월 14일 20시,월요일,대전광역시 중구 태평동,중상사고,0,1,0,0,차대사람 - 기타,안전운전불이행,건조,맑음,단일로 - 기타,자전거,남,53세,상해없음,보행자,남,26세,중상
2018051400100523,2018년 5월 14일 20시,월요일,대전광역시 중구 부사동,경상사고,0,0,1,0,차대차 - 측면충돌,신호위반,건조,맑음,교차로 - 교차로안,기타불명,기타불명,미분류,기타불명,승용,여,42세,경상
2018051400100540,2018년 5월 14일 21시,월요일,대전광역시 서구 도마동,경상사고,0,0,1,0,차대사람 - 횡단중,안전운전불이행,건조,맑음,교차로 - 교차로부근,화물,남,56세,상해없음,보행자,남,47세,경상
2018051400100556,2018년 5월 14일 22시,월요일,대전광역시 동구 용운동,경상사고,0,0,2,0,차대차 - 추돌,안전운전불이행,건조,맑음,단일로 - 기타,승용,여,32세,상해없음,승용,남,68세,경상
2018051400100557,2018년 5월 14일 22시,월요일,대전광역시 동구 홍도동,경상사고,0,0,1,0,차대차 - 후진중충돌,안전운전불이행,건조,맑음,단일로 - 기타,승용,남,42세,상해없음,승용,여,22세,경상
2018051400100558,2018년 5월 14일 22시,월요일,대전광역시 서구 도마동,중상사고,0,1,0,0,차량단독 - 기타,안전운전불이행,건조,맑음,단일로 - 기타,승용,남,52세,상해없음,,,,
2018051500100038,2018년 5월 15일 04시,화요일,대전광역시 중구 태평동,경상사고,0,0,1,0,차대차 - 후진중충돌,안전운전불이행,건조,맑음,단일로 - 기타,승용,남,22세,상해없음,승용,남,41세,경상
2018051500100045,2018년 5월 15일 05시,화요일,대전광역시 유성구 송강동,중상사고,0,1,0,0,차대차 - 추돌,안전운전불이행,건조,맑음,교차로 - 교차로안,승용,여,44세,상해없음,이륜,남,56세,중상
2018051500100088,2018년 5월 15일 07시,화요일,대전광역시 서구 둔산동,경상사고,0,0,1,0,차대차 - 기타,안전거리미확보,건조,맑음,단일로 - 기타,승용,남,23세,상해없음,승용,남,30세,경상
2018051500100134,2018년 5월 15일 08시,화요일,대전광역시 중구 유천동,경상사고,0,0,1,0,차대사람 - 보도통행중,안전운전불이행,건조,맑음,교차로 - 교차로안,승용,남,69세,상해없음,보행자,여,9세,경상
2018051500100135,2018년 5월 15일 08시,화요일,대전광역시 대덕구 신일동,경상사고,0,0,1,0,차대차 - 기타,기타,건조,맑음,교차로 - 교차로안,승용,남,30세,상해없음,승용,남,34세,경상
2018051500100161,2018년 5월 15일 09시,화요일,대전광역시 서구 탄방동,중상사고,0,1,0,0,차대차 - 기타,안전운전불이행,건조,맑음,교차로 - 교차로횡단보도내,승용,남,66세,상해없음,자전거,남,82세,중상
2018051500100162,2018년 5월 15일 09시,화요일,대전광역시 유성구 구암동,경상사고,0,0,1,0,차대차 - 측면충돌,안전운전불이행,건조,맑음,교차로 - 교차로부근,기타불명,기타불명,미분류,기타불명,자전거,남,27세,경상
2018051500100191,2018년 5월 15일 10시,화요일,대전광역시 유성구 덕명동,경상사고,0,0,1,0,차대차 - 추돌,안전운전불이행,건조,맑음,교차로 - 교차로부근,승용,여,28세,상해없음,승용,남,69세,경상
2018051500100211,2018년 5월 15일 11시,화요일,대전광역시 동구 삼괴동,경상사고,0,0,1,0,차대차 - 기타,안전운전불이행,건조,맑음,기타 - 기타,승용,남,41세,경상,승합,남,57세,상해없음
2018051500100293,2018년 5월 15일 14시,화요일,대전광역시 유성구 봉명동,경상사고,0,0,1,0,차대차 - 추돌,안전운전불이행,건조,맑음,교차로 - 교차로부근,승용,남,40세,상해없음,이륜,남,20세,경상
2018051500100337,2018년 5월 15일 15시,화요일,대전광역시 서구 둔산동,경상사고,0,0,1,0,차대차 - 기타,교차로운행방법위반,건조,맑음,교차로 - 교차로안,승용,여,60세,상해없음,자전거,남,10세,경상
2018051500100338,2018년 5월 15일 15시,화요일,대전광역시 서구 둔산동,경상사고,0,0,2,0,차대차 - 기타,안전운전불이행,건조,맑음,단일로 - 기타,화물,남,58세,상해없음,승용,남,25세,경상
2018051500100380,2018년 5월 15일 16시,화요일,대전광역시 중구 용두동,중상사고,0,1,0,0,차대사람 - 차도통행중,보행자보호의무위반,건조,맑음,단일로 - 기타,승용,여,37세,상해없음,보행자,여,52세,중상
2018051500100561,2018년 5월 15일 22시,화요일,대전광역시 유성구 반석동,경상사고,0,0,1,0,차대차 - 추돌,안전운전불이행,건조,맑음,교차로 - 교차로부근,승용,남,55세,상해없음,승용,남,24세,경상
2018051500100587,2018년 5월 15일 23시,화요일,대전광역시 동구 가양동,중상사고,0,2,0,0,차대사람 - 기타,안전운전불이행,건조,맑음,단일로 - 기타,화물,남,37세,상해없음,보행자,여,54세,중상
2018051600100008,2018년 5월 16일 00시,수요일,대전광역시 유성구 구암동,중상사고,0,2,0,0,차대차 - 추돌,안전운전불이행,건조,맑음,단일로 - 기타,승용,남,25세,상해없음,승용,여,51세,기타불명
2018051600100031,2018년 5월 16일 03시,수요일,대전광역시 동구 홍도동,경상사고,0,0,1,0,차대차 - 추돌,안전운전불이행,건조,맑음,단일로 - 기타,승용,남,33세,상해없음,승용,여,50세,경상
2018051600100036,2018년 5월 16일 04시,수요일,대전광역시 중구 은행동,경상사고,0,0,1,0,차대차 - 측면충돌,신호위반,건조,맑음,교차로 - 교차로안,승용,남,22세,상해없음,승용,남,32세,경상
2018051600100129,2018년 5월 16일 09시,수요일,대전광역시 대덕구 목상동,경상사고,0,0,1,0,차대사람 - 기타,안전운전불이행,건조,맑음,단일로 - 기타,승합,남,52세,상해없음,보행자,여,65세,경상
2018051600100130,2018년 5월 16일 09시,수요일,대전광역시 유성구 봉명동,중상사고,0,1,0,0,차량단독 - 기타,안전운전불이행,건조,맑음,단일로 - 기타,승합,남,52세,상해없음,,,,
2018051600100154,2018년 5월 16일 10시,수요일,대전광역시 서구 용문동,경상사고,0,0,1,0,차량단독 - 기타,안전운전불이행,건조,맑음,단일로 - 기타,승용,남,56세,상해없음,,,,
2018051600100184,2018년 5월 16일 11시,수요일,대전광역시 서구 둔산동,경상사고,0,0,2,0,차대차 - 기타,안전운전불이행,건조,맑음,단일로 - 기타,승용,여,47세,경상,승용,여,60세,경상
2018051600100185,2018년 5월 16일 11시,수요일,대전광역시 유성구 구암동,경상사고,0,0,4,0,차대차 - 기타,안전운전불이행,건조,맑음,단일로 - 기타,화물,남,57세,상해없음,승용,여,61세,경상
2018051600100234,2018년 5월 16일 13시,수요일,대전광역시 중구 사정동,경상사고,0,0,2,0,차대차 - 측면충돌,안전운전불이행,건조,맑음,단일로 - 기타,승용,남,43세,상해없음,승용,남,35세,경상
2018051600100235,2018년 5월 16일 13시,수요일,대전광역시 유성구 구암동,중상사고,0,1,0,0,차대사람 - 기타,안전운전불이행,건조,맑음,교차로 - 교차로부근,승용,여,55세,상해없음,보행자,여,54세,중상
2018051600100262,2018년 5월 16일 14시,수요일,대전광역시 서구 둔산동,경상사고,0,0,1,0,차대차 - 추돌,안전운전불이행,건조,맑음,교차로 - 교차로부근,승용,남,66세,상해없음,승용,남,41세,경상
2018051600100287,2018년 5월 16일 15시,수요일,대전광역시 서구 탄방동,중상사고,0,1,1,0,차대차 - 기타,안전운전불이행,건조,맑음,교차로 - 교차로부근,승용,남,66세,상해없음,승용,여,51세,중상
2018051600100317,2018년 5월 16일 16시,수요일,대전광역시 중구 산성동,경상사고,0,0,1,0,차대차 - 추돌,안전운전불이행,건조,맑음,단일로 - 기타,승용,남,61세,상해없음,승용,남,28세,경상
2018051600100386,2018년 5월 16일 18시,수요일,대전광역시 유성구 궁동,부상신고사고,0,0,0,1,차대차 - 측면충돌,안전운전불이행,건조,맑음,단일로 - 기타,이륜,남,63세,상해없음,승용,남,69세,상해없음
2018051600100415,2018년 5월 16일 19시,수요일,대전광역시 중구 선화동,경상사고,0,0,1,0,차대사람 - 차도통행중,안전운전불이행,건조,맑음,단일로 - 기타,기타불명,기타불명,미분류,기타불명,보행자,남,37세,경상
2018051600100448,2018년 5월 16일 20시,수요일,대전광역시 동구 정동,경상사고,0,0,1,0,차대차 - 후진중충돌,안전운전불이행,건조,맑음,단일로 - 기타,승용,남,55세,상해없음,승용,남,56세,경상
2018051600100449,2018년 5월 16일 20시,수요일,대전광역시 서구 둔산동,경상사고,0,0,1,0,차대차 - 기타,안전운전불이행,건조,맑음,단일로 - 기타,승용,남,55세,상해없음,승용,여,41세,경상
2018051600100502,2018년 5월 16일 22시,수요일,대전광역시 서구 둔산동,중상사고,0,1,0,0,차대사람 - 기타,안전운전불이행,건조,맑음,단일로 - 기타,이륜,남,45세,상해없음,보행자,여,20세,중상
2018051600100526,2018년 5월 16일 23시,수요일,대전광역시 동구 판암동,경상사고,0,0,1,0,차대사람 - 횡단중,안전운전불이행,건조,맑음,교차로 - 교차로부근,승용,남,42세,상해없음,보행자,남,65세,경상
2018051700100051,2018년 5월 17일 05시,목요일,대전광역시 유성구 원신흥동,중상사고,0,1,0,0,차대차 - 측면충돌,신호위반,건조,맑음,교차로 - 교차로안,화물,남,58세,상해없음,승용,여,54세,중상
2018051700100066,2018년 5월 17일 06시,목요일,대전광역시 서구 월평동,경상사고,0,0,1,0,차대차 - 기타,안전운전불이행,건조,맑음,교차로 - 교차로부근,승용,남,35세,상해없음,승합,남,61세,경상
2018051700100127,2018년 5월 17일 08시,목요일,대전광역시 서구 탄방동,경상사고,0,0,1,0,차대차 - 측면충돌,교차로운행방법위반,건조,맑음,교차로 - 교차로안,승용,여,77세,상해없음,승용,남,57세,상해없음
2018051700100197,2018년 5월 17일 10시,목요일,대전광역시 서구 용문동,경상사고,0,0,1,0,차대차 - 후진중충돌,안전운전불이행,건조,맑음,교차로 - 교차로부근,승용,남,63세,상해없음,화물,남,56세,경상
2018051700100248,2018년 5월 17일 12시,목요일,대전광역시 서구 월평동,경상사고,0,0,2,0,차대차 - 측면충돌,중앙선침범,건조,맑음,교차로 - 교차로부근,승용,여,51세,상해없음,승용,여,27세,경상
2018051700100265,2018년 5월 17일 13시,목요일,대전광역시 서구 도마동,경상사고,0,0,2,0,차대차 - 측면충돌,안전운전불이행,건조,맑음,교차로 - 교차로안,기타불명,기타불명,미분류,기타불명,승용,남,37세,경상
2018051700100266,2018년 5월 17일 13시,목요일,대전광역시 서구 월평동,경상사고,0,0,1,0,차대차 - 측면충돌,안전거리미확보,건조,맑음,단일로 - 기타,승합,남,63세,상해없음,승용,남,49세,경상
2018051700100267,2018년 5월 17일 13시,목요일,대전광역시 서구 탄방동,부상신고사고,0,0,0,1,차대차 - 측면충돌,안전운전불이행,건조,맑음,교차로 - 교차로부근,이륜,남,23세,부상신고,승용,남,33세,상해없음
2018051700100343,2018년 5월 17일 15시,목요일,대전광역시 유성구 노은동,경상사고,0,0,1,0,차대차 - 추돌,안전운전불이행,건조,맑음,교차로 - 교차로부근,승용,여,56세,상해없음,승용,여,48세,경상
2018051700100367,2018년 5월 17일 16시,목요일,대전광역시 중구 대흥동,경상사고,0,0,1,0,차대차 - 측면충돌,중앙선침범,건조,맑음,단일로 - 기타,승용,남,59세,상해없음,승용,남,37세,경상
2018051700100368,2018년 5월 17일 16시,목요일,대전광역시 서구 월평동,중상사고,0,1,0,0,차대차 - 측면충돌,안전운전불이행,건조,맑음,단일로 - 기타,화물,남,50세,상해없음,자전거,남,35세,중상
2018051700100369,2018년 5월 17일 16시,목요일,대전광역시 서구 둔산동,경상사고,0,0,1,0,차대차 - 기타,안전거리미확보,건조,맑음,교차로 - 교차로부근,승용,남,60세,기타불명,승용,여,53세,경상
2018051700100410,2018년 5월 17일 17시,목요일,대전광역시 중구 대흥동,중상사고,0,1,0,0,차대차 - 측면충돌,안전거리미확보,건조,맑음,단일로 - 기타,자전거,남,71세,중상,승용,여,55세,상해없음
2018051700100411,2018년 5월 17일 17시,목요일,대전광역시 서구 갈마동,경상사고,0,0,1,0,차대차 - 기타,안전운전불이행,건조,맑음,교차로 - 교차로안,승용,남,27세,상해없음,자전거,남,58세,경상
2018051700100437,2018년 5월 17일 18시,목요일,대전광역시 중구 대흥동,중상사고,0,1,1,1,차대차 - 측면충돌,교차로운행방법위반,건조,맑음,교차로 - 교차로안,승용,남,58세,부상신고,승용,여,39세,중상
2018051700100438,2018년 5월 17일 18시,목요일,대전광역시 서구 둔산동,경상사고,0,0,1,0,차대사람 - 횡단중,보행자보호의무위반,건조,맑음,단일로 - 기타,승용,여,33세,상해없음,보행자,여,75세,경상
2018051700100439,2018년 5월 17일 18시,목요일,대전광역시 서구 월평동,경상사고,0,0,1,0,차대차 - 기타,안전운전불이행,건조,맑음,단일로 - 기타,승용,여,36세,상해없음,승용,여,45세,경상
2018051700100477,2018년 5월 17일 19시,목요일,대전광역시 동구 가양동,경상사고,0,0,1,0,차대차 - 측면충돌,신호위반,건조,맑음,단일로 - 기타,승용,남,62세,상해없음,자전거,여,51세,경상
2018051700100566,2018년 5월 17일 21시,목요일,대전광역시 중구 대흥동,경상사고,0,0,2,0,차대차 - 추돌,안전운전불이행,건조,맑음,교차로 - 교차로안,승용,남,29세,상해없음,승용,남,33세,경상
2018051700100567,2018년 5월 17일 21시,목요일,대전광역시 동구 가오동,경상사고,0,0,1,0,차대차 - 측면충돌,교차로운행방법위반,건조,맑음,교차로 - 교차로안,승용,여,56세,상해없음,이륜,남,36세,경상
2018051700100612,2018년 5월 17일 22시,목요일,대전광역시 유성구 장대동,경상사고,0,0,2,0,차대차 - 추돌,안전운전불이행,건조,맑음,교차로 - 교차로부근,승용,남,38세,상해없음,승용,남,24세,경상
2018051700100646,2018년 5월 17일 23시,목요일,대전광역시 동구 가오동,경상사고,0,0,1,0,차대사람 - 횡단중,안전운전불이행,건조,맑음,단일로 - 기타,승용,남,45세,상해없음,보행자,남,39세,경상
2018051800100037,2018년 5월 18일 01시,금요일,대전광역시 대덕구 중리동,경상사고,0,0,2,1,차대차 - 측면충돌,직진우회전진행방해,젖음/습기,비,교차로 - 교차로부근,화물,남,53세,부상신고,승용,남,23세,경상
2018051800100038,2018년 5월 18일 01시,금요일,대전광역시 서구 둔산동,중상사고,0,1,0,0,차대차 - 측면충돌,안전운전불이행,젖음/습기,비,교차로 - 교차로안,승용,남,24세,상해없음,이륜,남,21세,중상
2018051800100101,2018년 5월 18일 06시,금요일,대전광역시 유성구 노은동,경상사고,0,0,1,0,차대차 - 추돌,안전운전불이행,건조,맑음,교차로 - 교차로부근,승용,남,42세,상해없음,화물,남,49세,경상
2018051800100199,2018년 5월 18일 09시,금요일,대전광역시 서구 둔산동,중상사고,0,1,1,0,차대차 - 측면충돌,직진우회전진행방해,건조,맑음,교차로 - 교차로안,승용,남,67세,기타불명,승용,남,28세,중상
2018051800100286,2018년 5월 18일 12시,금요일,대전광역시 유성구 봉명동,경상사고,0,0,1,0,차대차 - 측면충돌,안전운전불이행,건조,맑음,단일로 - 기타,승용,남,44세,상해없음,승용,남,58세,경상
2018051800100382,2018년 5월 18일 15시,금요일,대전광역시 유성구 구암동,경상사고,0,0,1,0,차대차 - 기타,안전운전불이행,건조,맑음,교차로 - 교차로안,승용,여,51세,상해없음,승용,남,47세,경상
2018051800100417,2018년 5월 18일 16시,금요일,대전광역시 중구 대흥동,중상사고,0,1,2,0,차대차 - 추돌,안전운전불이행,건조,맑음,단일로 - 기타,승용,남,67세,상해없음,승용,남,75세,중상
2018051800100492,2018년 5월 18일 18시,금요일,대전광역시 서구 괴정동,경상사고,0,0,1,0,차대차 - 추돌,안전운전불이행,젖음/습기,비,단일로 - 기타,승용,남,49세,상해없음,승용,남,39세,경상
2018051800100532,2018년 5월 18일 19시,금요일,대전광역시 대덕구 석봉동,경상사고,0,0,1,0,차대차 - 측면충돌,교차로운행방법위반,젖음/습기,비,교차로 - 교차로안,이륜,남,43세,상해없음,자전거,여,53세,경상
2018051800100533,2018년 5월 18일 19시,금요일,대전광역시 서구 탄방동,경상사고,0,0,1,0,차대차 - 추돌,안전거리미확보,젖음/습기,비,단일로 - 기타,승용,여,58세,상해없음,승용,남,46세,경상
2018051800100534,2018년 5월 18일 19시,금요일,대전광역시 유성구 봉명동,경상사고,0,0,1,0,차대사람 - 횡단중,안전운전불이행,건조,맑음,교차로 - 교차로횡단보도내,승용,여,52세,상해없음,보행자,여,14세,경상
2018051800100574,2018년 5월 18일 20시,금요일,대전광역시 서구 둔산동,경상사고,0,0,1,0,차대차 - 기타,신호위반,건조,흐림,교차로 - 교차로횡단보도내,승용,남,60세,상해없음,자전거,남,11세,경상
2018051800100656,2018년 5월 18일 22시,금요일,대전광역시 동구 용운동,중상사고,0,1,0,1,차대사람 - 기타,안전운전불이행,건조,맑음,단일로 - 기타,승용,남,29세,상해없음,보행자,여,41세,중상
2018051900100021,2018년 5월 19일 00시,토요일,대전광역시 서구 괴정동,경상사고,0,0,1,0,차대차 - 추돌,안전운전불이행,건조,맑음,단일로 - 기타,승용,남,35세,상해없음,승용,남,70세,경상
2018051900100118,2018년 5월 19일 06시,토요일,대전광역시 유성구 관평동,중상사고,0,1,1,0,차대차 - 추돌,안전거리미확보,건조,맑음,기타 - 기타,화물,남,58세,기타불명,승용,남,42세,중상
2018051900100124,2018년 5월 19일 06시,토요일,대전광역시 서구 내동,경상사고,0,0,1,0,차대차 - 측면충돌,안전운전불이행,건조,맑음,단일로 - 기타,승용,남,26세,상해없음,승합,남,73세,경상
2018051900100187,2018년 5월 19일 09시,토요일,대전광역시 동구 중동,경상사고,0,0,1,0,차대차 - 측면충돌,교차로운행방법위반,건조,맑음,교차로 - 교차로안,승용,여,41세,상해없음,승용,남,36세,경상
2018051900100236,2018년 5월 19일 10시,토요일,대전광역시 서구 월평동,경상사고,0,0,1,0,차대차 - 추돌,안전운전불이행,건조,맑음,교차로 - 교차로안,승용,남,47세,상해없음,승용,여,53세,경상
2018051900100311,2018년 5월 19일 12시,토요일,대전광역시 중구 사정동,중상사고,0,1,0,0,차량단독 - 전도전복 - 전도,안전운전불이행,건조,맑음,단일로 - 기타,자전거,남,51세,중상,미분류,미분류,미분류,미분류
2018051900100312,2018년 5월 19일 12시,토요일,대전광역시 서구 갈마동,경상사고,0,0,1,0,차대사람 - 기타,안전운전불이행,건조,맑음,기타 - 기타,승용,남,49세,상해없음,보행자,남,31세,경상
2018051900100313,2018년 5월 19일 12시,토요일,대전광역시 유성구 궁동,경상사고,0,0,1,0,차대차 - 기타,안전운전불이행,건조,맑음,단일로 - 기타,승용,남,37세,상해없음,자전거,남,70세,경상
2018051900100368,2018년 5월 19일 13시,토요일,대전광역시 유성구 관평동,경상사고,0,0,4,0,차대차 - 기타,신호위반,건조,맑음,교차로 - 교차로부근,승용,여,48세,상해없음,승용,남,47세,경상
2018051900100419,2018년 5월 19일 14시,토요일,대전광역시 유성구 장대동,경상사고,0,0,1,0,차대차 - 기타,신호위반,건조,맑음,교차로 - 교차로안,승용,여,54세,상해없음,이륜,남,37세,경상
2018051900100450,2018년 5월 19일 15시,토요일,대전광역시 유성구 도룡동,경상사고,0,0,1,0,차대사람 - 기타,안전운전불이행,건조,맑음,단일로 - 기타,승용,여,61세,상해없음,보행자,남,58세,경상
2018051900100488,2018년 5월 19일 16시,토요일,대전광역시 중구 태평동,중상사고,0,1,0,0,차대사람 - 보도통행중,기타,건조,맑음,단일로 - 기타,승용,남,56세,상해없음,보행자,여,81세,중상