사고번호,사고일시,요일,시군구,사고내용,사망자수,중상자수,경상자수,부상신고자수,사고유형,법규위반,노면상태,기상상태,도로형태,가해운전자 차종,가해운전자 성별,가해운전자 연령,가해운전자 상해정도,피해운전자 차종,피해운전자 성별,피해운전자 연령,피해운전자 상해정도
2018051900100489,2018년 5월 19일 16시,토요일,대전광역시 서구 괴정동,경상사고,0,0,1,0,차대차 - 측면충돌,교차로운행방법위반,건조,맑음,교차로 - 교차로안,승용,여,49세,기타불명,승용,여,40세,경상
2018051900100490,2018년 5월 19일 16시,토요일,대전광역시 서구 탄방동,경상사고,0,0,5,0,차대차 - 기타,안전운전불이행,건조,맑음,교차로 - 교차로부근,승용,남,40세,경상,승용,남,50세,경상
2018051900100537,2018년 5월 19일 17시,토요일,대전광역시 서구 둔산동,경상사고,0,0,3,0,차대차 - 측면충돌,안전운전불이행,건조,맑음,교차로 - 교차로안,승용,남,60세,경상,승용,남,70세,경상
2018051900100583,2018년 5월 19일 18시,토요일,대전광역시 동구 중동,중상사고,0,1,0,0,차량단독 - 기타,안전운전불이행,건조,맑음,단일로 - 기타,승합,남,53세,상해없음,,,,
2018051900100675,2018년 5월 19일 21시,토요일,대전광역시 서구 갈마동,경상사고,0,0,1,0,차대사람 - 길가장자리구역통행중,안전운전불이행,건조,맑음,단일로 - 기타,승용,여,47세,상해없음,보행자,남,21세,경상
2018051900100676,2018년 5월 19일 21시,토요일,대전광역시 서구 만년동,경상사고,0,0,4,0,차대차 - 기타,안전거리미확보,건조,맑음,단일로 - 기타,승용,남,24세,경상,승용,여,42세,경상
2018051900100677,2018년 5월 19일 21시,토요일,대전광역시 서구 월평동,경상사고,0,0,3,0,차대차 - 추돌,안전운전불이행,건조,맑음,단일로 - 기타,화물,남,40세,상해없음,승용,여,61세,경상
2018051900100706,2018년 5월 19일 22시,토요일,대전광역시 서구 관저동,경상사고,0,0,1,0,차대사람 - 기타,안전운전불이행,건조,맑음,단일로 - 기타,승용,남,31세,상해없음,보행자,남,40세,경상
2018051900100730,2018년 5월 19일 23시,토요일,대전광역시 서구 괴정동,중상사고,0,1,0,0,차대차 - 측면충돌,안전운전불이행,건조,맑음,단일로 - 기타,승용,남,39세,상해없음,이륜,남,25세,중상
2018052000100025,2018년 5월 20일 01시,일요일,대전광역시 동구 대별동,중상사고,0,1,0,1,차대차 - 기타,안전운전불이행,건조,맑음,기타 - 기타,승합,남,63세,상해없음,승용,여,58세,중상
2018052000100041,2018년 5월 20일 02시,일요일,대전광역시 대덕구 문평동,중상사고,0,1,1,0,차대차 - 측면충돌,안전거리미확보,건조,맑음,단일로 - 기타,승용,남,62세,상해없음,승용,남,57세,상해없음
2018052000100066,2018년 5월 20일 04시,일요일,대전광역시 서구 둔산동,경상사고,0,0,1,0,차대사람 - 기타,안전운전불이행,건조,맑음,단일로 - 기타,승용,남,31세,상해없음,보행자,여,20세,경상
2018052000100160,2018년 5월 20일 10시,일요일,대전광역시 서구 탄방동,중상사고,0,1,0,0,차대차 - 기타,안전운전불이행,건조,맑음,기타 - 기타,승용,남,35세,상해없음,자전거,여,32세,중상
2018052000100207,2018년 5월 20일 12시,일요일,대전광역시 유성구 지족동,경상사고,0,0,1,1,차대차 - 추돌,안전운전불이행,건조,맑음,교차로 - 교차로부근,원동기,남,52세,부상신고,승용,여,47세,경상
2018052000100208,2018년 5월 20일 12시,일요일,대전광역시 유성구 방동,중상사고,0,1,0,0,차량단독 - 전도전복 - 전도,안전운전불이행,건조,맑음,단일로 - 기타,승용,남,29세,중상,미분류,미분류,미분류,미분류
2018052000100268,2018년 5월 20일 14시,일요일,대전광역시 동구 신상동,중상사고,0,1,3,0,차대차 - 측면충돌,교차로운행방법위반,건조,맑음,교차로 - 교차로안,승용,남,24세,경상,승용,남,66세,경상
2018052000100297,2018년 5월 20일 15시,일요일,대전광역시 동구 용전동,경상사고,0,0,1,0,차대차 - 측면충돌,불법유턴,건조,맑음,교차로 - 교차로안,자전거,남,64세,경상,승용,여,57세,상해없음
2018052000100328,2018년 5월 20일 16시,일요일,대전광역시 유성구 원내동,중상사고,0,1,1,1,차대차 - 추돌,신호위반,건조,맑음,교차로 - 교차로안,승용,여,38세,상해없음,승용,남,48세,부상신고
2018052000100376,2018년 5월 20일 18시,일요일,대전광역시 동구 용전동,중상사고,0,1,1,0,차대차 - 측면충돌,안전거리미확보,건조,맑음,단일로 - 기타,승용,여,42세,상해없음,승용,여,27세,중상
2018052000100436,2018년 5월 20일 20시,일요일,대전광역시 중구 대사동,중상사고,0,2,0,0,차대차 - 기타,교차로운행방법위반,건조,맑음,단일로 - 기타,승용,여,58세,상해없음,이륜,남,64세,중상
2018052000100437,2018년 5월 20일 20시,일요일,대전광역시 서구 갈마동,경상사고,0,0,1,0,차대차 - 측면충돌,신호위반,건조,맑음,교차로 - 교차로안,이륜,남,47세,상해없음,이륜,남,19세,경상
2018052100100009,2018년 5월 21일 00시,월요일,대전광역시 서구 둔산동,경상사고,0,0,3,0,차대차 - 측면충돌,신호위반,건조,맑음,교차로 - 교차로안,승용,남,65세,상해없음,승용,남,72세,상해없음
2018052100100079,2018년 5월 21일 07시,월요일,대전광역시 동구 낭월동,중상사고,0,1,0,0,차량단독 - 기타,기타,건조,맑음,단일로 - 기타,승합,남,50세,상해없음,,,,
2018052100100121,2018년 5월 21일 08시,월요일,대전광역시 동구 삼성동,중상사고,0,1,1,0,차대차 - 추돌,안전거리미확보,건조,맑음,단일로 - 기타,승용,남,27세,상해없음,승용,남,66세,경상
2018052100100149,2018년 5월 21일 09시,월요일,대전광역시 유성구 가정동,경상사고,0,0,1,0,차대차 - 기타,안전운전불이행,건조,맑음,기타 - 기타,승용,남,35세,상해없음,자전거,남,28세,경상
2018052100100150,2018년 5월 21일 09시,월요일,대전광역시 유성구 구암동,중상사고,0,1,0,0,차대차 - 기타,안전운전불이행,건조,맑음,교차로 - 교차로안,승용,여,60세,상해없음,이륜,남,78세,중상
2018052100100184,2018년 5월 21일 10시,월요일,대전광역시 유성구 계산동,경상사고,0,0,1,0,차대차 - 기타,신호위반,건조,맑음,교차로 - 교차로안,승용,여,69세,상해없음,이륜,남,22세,경상
2018052100100224,2018년 5월 21일 11시,월요일,대전광역시 서구 괴정동,중상사고,0,1,0,0,차대차 - 기타,교차로운행방법위반,건조,맑음,교차로 - 교차로안,승용,여,65세,상해없음,이륜,남,56세,중상
2018052100100225,2018년 5월 21일 11시,월요일,대전광역시 서구 월평동,경상사고,0,0,1,0,차대사람 - 횡단중,안전운전불이행,건조,맑음,교차로 - 교차로안,승용,여,66세,상해없음,보행자,남,25세,경상
2018052100100295,2018년 5월 21일 13시,월요일,대전광역시 서구 둔산동,부상신고사고,0,0,0,1,차대차 - 측면충돌,불법유턴,건조,맑음,교차로 - 교차로횡단보도내,이륜,남,37세,부상신고,승용,남,56세,상해없음
2018052100100396,2018년 5월 21일 16시,월요일,대전광역시 동구 중동,경상사고,0,0,1,0,차량단독 - 기타,안전운전불이행,건조,맑음,단일로 - 교량,승합,남,46세,상해없음,,,,
2018052100100397,2018년 5월 21일 16시,월요일,대전광역시 동구 상소동,중상사고,0,1,1,0,차대사람 - 기타,기타,건조,맑음,단일로 - 기타,승용,남,59세,상해없음,보행자,남,12세,중상
2018052100100440,2018년 5월 21일 17시,월요일,대전광역시 동구 구도동,경상사고,0,0,1,0,차대차 - 측면충돌,안전운전불이행,건조,맑음,단일로 - 기타,승용,여,47세,기타불명,승용,남,48세,경상
2018052100100441,2018년 5월 21일 17시,월요일,대전광역시 동구 삼성동,경상사고,0,0,1,0,차대차 - 측면충돌,신호위반,건조,맑음,교차로 - 교차로안,승용,남,66세,상해없음,승합,남,51세,상해없음
2018052100100442,2018년 5월 21일 17시,월요일,대전광역시 대덕구 신일동,경상사고,0,0,8,4,차대차 - 추돌,안전운전불이행,건조,맑음,단일로 - 기타,승용,남,47세,상해없음,승합,남,56세,경상
2018052100100478,2018년 5월 21일 18시,월요일,대전광역시 중구 은행동,경상사고,0,0,1,0,차대차 - 기타,안전거리미확보,건조,흐림,단일로 - 기타,승용,남,39세,상해없음,승합,남,57세,상해없음
2018052100100479,2018년 5월 21일 18시,월요일,대전광역시 대덕구 읍내동,경상사고,0,0,1,0,차대차 - 측면충돌,신호위반,건조,맑음,교차로 - 교차로안,승용,여,57세,상해없음,승용,여,47세,경상
2018052100100568,2018년 5월 21일 21시,월요일,대전광역시 대덕구 오정동,경상사고,0,0,2,0,차대차 - 추돌,안전거리미확보,건조,맑음,교차로 - 교차로부근,승용,남,58세,상해없음,승용,남,54세,상해없음
2018052100100590,2018년 5월 21일 22시,월요일,대전광역시 동구 신상동,사망사고,1,0,1,0,차대차 - 추돌,안전운전불이행,건조,맑음,기타 - 기타,화물,남,49세,상해없음,승용,남,46세,경상
2018052100100630,2018년 5월 21일 23시,월요일,대전광역시 유성구 봉명동,경상사고,0,0,1,0,차대차 - 측면충돌,교차로운행방법위반,건조,맑음,교차로 - 교차로안,화물,남,51세,상해없음,자전거,여,63세,경상
2018052200100012,2018년 5월 22일 00시,화요일,대전광역시 중구 용두동,경상사고,0,0,1,0,차대차 - 측면충돌,안전거리미확보,건조,맑음,교차로 - 교차로부근,승용,여,44세,상해없음,승용,여,24세,경상
2018052200100048,2018년 5월 22일 02시,화요일,대전광역시 중구 중촌동,중상사고,0,1,1,0,차대차 - 측면충돌,안전거리미확보,건조,맑음,단일로 - 기타,승용,남,65세,상해없음,승용,남,60세,중상
2018052200100073,2018년 5월 22일 04시,화요일,대전광역시 동구 용전동,경상사고,0,0,1,0,차대차 - 추돌,안전운전불이행,건조,맑음,단일로 - 기타,승용,남,49세,상해없음,승용,남,40세,경상
2018052200100101,2018년 5월 22일 06시,화요일,대전광역시 유성구 봉명동,경상사고,0,0,5,0,차대차 - 측면충돌,신호위반,건조,맑음,교차로 - 교차로안,승용,기타불명,미분류,기타불명,화물,남,59세,경상
2018052200100337,2018년 5월 22일 14시,화요일,대전광역시 유성구 대정동,중상사고,0,1,0,0,차대사람 - 횡단중,보행자보호의무위반,건조,맑음,단일로 - 기타,승용,여,46세,상해없음,보행자,여,18세,중상
2018052200100392,2018년 5월 22일 16시,화요일,대전광역시 동구 성남동,경상사고,0,0,1,0,차대차 - 추돌,안전운전불이행,건조,맑음,단일로 - 기타,화물,남,54세,상해없음,승용,남,38세,경상
2018052200100493,2018년 5월 22일 19시,화요일,대전광역시 서구 용문동,경상사고,0,0,1,0,차대차 - 측면충돌,안전운전불이행,젖음/습기,비,교차로 - 교차로부근,기타불명,기타불명,미분류,기타불명,자전거,남,56세,경상
2018052200100494,2018년 5월 22일 19시,화요일,대전광역시 유성구 지족동,부상신고사고,0,0,0,1,차대사람 - 기타,안전운전불이행,젖음/습기,비,교차로 - 교차로부근,기타불명,기타불명,미분류,기타불명,보행자,남,18세,부상신고
2018052200100539,2018년 5월 22일 20시,화요일,대전광역시 대덕구 오정동,경상사고,0,0,7,0,차대차 - 측면충돌,교차로운행방법위반,젖음/습기,비,교차로 - 교차로안,승용,남,32세,상해없음,승용,남,35세,경상
2018052200100540,2018년 5월 22일 20시,화요일,대전광역시 서구 둔산동,경상사고,0,0,1,0,차대차 - 측면충돌,안전운전불이행,젖음/습기,비,교차로 - 교차로안,승합,남,40세,상해없음,승용,남,29세,경상
2018052200100575,2018년 5월 22일 21시,화요일,대전광역시 중구 유천동,경상사고,0,0,1,0,차대차 - 측면충돌,안전운전불이행,젖음/습기,비,단일로 - 교량,승용,남,43세,상해없음,승용,여,26세,기타불명
2018052200100576,2018년 5월 22일 21시,화요일,대전광역시 서구 탄방동,경상사고,0,0,1,0,차대사람 - 횡단중,안전운전불이행,젖음/습기,비,교차로 - 교차로부근,승용,남,50세,상해없음,보행자,여,17세,경상
2018052200100628,2018년 5월 22일 23시,화요일,대전광역시 대덕구 송촌동,중상사고,0,1,0,0,차대사람 - 횡단중,안전운전불이행,젖음/습기,비,교차로 - 교차로횡단보도내,승용,남,55세,상해없음,보행자,남,47세,중상
2018052300100026,2018년 5월 23일 01시,수요일,대전광역시 중구 유천동,경상사고,0,0,1,0,차대사람 - 차도통행중,중앙선침범,젖음/습기,비,단일로 - 기타,승용,남,23세,상해없음,보행자,여,62세,경상
2018052300100045,2018년 5월 23일 04시,수요일,대전광역시 유성구 봉명동,경상사고,0,0,2,0,차대차 - 추돌,안전운전불이행,젖음/습기,비,단일로 - 기타,승용,남,30세,상해없음,승용,남,27세,경상
2018052300100062,2018년 5월 23일 06시,수요일,대전광역시 서구 갈마동,경상사고,0,0,1,0,차대차 - 측면충돌,교차로운행방법위반,젖음/습기,비,교차로 - 교차로안,승용,여,48세,상해없음,승용,남,21세,경상
2018052300100095,2018년 5월 23일 07시,수요일,대전광역시 서구 용문동,경상사고,0,0,1,0,차대차 - 추돌,안전운전불이행,건조,맑음,단일로 - 기타,승용,남,45세,상해없음,승용,남,31세,경상
2018052300100140,2018년 5월 23일 08시,수요일,대전광역시 동구 가양동,중상사고,0,1,0,0,차대사람 - 횡단중,안전운전불이행,건조,맑음,단일로 - 기타,승용,남,49세,상해없음,보행자,여,17세,중상
2018052300100141,2018년 5월 23일 08시,수요일,대전광역시 대덕구 오정동,경상사고,0,0,2,0,차대차 - 측면충돌,교차로운행방법위반,건조,맑음,교차로 - 교차로안,승용,남,60세,상해없음,승용,여,29세,경상
2018052300100142,2018년 5월 23일 08시,수요일,대전광역시 대덕구 법동,경상사고,0,0,1,0,차대차 - 기타,교차로운행방법위반,건조,맑음,교차로 - 교차로안,승용,남,73세,상해없음,승합,남,52세,경상
2018052300100183,2018년 5월 23일 09시,수요일,대전광역시 동구 홍도동,경상사고,0,0,1,0,차대사람 - 횡단중,보행자보호의무위반,건조,맑음,교차로 - 교차로횡단보도내,승용,여,38세,상해없음,보행자,여,52세,경상
2018052300100211,2018년 5월 23일 10시,수요일,대전광역시 대덕구 중리동,경상사고,0,0,2,0,차대차 - 측면충돌,안전운전불이행,건조,맑음,교차로 - 교차로안,화물,남,60세,상해없음,승용,남,49세,경상
2018052300100289,2018년 5월 23일 12시,수요일,대전광역시 대덕구 신탄진동,중상사고,0,1,0,0,차대사람 - 기타,교차로운행방법위반,건조,맑음,교차로 - 교차로부근,승용,남,52세,상해없음,보행자,남,38세,중상
2018052300100290,2018년 5월 23일 12시,수요일,대전광역시 서구 만년동,경상사고,0,0,1,0,차대차 - 기타,교차로운행방법위반,건조,맑음,교차로 - 교차로부근,승용,남,29세,상해없음,승용,남,39세,경상
2018052300100430,2018년 5월 23일 16시,수요일,대전광역시 대덕구 중리동,경상사고,0,0,2,0,차대차 - 기타,안전운전불이행,건조,맑음,단일로 - 기타,건설기계,남,59세,상해없음,승용,여,56세,경상
2018052300100479,2018년 5월 23일 17시,수요일,대전광역시 중구 유천동,경상사고,0,0,1,0,차대차 - 측면충돌,안전운전불이행,건조,맑음,교차로 - 교차로부근,승용,여,39세,상해없음,승용,여,49세,경상
2018052300100480,2018년 5월 23일 17시,수요일,대전광역시 동구 자양동,경상사고,0,0,1,0,차대차 - 측면충돌,신호위반,건조,맑음,교차로 - 교차로부근,승용,남,60세,상해없음,승용,남,36세,경상
2018052300100481,2018년 5월 23일 17시,수요일,대전광역시 서구 내동,중상사고,0,1,1,0,차대사람 - 기타,안전운전불이행,건조,맑음,주차장 - 주차장,승용,남,42세,상해없음,보행자,여,42세,중상
2018052300100532,2018년 5월 23일 18시,수요일,대전광역시 중구 오류동,경상사고,0,0,1,0,차대차 - 기타,안전거리미확보,건조,맑음,단일로 - 기타,승용,남,59세,상해없음,승합,남,32세,상해없음
2018052300100533,2018년 5월 23일 18시,수요일,대전광역시 서구 도마동,경상사고,0,0,2,0,차대차 - 추돌,안전운전불이행,건조,맑음,교차로 - 교차로부근,승용,남,55세,상해없음,화물,남,47세,경상
2018052300100534,2018년 5월 23일 18시,수요일,대전광역시 유성구 상대동,경상사고,0,0,4,0,차대차 - 기타,안전운전불이행,건조,맑음,단일로 - 기타,승용,남,53세,상해없음,승용,여,40세,경상
2018052300100624,2018년 5월 23일 21시,수요일,대전광역시 대덕구 목상동,경상사고,0,0,1,0,차대차 - 기타,신호위반,건조,맑음,교차로 - 교차로안,승용,남,31세,상해없음,원동기,남,39세,경상
2018052300100625,2018년 5월 23일 21시,수요일,대전광역시 대덕구 상서동,경상사고,0,0,1,0,차대차 - 측면충돌,교차로운행방법위반,건조,맑음,교차로 - 교차로안,특수,남,50세,상해없음,승합,남,47세,경상
2018052300100626,2018년 5월 23일 21시,수요일,대전광역시 유성구 지족동,경상사고,0,0,1,0,차대차 - 기타,안전운전불이행,건조,맑음,단일로 - 기타,승용,남,29세,상해없음,승용,남,69세,상해없음
2018052300100658,2018년 5월 23일 23시,수요일,대전광역시 동구 삼성동,중상사고,0,1,1,0,차대차 - 측면충돌,신호위반,건조,맑음,단일로 - 기타,승용,남,66세,중상,승합,남,48세,상해없음
2018052400100017,2018년 5월 24일 00시,목요일,대전광역시 유성구 봉명동,경상사고,0,0,1,0,차대차 - 기타,안전운전불이행,건조,맑음,교차로 - 교차로안,이륜,남,41세,상해없음,자전거,남,14세,경상
2018052400100046,2018년 5월 24일 04시,목요일,대전광역시 대덕구 문평동,경상사고,0,0,1,0,차대차 - 추돌,안전운전불이행,건조,맑음,교차로 - 교차로부근,승용,여,43세,상해없음,승용,남,65세,경상
2018052400100142,2018년 5월 24일 08시,목요일,대전광역시 중구 용두동,경상사고,0,0,1,0,차대차 - 측면충돌,안전거리미확보,건조,맑음,단일로 - 기타,승용,남,41세,상해없음,승용,여,48세,경상
2018052400100143,2018년 5월 24일 08시,목요일,대전광역시 대덕구 법동,경상사고,0,0,1,0,차대사람 - 횡단중,안전운전불이행,건조,맑음,단일로 - 기타,승용,남,40세,상해없음,보행자,여,11세,경상
2018052400100144,2018년 5월 24일 08시,목요일,대전광역시 서구 월평동,경상사고,0,0,1,0,차대차 - 기타,안전운전불이행,건조,맑음,교차로 - 교차로안,승용,남,27세,상해없음,승용,여,55세,경상
2018052400100172,2018년 5월 24일 09시,목요일,대전광역시 유성구 궁동,경상사고,0,0,1,0,차대차 - 측면충돌,안전운전불이행,건조,맑음,단일로 - 기타,승용,남,62세,상해없음,승용,여,47세,경상
2018052400100210,2018년 5월 24일 10시,목요일,대전광역시 대덕구 대화동,경상사고,0,0,1,0,차대차 - 기타,안전운전불이행,건조,맑음,단일로 - 교량,승용,남,64세,상해없음,승용,여,30세,경상
2018052400100211,2018년 5월 24일 10시,목요일,대전광역시 대덕구 오정동,경상사고,0,0,1,0,차대차 - 측면충돌,직진우회전진행방해,건조,맑음,교차로 - 교차로안,승용,남,75세,상해없음,화물,남,36세,경상
2018052400100246,2018년 5월 24일 11시,목요일,대전광역시 서구 둔산동,경상사고,0,0,1,0,차대차 - 추돌,안전운전불이행,건조,맑음,단일로 - 기타,승용,여,50세,상해없음,승용,여,46세,경상
2018052400100336,2018년 5월 24일 14시,목요일,대전광역시 유성구 장대동,경상사고,0,0,1,0,차대차 - 측면충돌,안전거리미확보,건조,맑음,교차로 - 교차로안,화물,여,58세,상해없음,승용,남,35세,경상
2018052400100401,2018년 5월 24일 16시,목요일,대전광역시 동구 성남동,중상사고,0,1,0,0,차대차 - 측면충돌,안전운전불이행,건조,맑음,단일로 - 기타,승용,남,30세,상해없음,이륜,남,20세,중상
2018052400100447,2018년 5월 24일 17시,목요일,대전광역시 중구 대사동,경상사고,0,0,2,0,차대차 - 추돌,교차로운행방법위반,건조,맑음,교차로 - 교차로안,승용,남,55세,상해없음,화물,남,68세,경상
2018052400100448,2018년 5월 24일 17시,목요일,대전광역시 중구 태평동,중상사고,0,1,0,0,차대차 - 측면충돌,중앙선침범,건조,맑음,단일로 - 기타,화물,남,22세,상해없음,이륜,남,41세,중상
2018052400100449,2018년 5월 24일 17시,목요일,대전광역시 동구 용운동,경상사고,0,0,1,1,차대차 - 추돌,안전거리미확보,건조,맑음,교차로 - 교차로부근,승용,여,47세,경상,승용,남,43세,부상신고
2018052400100559,2018년 5월 24일 20시,목요일,대전광역시 동구 정동,중상사고,0,1,0,0,차대차 - 측면충돌,안전운전불이행,건조,맑음,단일로 - 기타,승용,남,71세,상해없음,자전거,여,61세,중상
2018052400100587,2018년 5월 24일 21시,목요일,대전광역시 동구 신흥동,경상사고,0,0,2,0,차대차 - 추돌,안전운전불이행,건조,맑음,교차로 - 교차로부근,승용,남,34세,상해없음,승용,남,29세,경상
2018052400100588,2018년 5월 24일 21시,목요일,대전광역시 서구 월평동,중상사고,0,1,0,0,차대사람 - 횡단중,안전운전불이행,건조,맑음,단일로 - 기타,승용,남,57세,상해없음,보행자,여,74세,중상
2018052400100613,2018년 5월 24일 22시,목요일,대전광역시 서구 갈마동,경상사고,0,0,1,0,차대차 - 측면충돌,안전운전불이행,건조,맑음,단일로 - 기타,승용,남,40세,상해없음,승용,남,54세,경상
2018052500100077,2018년 5월 25일 06시,금요일,대전광역시 서구 둔산동,경상사고,0,0,1,0,차량단독 - 공작물충돌,기타,건조,맑음,단일로 - 기타,승합,남,53세,상해없음,,,,
2018052500100142,2018년 5월 25일 08시,금요일,대전광역시 중구 유천동,경상사고,0,0,1,0,차량단독 - 기타,기타,건조,맑음,단일로 - 기타,승합,남,46세,상해없음,,,,
2018052500100144,2018년 5월 25일 08시,금요일,대전광역시 유성구 화암동,경상사고,0,0,1,0,차대차 - 추돌,안전거리미확보,건조,맑음,단일로 - 기타,승용,여,33세,상해없음,승용,남,58세,경상
2018052500100181,2018년 5월 25일 09시,금요일,대전광역시 서구 월평동,경상사고,0,0,1,0,차대차 - 측면충돌,안전운전불이행,건조,맑음,교차로 - 교차로안,승용,여,53세,상해없음,승용,남,57세,경상
2018052500100256,2018년 5월 25일 11시,금요일,대전광역시 서구 둔산동,경상사고,0,0,1,0,차대차 - 측면충돌,안전운전불이행,건조,맑음,단일로 - 기타,승용,남,31세,상해없음,승용,남,41세,경상
2018052500100312,2018년 5월 25일 13시,금요일,대전광역시 중구 오류동,경상사고,0,0,1,0,차대차 - 추돌,안전운전불이행,건조,맑음,단일로 - 기타,승용,여,58세,상해없음,승용,남,26세,경상
2018052500100313,2018년 5월 25일 13시,금요일,대전광역시 서구 가수원동,경상사고,0,0,1,0,차대차 - 추돌,안전운전불이행,건조,맑음,교차로 - 교차로부근,승합,남,51세,상해없음,승용,남,58세,경상
2018052500100314,2018년 5월 25일 13시,금요일,대전광역시 유성구 신성동,중상사고,0,1,0,0,차대차 - 추돌,안전운전불이행,건조,맑음,단일로 - 기타,승용,남,51세,상해없음,승용,남,50세,중상
2018052500100390,2018년 5월 25일 15시,금요일,대전광역시 중구 산성동,경상사고,0,0,2,0,차대차 - 측면충돌,교차로운행방법위반,건조,맑음,교차로 - 교차로안,승합,남,66세,상해없음,승용,여,66세,경상
2018052500100430,2018년 5월 25일 16시,금요일,대전광역시 동구 가양동,중상사고,0,1,0,0,차대차 - 정면충돌,안전운전불이행,건조,맑음,교차로 - 교차로안,승합,남,60세,상해없음,자전거,남,58세,중상
2018052500100431,2018년 5월 25일 16시,금요일,대전광역시 대덕구 비래동,중상사고,0,1,1,0,차대차 - 기타,안전운전불이행,건조,맑음,단일로 - 기타,승용,남,42세,상해없음,화물,남,32세,중상
2018052500100432,2018년 5월 25일 16시,금요일,대전광역시 유성구 원내동,경상사고,0,0,1,0,차대차 - 추돌,안전운전불이행,건조,맑음,교차로 - 교차로횡단보도내,승용,여,37세,상해없음,자전거,여,66세,경상
2018052500100480,2018년 5월 25일 17시,금요일,대전광역시 유성구 신성동,중상사고,0,1,0,0,차대차 - 측면충돌,안전거리미확보,건조,맑음,단일로 - 기타,승용,남,30세,상해없음,원동기,남,55세,중상
2018052500100523,2018년 5월 25일 18시,금요일,대전광역시 동구 삼정동,경상사고,0,0,1,0,차대차 - 측면충돌,안전운전불이행,건조,맑음,단일로 - 기타,승용,여,53세,상해없음,승용,남,37세,경상
2018052500100524,2018년 5월 25일 18시,금요일,대전광역시 유성구 봉명동,경상사고,0,0,1,0,차대차 - 추돌,안전운전불이행,건조,맑음,교차로 - 교차로부근,승용,남,42세,상해없음,승용,여,32세,경상
2018052500100561,2018년 5월 25일 19시,금요일,대전광역시 동구 홍도동,경상사고,0,0,1,0,차대차 - 측면충돌,안전운전불이행,건조,맑음,교차로 - 교차로횡단보도내,승용,남,52세,상해없음,자전거,남,75세,경상
2018052500100632,2018년 5월 25일 21시,금요일,대전광역시 서구 둔산동,경상사고,0,0,1,0,차대사람 - 횡단중,신호위반,건조,맑음,교차로 - 교차로횡단보도내,승용,여,43세,상해없음,보행자,남,39세,경상
2018052500100633,2018년 5월 25일 21시,금요일,대전광역시 서구 둔산동,경상사고,0,0,1,0,차대차 - 추돌,안전운전불이행,건조,맑음,단일로 - 기타,승용,남,62세,상해없음,승용,남,61세,경상
2018052500100634,2018년 5월 25일 21시,금요일,대전광역시 유성구 대정동,중상사고,0,1,0,0,차대차 - 추돌,안전운전불이행,건조,맑음,단일로 - 기타,승용,남,63세,상해없음,승용,여,54세,중상
2018052500100691,2018년 5월 25일 23시,금요일,대전광역시 유성구 노은동,경상사고,0,0,1,0,차대차 - 측면충돌,신호위반,건조,맑음,교차로 - 교차로안,승용,남,57세,상해없음,승용,남,26세,경상
2018052600100039,2018년 5월 26일 01시,토요일,대전광역시 서구 갈마동,경상사고,0,0,4,0,차대차 - 측면충돌,교차로운행방법위반,건조,맑음,교차로 - 교차로안,승용,남,28세,상해없음,승용,여,62세,경상
2018052600100040,2018년 5월 26일 01시,토요일,대전광역시 서구 둔산동,경상사고,0,0,1,0,차대사람 - 길가장자리구역통행중,안전운전불이행,건조,맑음,교차로 - 교차로부근,화물,남,46세,상해없음,보행자,남,55세,경상
2018052600100041,2018년 5월 26일 01시,토요일,대전광역시 서구 탄방동,중상사고,0,1,3,0,차대차 - 측면충돌,신호위반,건조,맑음,교차로 - 교차로안,승용,남,36세,상해없음,승용,여,27세,경상
2018052600100042,2018년 5월 26일 01시,토요일,대전광역시 서구 둔산동,중상사고,0,2,0,0,차대차 - 추돌,안전운전불이행,건조,맑음,교차로 - 교차로안,승용,여,31세,상해없음,화물,남,75세,중상
2018052600100079,2018년 5월 26일 04시,토요일,대전광역시 유성구 원신흥동,경상사고,0,0,1,0,차대차 - 측면충돌,안전운전불이행,건조,맑음,교차로 - 교차로안,승용,남,72세,상해없음,승용,여,57세,경상
2018052600100130,2018년 5월 26일 07시,토요일,대전광역시 서구 월평동,경상사고,0,0,1,0,차대차 - 측면충돌,신호위반,건조,맑음,교차로 - 교차로안,승용,여,38세,상해없음,승용,여,44세,경상
2018052600100150,2018년 5월 26일 08시,토요일,대전광역시 서구 관저동,경상사고,0,0,1,0,차대차 - 추돌,안전운전불이행,건조,맑음,단일로 - 기타,승용,여,53세,상해없음,승용,남,42세,경상
2018052600100151,2018년 5월 26일 08시,토요일,대전광역시 대덕구 중리동,경상사고,0,0,1,0,차대차 - 측면충돌,안전운전불이행,건조,맑음,단일로 - 기타,승용,남,29세,상해없음,승용,남,53세,경상
2018052600100189,2018년 5월 26일 09시,토요일,대전광역시 서구 탄방동,경상사고,0,0,2,0,차대차 - 기타,안전거리미확보,건조,맑음,교차로 - 교차로부근,승용,남,53세,상해없음,승용,남,54세,경상
2018052600100225,2018년 5월 26일 10시,토요일,대전광역시 서구 도마동,경상사고,0,0,1,0,차대차 - 측면충돌,안전운전불이행,건조,맑음,단일로 - 기타,승용,남,55세,상해없음,자전거,남,45세,경상
2018052600100294,2018년 5월 26일 12시,토요일,대전광역시 중구 오류동,경상사고,0,0,1,0,차대차 - 측면충돌,안전운전불이행,건조,맑음,단일로 - 기타,승용,남,56세,상해없음,승용,남,51세,경상