사고번호,사고일시,요일,시군구,사고내용,사망자수,중상자수,경상자수,부상신고자수,사고유형,법규위반,노면상태,기상상태,도로형태,가해운전자 차종,가해운전자 성별,가해운전자 연령,가해운전자 상해정도,피해운전자 차종,피해운전자 성별,피해운전자 연령,피해운전자 상해정도
2018060700100347,2018년 6월 7일 15시,목요일,대전광역시 서구 가수원동,중상사고,0,1,1,0,차대차 - 측면충돌,신호위반,건조,맑음,단일로 - 기타,화물,남,48세,기타불명,승합,남,62세,중상
2018060700100417,2018년 6월 7일 17시,목요일,대전광역시 동구 가양동,경상사고,0,0,2,0,차대차 - 추돌,안전운전불이행,건조,맑음,단일로 - 기타,승용,남,47세,상해없음,화물,남,41세,경상
2018060700100418,2018년 6월 7일 17시,목요일,대전광역시 서구 흑석동,경상사고,0,0,1,0,차량단독 - 기타,기타,건조,맑음,단일로 - 기타,승합,남,65세,상해없음,,,,
2018060700100419,2018년 6월 7일 17시,목요일,대전광역시 대덕구 송촌동,부상신고사고,0,0,0,1,차대차 - 측면충돌,안전운전불이행,건조,맑음,단일로 - 기타,화물,여,58세,상해없음,화물,남,44세,부상신고
2018060700100420,2018년 6월 7일 17시,목요일,대전광역시 서구 월평동,경상사고,0,0,1,0,차대차 - 기타,교차로운행방법위반,건조,맑음,교차로 - 교차로안,화물,남,40세,상해없음,자전거,여,67세,경상
2018060700100421,2018년 6월 7일 17시,목요일,대전광역시 서구 월평동,경상사고,0,0,1,0,차대차 - 기타,안전운전불이행,건조,맑음,교차로 - 교차로안,승용,남,38세,상해없음,승용,여,47세,경상
2018060700100463,2018년 6월 7일 18시,목요일,대전광역시 대덕구 오정동,경상사고,0,0,1,0,차대차 - 추돌,안전운전불이행,건조,맑음,단일로 - 기타,승용,남,51세,상해없음,승용,여,36세,경상
2018060700100464,2018년 6월 7일 18시,목요일,대전광역시 대덕구 상서동,부상신고사고,0,0,0,1,차대차 - 추돌,안전운전불이행,건조,맑음,교차로 - 교차로안,화물,남,37세,상해없음,승용,남,61세,부상신고
2018060700100465,2018년 6월 7일 18시,목요일,대전광역시 서구 갈마동,중상사고,0,1,0,0,차대사람 - 기타,보행자보호의무위반,건조,맑음,교차로 - 교차로횡단보도내,화물,여,32세,상해없음,보행자,남,7세,중상
2018060700100466,2018년 6월 7일 18시,목요일,대전광역시 유성구 관평동,부상신고사고,0,0,0,1,차대차 - 기타,안전운전불이행,건조,맑음,기타 - 기타,기타불명,기타불명,미분류,기타불명,자전거,남,57세,부상신고
2018060700100527,2018년 6월 7일 20시,목요일,대전광역시 동구 정동,중상사고,0,1,0,0,차대차 - 기타,안전운전불이행,건조,맑음,교차로 - 교차로횡단보도내,승용,남,41세,상해없음,자전거,여,19세,중상
2018060700100528,2018년 6월 7일 20시,목요일,대전광역시 동구 판암동,경상사고,0,0,4,0,차대차 - 기타,안전운전불이행,건조,맑음,단일로 - 기타,승용,남,51세,상해없음,승용,남,49세,경상
2018060700100529,2018년 6월 7일 20시,목요일,대전광역시 서구 가수원동,경상사고,0,0,1,0,차대차 - 측면충돌,안전운전불이행,건조,맑음,교차로 - 교차로안,승합,남,70세,상해없음,승용,남,37세,경상
2018060700100530,2018년 6월 7일 20시,목요일,대전광역시 서구 월평동,경상사고,0,0,1,0,차대차 - 기타,안전운전불이행,건조,맑음,교차로 - 교차로횡단보도내,승합,남,50세,상해없음,자전거,남,24세,경상
2018060700100531,2018년 6월 7일 20시,목요일,대전광역시 유성구 송강동,경상사고,0,0,1,0,차대차 - 추돌,안전운전불이행,건조,맑음,단일로 - 기타,승용,남,56세,상해없음,승용,여,26세,경상
2018060700100588,2018년 6월 7일 22시,목요일,대전광역시 동구 중동,경상사고,0,0,1,0,차대차 - 기타,교차로운행방법위반,건조,맑음,교차로 - 교차로안,승용,남,60세,상해없음,승용,여,22세,경상
2018060700100589,2018년 6월 7일 22시,목요일,대전광역시 동구 삼괴동,경상사고,0,0,1,0,차대차 - 기타,안전운전불이행,건조,맑음,단일로 - 기타,승용,여,19세,상해없음,승용,여,44세,경상
2018060700100602,2018년 6월 7일 23시,목요일,대전광역시 중구 태평동,경상사고,0,0,1,0,차대차 - 추돌,안전운전불이행,건조,맑음,단일로 - 기타,승용,여,44세,상해없음,승용,남,26세,경상
2018060800100034,2018년 6월 8일 02시,금요일,대전광역시 유성구 지족동,경상사고,0,0,2,0,차대차 - 추돌,안전운전불이행,건조,맑음,교차로 - 교차로부근,승용,남,21세,기타불명,승용,남,56세,경상
2018060800100039,2018년 6월 8일 03시,금요일,대전광역시 중구 선화동,경상사고,0,0,1,0,차대차 - 측면충돌,안전거리미확보,건조,맑음,단일로 - 기타,승용,남,53세,상해없음,승용,남,61세,경상
2018060800100040,2018년 6월 8일 03시,금요일,대전광역시 서구 용문동,경상사고,0,0,1,0,차대차 - 측면충돌,안전운전불이행,건조,맑음,단일로 - 기타,승용,남,62세,상해없음,승용,남,49세,경상
2018060800100085,2018년 6월 8일 06시,금요일,대전광역시 서구 월평동,중상사고,0,1,1,0,차대차 - 기타,안전운전불이행,건조,맑음,교차로 - 교차로안,승용,남,52세,경상,승용,남,64세,중상
2018060800100103,2018년 6월 8일 07시,금요일,대전광역시 중구 오류동,중상사고,0,1,1,0,차대차 - 측면충돌,신호위반,건조,맑음,교차로 - 교차로안,원동기,남,25세,중상,승용,남,45세,경상
2018060800100140,2018년 6월 8일 08시,금요일,대전광역시 동구 신흥동,경상사고,0,0,1,0,차대차 - 기타,교차로운행방법위반,건조,맑음,교차로 - 교차로안,화물,남,65세,상해없음,화물,남,74세,경상
2018060800100141,2018년 6월 8일 08시,금요일,대전광역시 동구 대동,경상사고,0,0,1,0,차대차 - 추돌,안전운전불이행,건조,맑음,단일로 - 기타,승용,남,56세,상해없음,승용,여,47세,경상
2018060800100142,2018년 6월 8일 08시,금요일,대전광역시 유성구 노은동,경상사고,0,0,3,0,차대차 - 측면충돌,교차로운행방법위반,건조,맑음,교차로 - 교차로안,건설기계,남,56세,상해없음,승용,남,42세,경상
2018060800100188,2018년 6월 8일 09시,금요일,대전광역시 중구 문화동,중상사고,0,1,0,0,차대사람 - 길가장자리구역통행중,안전운전불이행,건조,맑음,단일로 - 기타,기타불명,기타불명,미분류,기타불명,보행자,여,76세,중상
2018060800100189,2018년 6월 8일 09시,금요일,대전광역시 서구 가수원동,경상사고,0,0,13,0,차대차 - 측면충돌,신호위반,건조,맑음,교차로 - 교차로안,승용,남,52세,상해없음,승합,남,54세,경상
2018060800100223,2018년 6월 8일 10시,금요일,대전광역시 동구 구도동,경상사고,0,0,1,0,차대차 - 추돌,안전거리미확보,건조,맑음,단일로 - 기타,승용,남,69세,상해없음,승용,남,77세,경상
2018060800100434,2018년 6월 8일 16시,금요일,대전광역시 중구 은행동,중상사고,0,1,0,0,차대사람 - 횡단중,안전운전불이행,건조,맑음,단일로 - 기타,승용,남,39세,상해없음,보행자,여,24세,중상
2018060800100435,2018년 6월 8일 16시,금요일,대전광역시 대덕구 중리동,경상사고,0,0,1,0,차대차 - 기타,안전운전불이행,건조,맑음,교차로 - 교차로안,승용,남,54세,상해없음,이륜,남,55세,경상
2018060800100436,2018년 6월 8일 16시,금요일,대전광역시 서구 둔산동,경상사고,0,0,1,0,차대사람 - 기타,안전운전불이행,건조,맑음,단일로 - 기타,승용,여,61세,상해없음,보행자,남,27세,경상
2018060800100437,2018년 6월 8일 16시,금요일,대전광역시 유성구 안산동,경상사고,0,0,1,0,차대차 - 기타,안전운전불이행,건조,맑음,단일로 - 기타,승용,남,37세,상해없음,승용,남,34세,경상
2018060800100438,2018년 6월 8일 16시,금요일,대전광역시 유성구 덕명동,중상사고,0,1,0,0,차대차 - 측면충돌,안전운전불이행,건조,맑음,교차로 - 교차로안,승용,남,62세,상해없음,개인형이동수단(PM),남,52세,중상
2018060800100500,2018년 6월 8일 17시,금요일,대전광역시 동구 자양동,경상사고,0,0,1,0,차대사람 - 차도통행중,기타,건조,맑음,단일로 - 기타,기타불명,기타불명,미분류,기타불명,보행자,남,61세,경상
2018060800100501,2018년 6월 8일 17시,금요일,대전광역시 동구 대동,경상사고,0,0,2,0,차대차 - 측면충돌,안전거리미확보,건조,맑음,단일로 - 기타,승용,여,44세,상해없음,승용,남,60세,경상
2018060800100549,2018년 6월 8일 18시,금요일,대전광역시 대덕구 석봉동,중상사고,0,1,0,0,차대사람 - 기타,안전운전불이행,건조,맑음,단일로 - 기타,승용,남,68세,상해없음,보행자,남,49세,중상
2018060800100550,2018년 6월 8일 18시,금요일,대전광역시 대덕구 읍내동,경상사고,0,0,1,0,차대사람 - 기타,안전운전불이행,건조,맑음,교차로 - 교차로안,승합,남,52세,상해없음,보행자,남,75세,경상
2018060800100551,2018년 6월 8일 18시,금요일,대전광역시 서구 월평동,중상사고,0,1,0,0,차대차 - 기타,교차로운행방법위반,건조,맑음,교차로 - 교차로안,승합,남,69세,상해없음,이륜,남,20세,중상
2018060800100620,2018년 6월 8일 20시,금요일,대전광역시 서구 월평동,경상사고,0,0,1,0,차대사람 - 기타,보행자보호의무위반,건조,맑음,단일로 - 기타,승용,여,45세,상해없음,보행자,여,14세,경상
2018060800100621,2018년 6월 8일 20시,금요일,대전광역시 유성구 봉명동,경상사고,0,0,1,0,차대차 - 기타,신호위반,건조,맑음,교차로 - 교차로안,승용,남,26세,상해없음,이륜,남,24세,경상
2018060800100653,2018년 6월 8일 21시,금요일,대전광역시 서구 관저동,중상사고,0,1,1,0,차대차 - 측면충돌,신호위반,건조,맑음,교차로 - 교차로안,승용,남,27세,상해없음,승용,남,61세,경상
2018060800100683,2018년 6월 8일 22시,금요일,대전광역시 유성구 덕진동,경상사고,0,0,1,0,차대차 - 기타,안전운전불이행,건조,맑음,단일로 - 기타,승용,남,34세,상해없음,승용,남,28세,경상
2018060800100698,2018년 6월 8일 23시,금요일,대전광역시 서구 관저동,경상사고,0,0,1,0,차대차 - 측면충돌,안전운전불이행,건조,맑음,단일로 - 기타,승용,여,47세,상해없음,승용,여,41세,경상
2018060800100699,2018년 6월 8일 23시,금요일,대전광역시 서구 둔산동,경상사고,0,0,1,0,차대사람 - 기타,안전운전불이행,건조,맑음,단일로 - 기타,승용,남,65세,상해없음,보행자,남,23세,경상
2018060800100700,2018년 6월 8일 23시,금요일,대전광역시 서구 만년동,경상사고,0,0,4,0,차대차 - 기타,차로위반,건조,맑음,교차로 - 교차로부근,승용,남,65세,경상,승용,남,45세,상해없음
2018060800100701,2018년 6월 8일 23시,금요일,대전광역시 유성구 궁동,경상사고,0,0,1,0,차량단독 - 기타,기타,건조,맑음,단일로 - 기타,승용,남,58세,상해없음,,,,
2018060900100107,2018년 6월 9일 07시,토요일,대전광역시 유성구 봉명동,경상사고,0,0,1,0,차대차 - 기타,교차로운행방법위반,건조,맑음,교차로 - 교차로안,승용,남,30세,상해없음,승용,남,52세,경상
2018060900100154,2018년 6월 9일 09시,토요일,대전광역시 대덕구 상서동,중상사고,0,1,3,0,차대차 - 기타,안전운전불이행,건조,맑음,교차로 - 교차로부근,승용,남,27세,상해없음,승용,남,48세,중상
2018060900100155,2018년 6월 9일 09시,토요일,대전광역시 유성구 원내동,경상사고,0,0,1,0,차대차 - 기타,안전운전불이행,건조,맑음,교차로 - 교차로부근,승용,남,75세,상해없음,승용,여,47세,경상
2018060900100266,2018년 6월 9일 12시,토요일,대전광역시 동구 가양동,부상신고사고,0,0,0,1,차대차 - 기타,안전운전불이행,건조,맑음,단일로 - 기타,원동기,남,30세,부상신고,승용,남,73세,상해없음
2018060900100304,2018년 6월 9일 13시,토요일,대전광역시 동구 홍도동,부상신고사고,0,0,0,1,차대차 - 측면충돌,중앙선침범,건조,맑음,단일로 - 기타,승용,남,58세,상해없음,승용,남,40세,부상신고
2018060900100305,2018년 6월 9일 13시,토요일,대전광역시 동구 성남동,경상사고,0,0,3,0,차대차 - 측면충돌,신호위반,건조,맑음,교차로 - 교차로안,이륜,남,79세,경상,승용,여,39세,경상
2018060900100339,2018년 6월 9일 14시,토요일,대전광역시 유성구 노은동,경상사고,0,0,3,0,차대차 - 측면충돌,교차로운행방법위반,건조,맑음,교차로 - 교차로안,승용,여,43세,상해없음,승용,남,38세,경상
2018060900100368,2018년 6월 9일 15시,토요일,대전광역시 중구 오류동,경상사고,0,0,3,0,차대차 - 측면충돌,안전운전불이행,건조,맑음,교차로 - 교차로안,이륜,남,51세,상해없음,승용,여,22세,경상
2018060900100396,2018년 6월 9일 16시,토요일,대전광역시 동구 중동,경상사고,0,0,1,0,차대차 - 측면충돌,안전운전불이행,건조,맑음,교차로 - 교차로부근,기타불명,기타불명,미분류,기타불명,자전거,남,57세,경상
2018060900100397,2018년 6월 9일 16시,토요일,대전광역시 서구 둔산동,경상사고,0,0,1,0,차대사람 - 기타,안전운전불이행,건조,맑음,단일로 - 지하차도(도로)내,승용,여,50세,상해없음,보행자,여,54세,경상
2018060900100435,2018년 6월 9일 17시,토요일,대전광역시 서구 복수동,중상사고,0,1,0,0,차대사람 - 횡단중,보행자보호의무위반,건조,맑음,교차로 - 교차로안,화물,남,48세,상해없음,보행자,남,72세,중상
2018060900100436,2018년 6월 9일 17시,토요일,대전광역시 대덕구 중리동,경상사고,0,0,1,0,차대차 - 기타,안전운전불이행,건조,맑음,단일로 - 기타,승용,남,54세,상해없음,자전거,여,63세,경상
2018060900100437,2018년 6월 9일 17시,토요일,대전광역시 유성구 구암동,중상사고,0,1,0,0,차대차 - 측면충돌,안전거리미확보,건조,맑음,교차로 - 교차로부근,건설기계,남,58세,상해없음,승용,남,55세,중상
2018060900100520,2018년 6월 9일 19시,토요일,대전광역시 유성구 원신흥동,경상사고,0,0,1,0,차대차 - 측면충돌,안전운전불이행,건조,맑음,단일로 - 기타,승용,여,35세,상해없음,자전거,남,25세,경상
2018060900100613,2018년 6월 9일 22시,토요일,대전광역시 서구 둔산동,중상사고,0,1,0,0,차대차 - 기타,안전운전불이행,젖음/습기,비,교차로 - 교차로안,승용,남,45세,상해없음,이륜,남,24세,중상
2018061000100022,2018년 6월 10일 00시,일요일,대전광역시 중구 유천동,경상사고,0,0,1,0,차대사람 - 기타,안전운전불이행,건조,맑음,단일로 - 기타,승용,여,33세,상해없음,보행자,여,24세,경상
2018061000100023,2018년 6월 10일 00시,일요일,대전광역시 대덕구 중리동,경상사고,0,0,1,0,차대차 - 기타,안전운전불이행,건조,맑음,교차로 - 교차로안,승용,남,51세,상해없음,승용,남,73세,경상
2018061000100059,2018년 6월 10일 02시,일요일,대전광역시 중구 산성동,중상사고,0,2,0,0,차대차 - 측면충돌,안전운전불이행,건조,맑음,교차로 - 교차로안,승용,남,54세,상해없음,이륜,남,17세,중상
2018061000100102,2018년 6월 10일 07시,일요일,대전광역시 서구 도마동,경상사고,0,0,1,0,차대사람 - 횡단중,신호위반,건조,맑음,교차로 - 교차로횡단보도내,승용,남,63세,상해없음,보행자,여,56세,경상
2018061000100103,2018년 6월 10일 07시,일요일,대전광역시 대덕구 신일동,중상사고,0,1,0,1,차대차 - 추돌,신호위반,건조,맑음,교차로 - 교차로안,승용,남,43세,상해없음,승용,여,54세,중상
2018061000100117,2018년 6월 10일 08시,일요일,대전광역시 중구 목동,중상사고,0,1,0,0,차대사람 - 기타,안전운전불이행,건조,맑음,교차로 - 교차로안,승용,남,54세,상해없음,보행자,여,60세,중상
2018061000100143,2018년 6월 10일 09시,일요일,대전광역시 서구 도마동,경상사고,0,0,1,0,차대차 - 측면충돌,안전거리미확보,건조,맑음,단일로 - 기타,승용,여,62세,상해없음,승용,여,44세,경상
2018061000100198,2018년 6월 10일 12시,일요일,대전광역시 중구 용두동,경상사고,0,0,1,0,차대차 - 측면충돌,신호위반,건조,맑음,교차로 - 교차로안,승용,남,25세,상해없음,원동기,남,24세,경상
2018061000100230,2018년 6월 10일 13시,일요일,대전광역시 유성구 봉명동,경상사고,0,0,1,0,차대차 - 기타,안전운전불이행,건조,맑음,단일로 - 기타,이륜,남,37세,경상,승용,남,58세,상해없음
2018061000100231,2018년 6월 10일 13시,일요일,대전광역시 유성구 상대동,경상사고,0,0,1,0,차대차 - 기타,안전운전불이행,건조,맑음,단일로 - 기타,승용,남,28세,상해없음,승용,남,36세,경상
2018061000100288,2018년 6월 10일 15시,일요일,대전광역시 동구 삼성동,중상사고,0,1,0,0,차대차 - 측면충돌,안전운전불이행,건조,맑음,교차로 - 교차로부근,승용,남,82세,상해없음,원동기,남,63세,중상
2018061000100289,2018년 6월 10일 15시,일요일,대전광역시 유성구 원내동,경상사고,0,0,1,0,차대차 - 기타,중앙선침범,건조,맑음,단일로 - 기타,자전거,남,76세,경상,승용,남,53세,상해없음
2018061000100290,2018년 6월 10일 15시,일요일,대전광역시 유성구 봉명동,경상사고,0,0,1,0,차대차 - 기타,신호위반,건조,맑음,교차로 - 교차로안,승용,남,31세,상해없음,승용,여,49세,경상
2018061000100291,2018년 6월 10일 15시,일요일,대전광역시 유성구 궁동,경상사고,0,0,1,0,차대차 - 추돌,안전운전불이행,건조,맑음,교차로 - 교차로부근,원동기,남,48세,상해없음,개인형이동수단(PM),여,21세,경상
2018061000100354,2018년 6월 10일 17시,일요일,대전광역시 서구 매노동,중상사고,0,1,4,0,차대차 - 측면충돌,중앙선침범,건조,맑음,단일로 - 기타,승용,남,69세,중상,승용,남,48세,경상
2018061000100398,2018년 6월 10일 19시,일요일,대전광역시 동구 인동,경상사고,0,0,1,0,차대사람 - 기타,안전운전불이행,건조,맑음,기타 - 기타,사륜오토바이(ATV),남,35세,상해없음,보행자,남,57세,경상
2018061000100433,2018년 6월 10일 20시,일요일,대전광역시 동구 정동,중상사고,0,1,0,0,차대사람 - 횡단중,보행자보호의무위반,건조,흐림,교차로 - 교차로안,승용,남,56세,상해없음,보행자,남,73세,중상
2018061000100434,2018년 6월 10일 20시,일요일,대전광역시 서구 괴정동,경상사고,0,0,1,0,차대차 - 후진중충돌,안전운전불이행,건조,맑음,단일로 - 기타,승용,여,31세,상해없음,승용,남,41세,경상
2018061000100435,2018년 6월 10일 20시,일요일,대전광역시 유성구 장대동,경상사고,0,0,1,0,차대사람 - 차도통행중,안전운전불이행,건조,맑음,교차로 - 교차로안,승용,여,56세,상해없음,보행자,남,25세,경상
2018061000100453,2018년 6월 10일 21시,일요일,대전광역시 동구 가양동,경상사고,0,0,2,0,차대차 - 측면충돌,기타,건조,흐림,교차로 - 교차로안,승용,여,57세,경상,승용,남,46세,경상
2018061000100454,2018년 6월 10일 21시,일요일,대전광역시 서구 괴정동,경상사고,0,0,1,0,차대차 - 측면충돌,중앙선침범,건조,맑음,단일로 - 기타,이륜,남,55세,상해없음,이륜,남,25세,경상
2018061000100475,2018년 6월 10일 22시,일요일,대전광역시 대덕구 중리동,중상사고,0,1,0,0,차대사람 - 횡단중,안전운전불이행,건조,맑음,교차로 - 교차로횡단보도내,승용,남,30세,상해없음,보행자,남,65세,중상
2018061000100487,2018년 6월 10일 23시,일요일,대전광역시 중구 중촌동,경상사고,0,0,1,0,차대차 - 기타,차로위반,건조,맑음,교차로 - 교차로부근,승용,남,60세,상해없음,승용,남,71세,상해없음
2018061000100488,2018년 6월 10일 23시,일요일,대전광역시 동구 자양동,경상사고,0,0,3,0,차대차 - 측면충돌,차로위반,건조,맑음,교차로 - 교차로안,승용,남,43세,상해없음,승용,남,22세,경상
2018061100100024,2018년 6월 11일 01시,월요일,대전광역시 동구 용전동,경상사고,0,0,1,0,차대차 - 측면충돌,안전운전불이행,건조,흐림,교차로 - 교차로안,승용,남,44세,상해없음,승용,남,47세,경상
2018061100100045,2018년 6월 11일 05시,월요일,대전광역시 중구 오류동,경상사고,0,0,1,0,차대차 - 측면충돌,안전거리미확보,건조,맑음,단일로 - 기타,승합,남,51세,상해없음,승용,남,73세,경상
2018061100100056,2018년 6월 11일 06시,월요일,대전광역시 유성구 지족동,경상사고,0,0,1,0,차대차 - 추돌,안전거리미확보,건조,맑음,교차로 - 교차로부근,화물,남,49세,상해없음,승용,남,64세,경상
2018061100100078,2018년 6월 11일 07시,월요일,대전광역시 중구 사정동,중상사고,0,1,0,0,차대사람 - 횡단중,보행자보호의무위반,젖음/습기,비,교차로 - 교차로부근,승용,여,58세,상해없음,보행자,여,20세,중상
2018061100100079,2018년 6월 11일 07시,월요일,대전광역시 서구 월평동,경상사고,0,0,1,0,차대차 - 측면충돌,안전운전불이행,건조,맑음,교차로 - 교차로횡단보도내,승용,남,48세,상해없음,개인형이동수단(PM),남,26세,경상
2018061100100080,2018년 6월 11일 07시,월요일,대전광역시 유성구 장대동,경상사고,0,0,1,0,차대차 - 측면충돌,안전거리미확보,건조,맑음,단일로 - 기타,화물,남,46세,상해없음,화물,남,49세,상해없음
2018061100100122,2018년 6월 11일 08시,월요일,대전광역시 대덕구 오정동,경상사고,0,0,1,0,차대차 - 기타,안전운전불이행,건조,맑음,교차로 - 교차로부근,건설기계,남,70세,상해없음,승용,여,41세,경상
2018061100100152,2018년 6월 11일 09시,월요일,대전광역시 동구 성남동,중상사고,0,1,0,0,차대차 - 측면충돌,안전운전불이행,건조,맑음,단일로 - 기타,승용,여,64세,상해없음,자전거,남,66세,중상
2018061100100153,2018년 6월 11일 09시,월요일,대전광역시 동구 가오동,경상사고,0,0,1,0,차대차 - 측면충돌,신호위반,건조,맑음,교차로 - 교차로안,승용,남,68세,상해없음,이륜,남,65세,경상
2018061100100154,2018년 6월 11일 09시,월요일,대전광역시 서구 월평동,경상사고,0,0,1,0,차대차 - 측면충돌,신호위반,건조,맑음,교차로 - 교차로안,기타불명,기타불명,미분류,기타불명,화물,여,57세,경상
2018061100100155,2018년 6월 11일 09시,월요일,대전광역시 서구 둔산동,경상사고,0,0,1,0,차대차 - 측면충돌,안전운전불이행,건조,맑음,교차로 - 교차로안,승용,여,56세,상해없음,자전거,여,39세,경상
2018061100100188,2018년 6월 11일 10시,월요일,대전광역시 서구 탄방동,경상사고,0,0,1,0,차대차 - 기타,안전운전불이행,건조,맑음,교차로 - 교차로부근,화물,여,53세,상해없음,승합,남,55세,상해없음
2018061100100219,2018년 6월 11일 11시,월요일,대전광역시 유성구 덕명동,경상사고,0,0,1,0,차대차 - 측면충돌,안전운전불이행,건조,맑음,단일로 - 기타,승용,남,43세,상해없음,승용,여,37세,경상
2018061100100286,2018년 6월 11일 13시,월요일,대전광역시 유성구 복용동,경상사고,0,0,2,0,차대차 - 측면충돌,신호위반,건조,맑음,교차로 - 교차로안,승용,여,29세,상해없음,화물,남,54세,경상
2018061100100463,2018년 6월 11일 18시,월요일,대전광역시 서구 둔산동,경상사고,0,0,1,0,차대차 - 기타,안전거리미확보,건조,맑음,교차로 - 교차로안,승용,남,56세,상해없음,이륜,남,22세,경상
2018061100100464,2018년 6월 11일 18시,월요일,대전광역시 서구 둔산동,중상사고,0,1,0,0,차대차 - 기타,안전운전불이행,건조,맑음,단일로 - 기타,이륜,남,60세,중상,이륜,남,24세,상해없음
2018061100100465,2018년 6월 11일 18시,월요일,대전광역시 유성구 관평동,경상사고,0,0,2,0,차대차 - 기타,안전운전불이행,건조,맑음,기타 - 기타,승용,남,45세,상해없음,승용,남,24세,경상
2018061100100466,2018년 6월 11일 18시,월요일,대전광역시 유성구 봉명동,경상사고,0,0,1,0,차대차 - 기타,교차로운행방법위반,건조,맑음,교차로 - 교차로부근,승용,남,38세,상해없음,승용,남,33세,상해없음
2018061100100504,2018년 6월 11일 19시,월요일,대전광역시 서구 둔산동,중상사고,0,1,3,0,차대차 - 기타,안전운전불이행,건조,맑음,교차로 - 교차로안,승용,여,64세,기타불명,승용,남,56세,경상
2018061100100505,2018년 6월 11일 19시,월요일,대전광역시 서구 갈마동,경상사고,0,0,1,0,차대차 - 기타,안전거리미확보,건조,맑음,단일로 - 기타,승용,남,76세,상해없음,승합,남,56세,상해없음
2018061100100563,2018년 6월 11일 21시,월요일,대전광역시 서구 도마동,경상사고,0,0,2,0,차대차 - 측면충돌,안전운전불이행,건조,맑음,교차로 - 교차로안,승용,여,52세,경상,승용,여,32세,경상
2018061100100564,2018년 6월 11일 21시,월요일,대전광역시 유성구 하기동,경상사고,0,0,1,0,차대차 - 기타,안전운전불이행,건조,맑음,교차로 - 교차로안,승용,남,52세,상해없음,개인형이동수단(PM),여,31세,경상
2018061100100596,2018년 6월 11일 22시,월요일,대전광역시 대덕구 와동,경상사고,0,0,1,0,차대사람 - 횡단중,안전운전불이행,건조,맑음,단일로 - 기타,승합,남,41세,상해없음,보행자,남,57세,경상
2018061100100597,2018년 6월 11일 22시,월요일,대전광역시 유성구 봉명동,중상사고,0,4,1,0,차대차 - 기타,안전운전불이행,건조,맑음,교차로 - 교차로안,승용,남,21세,중상,승용,남,34세,경상
2018061100100624,2018년 6월 11일 23시,월요일,대전광역시 서구 만년동,경상사고,0,0,1,1,차대차 - 정면충돌,신호위반,건조,맑음,교차로 - 교차로안,승용,남,50세,부상신고,승용,남,33세,경상
2018061200100025,2018년 6월 12일 02시,화요일,대전광역시 유성구 신성동,중상사고,0,1,0,0,차대사람 - 기타,안전운전불이행,건조,맑음,교차로 - 교차로부근,승용,남,53세,상해없음,보행자,여,27세,중상
2018061200100034,2018년 6월 12일 04시,화요일,대전광역시 유성구 반석동,중상사고,0,6,1,0,차대차 - 기타,안전운전불이행,젖음/습기,흐림,단일로 - 기타,화물,남,63세,경상,화물,남,42세,상해없음
2018061200100041,2018년 6월 12일 05시,화요일,대전광역시 유성구 하기동,경상사고,0,0,1,0,차대차 - 기타,안전운전불이행,건조,맑음,교차로 - 교차로안,승용,남,26세,상해없음,자전거,남,30세,경상
2018061200100042,2018년 6월 12일 05시,화요일,대전광역시 유성구 원내동,경상사고,0,0,1,0,차대차 - 측면충돌,안전운전불이행,건조,맑음,교차로 - 교차로안,화물,남,64세,상해없음,화물,남,48세,경상
2018061200100059,2018년 6월 12일 06시,화요일,대전광역시 중구 부사동,중상사고,0,1,0,0,차대사람 - 횡단중,안전운전불이행,건조,맑음,단일로 - 기타,화물,남,44세,상해없음,보행자,남,72세,중상
2018061200100060,2018년 6월 12일 06시,화요일,대전광역시 유성구 교촌동,경상사고,0,0,1,0,차대차 - 기타,안전운전불이행,건조,맑음,단일로 - 기타,원동기,남,17세,상해없음,승용,남,28세,경상
2018061200100086,2018년 6월 12일 07시,화요일,대전광역시 동구 용전동,경상사고,0,0,1,0,차대차 - 측면충돌,교차로운행방법위반,건조,맑음,교차로 - 교차로안,승용,남,36세,상해없음,승용,여,50세,경상
2018061200100087,2018년 6월 12일 07시,화요일,대전광역시 유성구 가정동,중상사고,0,1,4,0,차대차 - 측면충돌,신호위반,건조,맑음,교차로 - 교차로안,승용,남,53세,상해없음,승용,남,65세,경상
2018061200100127,2018년 6월 12일 08시,화요일,대전광역시 유성구 관평동,중상사고,0,1,0,0,차대차 - 기타,안전운전불이행,건조,맑음,교차로 - 교차로안,승용,남,34세,상해없음,승용,여,42세,중상
2018061200100164,2018년 6월 12일 09시,화요일,대전광역시 유성구 탑립동,경상사고,0,0,1,0,차대사람 - 횡단중,보행자보호의무위반,건조,맑음,교차로 - 교차로안,승용,남,32세,상해없음,보행자,남,45세,경상
2018061200100209,2018년 6월 12일 10시,화요일,대전광역시 동구 홍도동,경상사고,0,0,1,0,차대차 - 측면충돌,안전운전불이행,건조,맑음,단일로 - 기타,승합,남,54세,상해없음,승용,남,36세,경상
2018061200100210,2018년 6월 12일 10시,화요일,대전광역시 유성구 문지동,중상사고,0,1,0,0,차대차 - 기타,교차로운행방법위반,건조,맑음,교차로 - 교차로안,승용,여,25세,상해없음,자전거,남,71세,중상
2018061200100236,2018년 6월 12일 11시,화요일,대전광역시 동구 삼성동,경상사고,0,0,2,0,차대차 - 측면충돌,신호위반,건조,맑음,교차로 - 교차로안,승용,여,40세,상해없음,승용,남,49세,경상