사고번호,사고일시,요일,시군구,사고내용,사망자수,중상자수,경상자수,부상신고자수,사고유형,법규위반,노면상태,기상상태,도로형태,가해운전자 차종,가해운전자 성별,가해운전자 연령,가해운전자 상해정도,피해운전자 차종,피해운전자 성별,피해운전자 연령,피해운전자 상해정도
2018061200100237,2018년 6월 12일 11시,화요일,대전광역시 유성구 봉명동,경상사고,0,0,1,0,차대차 - 기타,신호위반,건조,맑음,교차로 - 교차로안,화물,남,47세,기타불명,승용,여,36세,경상
2018061200100265,2018년 6월 12일 12시,화요일,대전광역시 대덕구 중리동,부상신고사고,0,0,0,3,차대차 - 추돌,교차로운행방법위반,건조,맑음,교차로 - 교차로부근,화물,남,50세,상해없음,승용,남,39세,부상신고
2018061200100331,2018년 6월 12일 14시,화요일,대전광역시 동구 가양동,사망사고,1,0,0,0,차대사람 - 횡단중,보행자보호의무위반,건조,맑음,교차로 - 교차로안,승용,남,52세,상해없음,보행자,여,68세,사망
2018061200100396,2018년 6월 12일 16시,화요일,대전광역시 동구 판암동,중상사고,0,1,0,0,차대사람 - 횡단중,신호위반,건조,맑음,교차로 - 교차로횡단보도내,화물,남,64세,상해없음,보행자,여,12세,중상
2018061200100397,2018년 6월 12일 16시,화요일,대전광역시 대덕구 석봉동,중상사고,0,1,0,0,차대차 - 측면충돌,안전운전불이행,건조,맑음,교차로 - 교차로안,승용,남,77세,상해없음,이륜,남,73세,중상
2018061200100455,2018년 6월 12일 17시,화요일,대전광역시 서구 월평동,경상사고,0,0,2,0,차대차 - 기타,안전운전불이행,건조,맑음,교차로 - 교차로부근,승용,여,58세,경상,화물,남,43세,경상
2018061200100502,2018년 6월 12일 18시,화요일,대전광역시 중구 문화동,경상사고,0,0,1,0,차대사람 - 기타,기타,건조,맑음,기타 - 기타,승용,남,36세,상해없음,보행자,남,4세,경상
2018061200100503,2018년 6월 12일 18시,화요일,대전광역시 서구 도마동,경상사고,0,0,2,0,차대차 - 측면충돌,안전운전불이행,건조,맑음,단일로 - 기타,승용,여,52세,상해없음,승용,남,25세,경상
2018061200100548,2018년 6월 12일 19시,화요일,대전광역시 중구 태평동,경상사고,0,0,1,0,차대차 - 기타,안전운전불이행,건조,맑음,단일로 - 기타,승용,남,58세,상해없음,원동기,남,41세,경상
2018061200100549,2018년 6월 12일 19시,화요일,대전광역시 유성구 죽동,경상사고,0,0,1,0,차대차 - 측면충돌,안전운전불이행,건조,맑음,교차로 - 교차로안,승용,여,26세,상해없음,승용,남,43세,경상
2018061200100581,2018년 6월 12일 20시,화요일,대전광역시 대덕구 목상동,중상사고,0,1,0,0,차대차 - 측면충돌,신호위반,건조,맑음,교차로 - 교차로안,승용,남,61세,상해없음,이륜,남,33세,중상
2018061200100643,2018년 6월 12일 22시,화요일,대전광역시 중구 문화동,경상사고,0,0,1,0,차대사람 - 기타,안전운전불이행,건조,맑음,단일로 - 기타,승용,남,68세,상해없음,보행자,여,38세,경상
2018061200100644,2018년 6월 12일 22시,화요일,대전광역시 서구 월평동,경상사고,0,0,1,0,차대사람 - 기타,안전운전불이행,건조,맑음,교차로 - 교차로안,승용,남,40세,상해없음,보행자,남,40세,경상
2018061200100674,2018년 6월 12일 23시,화요일,대전광역시 동구 가양동,부상신고사고,0,0,0,1,차대차 - 측면충돌,안전운전불이행,건조,맑음,단일로 - 기타,이륜,남,16세,상해없음,승용,남,34세,기타불명
2018061200100675,2018년 6월 12일 23시,화요일,대전광역시 유성구 도룡동,경상사고,0,0,2,0,차대차 - 측면충돌,안전운전불이행,건조,맑음,교차로 - 교차로안,승용,여,30세,경상,승용,남,24세,상해없음
2018061200100676,2018년 6월 12일 23시,화요일,대전광역시 유성구 송강동,경상사고,0,0,2,0,차대차 - 측면충돌,안전운전불이행,건조,맑음,교차로 - 교차로안,승용,남,39세,상해없음,승용,남,29세,경상
2018061300100083,2018년 6월 13일 05시,수요일,대전광역시 유성구 탑립동,중상사고,0,1,0,0,차대차 - 측면충돌,안전운전불이행,건조,맑음,교차로 - 교차로안,이륜,남,65세,중상,승합,남,56세,상해없음
2018061300100128,2018년 6월 13일 07시,수요일,대전광역시 대덕구 법동,경상사고,0,0,1,0,차대차 - 기타,안전운전불이행,건조,맑음,단일로 - 기타,승용,남,57세,상해없음,승용,남,51세,경상
2018061300100189,2018년 6월 13일 10시,수요일,대전광역시 대덕구 목상동,중상사고,0,1,0,0,차대사람 - 횡단중,기타,건조,맑음,주차장 - 주차장,승용,여,50세,상해없음,보행자,남,4세,중상
2018061300100256,2018년 6월 13일 12시,수요일,대전광역시 서구 가수원동,경상사고,0,0,1,0,차대차 - 측면충돌,신호위반,건조,맑음,교차로 - 교차로안,승용,남,77세,상해없음,승용,여,42세,경상
2018061300100257,2018년 6월 13일 12시,수요일,대전광역시 서구 갈마동,경상사고,0,0,1,0,차대사람 - 기타,안전운전불이행,건조,맑음,단일로 - 기타,승용,남,67세,상해없음,보행자,여,23세,경상
2018061300100258,2018년 6월 13일 12시,수요일,대전광역시 유성구 반석동,경상사고,0,0,2,0,차대차 - 기타,안전운전불이행,건조,맑음,단일로 - 기타,승용,여,63세,상해없음,건설기계,남,51세,경상
2018061300100280,2018년 6월 13일 13시,수요일,대전광역시 대덕구 대화동,경상사고,0,0,1,0,차대차 - 추돌,안전운전불이행,건조,맑음,단일로 - 기타,승용,남,50세,상해없음,승용,남,44세,상해없음
2018061300100281,2018년 6월 13일 13시,수요일,대전광역시 서구 용문동,중상사고,0,1,0,0,차대차 - 측면충돌,교차로운행방법위반,건조,맑음,교차로 - 교차로횡단보도내,승용,남,62세,상해없음,자전거,여,53세,중상
2018061300100282,2018년 6월 13일 13시,수요일,대전광역시 서구 둔산동,경상사고,0,0,3,0,차대차 - 측면충돌,안전거리미확보,건조,맑음,교차로 - 교차로안,이륜,남,53세,상해없음,승용,여,39세,경상
2018061300100346,2018년 6월 13일 15시,수요일,대전광역시 중구 태평동,경상사고,0,0,1,0,차대차 - 측면충돌,교차로운행방법위반,건조,맑음,교차로 - 교차로안,화물,남,24세,상해없음,승용,남,67세,경상
2018061300100347,2018년 6월 13일 15시,수요일,대전광역시 동구 중동,경상사고,0,0,1,0,차대차 - 측면충돌,신호위반,건조,맑음,교차로 - 교차로안,승용,여,51세,상해없음,승용,남,59세,경상
2018061300100387,2018년 6월 13일 16시,수요일,대전광역시 동구 용전동,중상사고,0,1,2,0,차대차 - 측면충돌,교차로운행방법위반,건조,맑음,교차로 - 교차로안,이륜,남,25세,중상,승용,남,35세,경상
2018061300100419,2018년 6월 13일 17시,수요일,대전광역시 동구 홍도동,경상사고,0,0,1,0,차대차 - 측면충돌,안전운전불이행,건조,맑음,교차로 - 교차로횡단보도내,자전거,남,69세,경상,승용,남,71세,상해없음
2018061300100420,2018년 6월 13일 17시,수요일,대전광역시 서구 둔산동,중상사고,0,1,0,0,차대사람 - 기타,안전운전불이행,건조,맑음,단일로 - 기타,승용,여,28세,상해없음,보행자,여,22세,중상
2018061300100456,2018년 6월 13일 18시,수요일,대전광역시 유성구 봉명동,경상사고,0,0,2,0,차대차 - 기타,안전운전불이행,건조,맑음,단일로 - 기타,승합,여,51세,상해없음,승용,여,47세,경상
2018061300100538,2018년 6월 13일 21시,수요일,대전광역시 서구 내동,중상사고,0,1,0,0,차대사람 - 횡단중,신호위반,건조,맑음,교차로 - 교차로횡단보도내,승용,남,56세,상해없음,보행자,여,20세,중상
2018061400100005,2018년 6월 14일 00시,목요일,대전광역시 서구 복수동,경상사고,0,0,1,0,차대차 - 측면충돌,신호위반,건조,맑음,교차로 - 교차로안,승용,남,47세,상해없음,이륜,여,28세,경상
2018061400100018,2018년 6월 14일 01시,목요일,대전광역시 유성구 구암동,중상사고,0,1,0,0,차대차 - 기타,신호위반,건조,맑음,교차로 - 교차로안,승용,여,27세,기타불명,승용,남,29세,중상
2018061400100036,2018년 6월 14일 04시,목요일,대전광역시 동구 판암동,중상사고,0,16,10,0,차대차 - 측면충돌,신호위반,건조,맑음,교차로 - 교차로안,승합,남,58세,경상,승용,남,26세,중상
2018061400100077,2018년 6월 14일 07시,목요일,대전광역시 동구 용전동,경상사고,0,0,1,0,차대차 - 측면충돌,신호위반,건조,맑음,단일로 - 기타,승용,여,28세,상해없음,승용,남,25세,경상
2018061400100078,2018년 6월 14일 07시,목요일,대전광역시 유성구 원신흥동,경상사고,0,0,2,0,차대차 - 기타,교차로운행방법위반,건조,맑음,교차로 - 교차로안,승용,남,49세,경상,승용,남,33세,경상
2018061400100130,2018년 6월 14일 08시,목요일,대전광역시 서구 월평동,경상사고,0,0,2,0,차대차 - 추돌,안전거리미확보,건조,맑음,교차로 - 교차로안,승용,남,23세,상해없음,승용,여,53세,경상
2018061400100186,2018년 6월 14일 10시,목요일,대전광역시 서구 월평동,경상사고,0,0,1,0,차대차 - 기타,안전운전불이행,건조,맑음,교차로 - 교차로안,승용,남,52세,상해없음,승용,남,58세,경상
2018061400100220,2018년 6월 14일 11시,목요일,대전광역시 유성구 봉명동,경상사고,0,0,2,0,차대차 - 추돌,안전운전불이행,건조,맑음,교차로 - 교차로안,승용,남,61세,상해없음,승용,남,52세,경상
2018061400100306,2018년 6월 14일 14시,목요일,대전광역시 서구 둔산동,경상사고,0,0,1,0,차대차 - 기타,안전운전불이행,건조,맑음,교차로 - 교차로횡단보도내,승용,여,54세,상해없음,자전거,남,85세,경상
2018061400100307,2018년 6월 14일 14시,목요일,대전광역시 유성구 구성동,경상사고,0,0,1,0,차대차 - 추돌,안전운전불이행,건조,맑음,단일로 - 기타,승용,남,49세,상해없음,승용,여,62세,경상
2018061400100351,2018년 6월 14일 15시,목요일,대전광역시 동구 용전동,중상사고,0,1,0,0,차대사람 - 횡단중,안전운전불이행,건조,맑음,교차로 - 교차로부근,승용,여,21세,상해없음,보행자,남,24세,중상
2018061400100391,2018년 6월 14일 16시,목요일,대전광역시 동구 삼성동,경상사고,0,0,1,0,차대차 - 기타,안전운전불이행,건조,맑음,교차로 - 교차로부근,화물,남,48세,상해없음,자전거,남,64세,경상
2018061400100392,2018년 6월 14일 16시,목요일,대전광역시 서구 복수동,경상사고,0,0,1,0,차대사람 - 차도통행중,안전운전불이행,건조,맑음,단일로 - 기타,승합,남,60세,상해없음,보행자,남,28세,경상
2018061400100393,2018년 6월 14일 16시,목요일,대전광역시 서구 둔산동,경상사고,0,0,1,0,차대차 - 측면충돌,교차로운행방법위반,건조,맑음,교차로 - 교차로안,승용,남,43세,상해없음,승용,여,46세,경상
2018061400100451,2018년 6월 14일 17시,목요일,대전광역시 대덕구 대화동,경상사고,0,0,3,0,차대차 - 추돌,안전운전불이행,건조,맑음,단일로 - 기타,승용,여,55세,상해없음,승용,여,30세,경상
2018061400100452,2018년 6월 14일 17시,목요일,대전광역시 서구 둔산동,경상사고,0,0,1,0,차대차 - 기타,안전운전불이행,건조,맑음,단일로 - 기타,이륜,남,41세,경상,승용,남,50세,상해없음
2018061400100524,2018년 6월 14일 19시,목요일,대전광역시 대덕구 읍내동,경상사고,0,0,1,0,차대차 - 측면충돌,안전운전불이행,건조,맑음,단일로 - 기타,화물,남,65세,상해없음,승용,남,49세,경상
2018061400100535,2018년 6월 14일 19시,목요일,대전광역시 대덕구 비래동,경상사고,0,0,1,0,차대차 - 기타,안전운전불이행,건조,맑음,단일로 - 기타,이륜,남,18세,상해없음,자전거,남,13세,경상
2018061400100571,2018년 6월 14일 20시,목요일,대전광역시 유성구 송강동,경상사고,0,0,1,0,차대사람 - 기타,안전운전불이행,건조,맑음,단일로 - 기타,승용,여,33세,상해없음,보행자,남,7세,경상
2018061400100597,2018년 6월 14일 21시,목요일,대전광역시 서구 도마동,경상사고,0,0,1,0,차대차 - 측면충돌,안전운전불이행,건조,맑음,단일로 - 기타,승용,남,68세,상해없음,자전거,여,41세,경상
2018061400100599,2018년 6월 14일 21시,목요일,대전광역시 유성구 탑립동,경상사고,0,0,1,0,차대차 - 기타,신호위반,건조,맑음,교차로 - 교차로안,승용,남,30세,상해없음,승용,남,27세,경상
2018061400100646,2018년 6월 14일 23시,목요일,대전광역시 동구 삼성동,경상사고,0,0,1,0,차량단독 - 기타,기타,건조,맑음,단일로 - 기타,승합,남,61세,상해없음,,,,
2018061500100028,2018년 6월 15일 02시,금요일,대전광역시 서구 탄방동,경상사고,0,0,2,0,차대차 - 측면충돌,안전거리미확보,건조,맑음,단일로 - 기타,화물,남,48세,상해없음,승용,남,21세,경상
2018061500100063,2018년 6월 15일 06시,금요일,대전광역시 서구 가수원동,경상사고,0,0,2,0,차대차 - 추돌,안전운전불이행,건조,맑음,교차로 - 교차로부근,화물,남,52세,상해없음,승용,여,43세,경상
2018061500100083,2018년 6월 15일 07시,금요일,대전광역시 동구 자양동,경상사고,0,0,1,0,차대차 - 측면충돌,안전운전불이행,건조,맑음,교차로 - 교차로부근,승용,남,33세,상해없음,자전거,남,66세,경상
2018061500100084,2018년 6월 15일 07시,금요일,대전광역시 동구 삼괴동,경상사고,0,0,2,0,차대차 - 추돌,안전운전불이행,건조,맑음,단일로 - 기타,승용,남,37세,상해없음,승용,남,28세,경상
2018061500100123,2018년 6월 15일 08시,금요일,대전광역시 동구 삼괴동,경상사고,0,0,2,0,차대차 - 추돌,안전운전불이행,건조,맑음,단일로 - 기타,화물,남,44세,상해없음,승용,여,51세,경상
2018061500100124,2018년 6월 15일 08시,금요일,대전광역시 유성구 봉명동,경상사고,0,0,1,0,차대차 - 측면충돌,안전운전불이행,건조,맑음,단일로 - 기타,원동기,남,83세,상해없음,자전거,여,55세,경상
2018061500100186,2018년 6월 15일 10시,금요일,대전광역시 대덕구 대화동,경상사고,0,0,1,0,차대사람 - 기타,안전운전불이행,건조,맑음,교차로 - 교차로부근,승용,남,27세,상해없음,보행자,여,73세,경상
2018061500100237,2018년 6월 15일 12시,금요일,대전광역시 서구 복수동,경상사고,0,0,1,0,차대사람 - 횡단중,보행자보호의무위반,건조,맑음,교차로 - 교차로횡단보도내,승용,여,43세,상해없음,보행자,여,29세,경상
2018061500100266,2018년 6월 15일 13시,금요일,대전광역시 중구 태평동,중상사고,0,1,2,0,차대차 - 측면충돌,중앙선침범,건조,맑음,단일로 - 교량,승용,여,68세,상해없음,승용,남,30세,경상
2018061500100306,2018년 6월 15일 14시,금요일,대전광역시 대덕구 송촌동,중상사고,0,1,1,0,차대차 - 기타,안전운전불이행,건조,맑음,단일로 - 기타,승용,남,49세,상해없음,승합,남,31세,경상
2018061500100348,2018년 6월 15일 15시,금요일,대전광역시 중구 대사동,경상사고,0,0,1,0,차대차 - 측면충돌,안전거리미확보,건조,맑음,단일로 - 기타,승합,남,62세,상해없음,승용,남,32세,경상
2018061500100406,2018년 6월 15일 16시,금요일,대전광역시 동구 가오동,부상신고사고,0,0,0,1,차대사람 - 기타,안전운전불이행,건조,맑음,단일로 - 기타,기타불명,기타불명,미분류,기타불명,보행자,남,79세,부상신고
2018061500100407,2018년 6월 15일 16시,금요일,대전광역시 동구 낭월동,경상사고,0,0,1,0,차대차 - 측면충돌,교차로운행방법위반,건조,맑음,교차로 - 교차로안,승용,여,40세,상해없음,건설기계,남,61세,경상
2018061500100408,2018년 6월 15일 16시,금요일,대전광역시 서구 둔산동,중상사고,0,1,0,0,차대사람 - 기타,안전운전불이행,건조,맑음,단일로 - 기타,자전거,남,14세,상해없음,보행자,여,59세,중상
2018061500100459,2018년 6월 15일 17시,금요일,대전광역시 대덕구 문평동,중상사고,0,1,2,0,차대차 - 추돌,안전운전불이행,건조,맑음,교차로 - 교차로부근,승용,여,51세,상해없음,승용,여,36세,중상
2018061500100460,2018년 6월 15일 17시,금요일,대전광역시 대덕구 덕암동,부상신고사고,0,0,0,1,차대차 - 측면충돌,안전운전불이행,건조,맑음,교차로 - 교차로안,이륜,남,52세,부상신고,화물,남,49세,상해없음
2018061500100461,2018년 6월 15일 17시,금요일,대전광역시 유성구 노은동,경상사고,0,0,1,0,차대차 - 추돌,안전거리미확보,건조,맑음,단일로 - 지하차도(도로)내,승용,남,21세,상해없음,승용,여,54세,경상
2018061500100462,2018년 6월 15일 17시,금요일,대전광역시 유성구 반석동,경상사고,0,0,2,0,차대차 - 추돌,안전운전불이행,건조,맑음,교차로 - 교차로부근,승용,여,61세,상해없음,승용,여,57세,경상
2018061500100511,2018년 6월 15일 18시,금요일,대전광역시 서구 갈마동,중상사고,0,1,0,0,차대차 - 기타,안전운전불이행,건조,맑음,교차로 - 교차로횡단보도내,승용,남,33세,상해없음,자전거,남,57세,중상
2018061500100512,2018년 6월 15일 18시,금요일,대전광역시 유성구 구암동,경상사고,0,0,1,0,차대차 - 측면충돌,안전운전불이행,건조,맑음,단일로 - 기타,승용,여,58세,상해없음,승용,남,48세,경상
2018061500100534,2018년 6월 15일 19시,금요일,대전광역시 대덕구 연축동,경상사고,0,0,1,0,차대차 - 추돌,안전운전불이행,건조,맑음,단일로 - 기타,화물,여,60세,상해없음,승용,남,50세,경상
2018061500100586,2018년 6월 15일 20시,금요일,대전광역시 서구 탄방동,경상사고,0,0,3,0,차대차 - 추돌,안전거리미확보,건조,맑음,단일로 - 기타,승용,남,52세,상해없음,승용,남,42세,경상
2018061500100619,2018년 6월 15일 21시,금요일,대전광역시 서구 가수원동,경상사고,0,0,5,0,차대차 - 측면충돌,안전운전불이행,건조,맑음,단일로 - 기타,승용,남,40세,경상,승용,여,45세,경상
2018061500100620,2018년 6월 15일 21시,금요일,대전광역시 유성구 대정동,중상사고,0,1,0,0,차대사람 - 횡단중,안전운전불이행,건조,맑음,단일로 - 기타,승용,남,62세,상해없음,보행자,여,61세,중상
2018061500100657,2018년 6월 15일 22시,금요일,대전광역시 서구 갈마동,경상사고,0,0,1,0,차대차 - 기타,안전운전불이행,건조,맑음,교차로 - 교차로횡단보도내,이륜,남,19세,상해없음,자전거,남,12세,경상
2018061500100679,2018년 6월 15일 23시,금요일,대전광역시 동구 용전동,경상사고,0,0,2,0,차대차 - 기타,안전거리미확보,건조,맑음,단일로 - 기타,승용,남,57세,상해없음,이륜,남,31세,경상
2018061600100014,2018년 6월 16일 00시,토요일,대전광역시 서구 관저동,중상사고,0,1,3,1,차대차 - 측면충돌,신호위반,건조,맑음,교차로 - 교차로안,승용,남,29세,경상,승용,남,46세,경상
2018061600100106,2018년 6월 16일 07시,토요일,대전광역시 중구 오류동,경상사고,0,0,1,0,차대차 - 추돌,안전운전불이행,건조,맑음,교차로 - 교차로부근,화물,남,76세,상해없음,승용,여,46세,경상
2018061600100107,2018년 6월 16일 07시,토요일,대전광역시 유성구 장대동,경상사고,0,0,2,0,차대차 - 측면충돌,안전운전불이행,건조,맑음,교차로 - 교차로안,승용,여,41세,상해없음,승용,남,50세,경상
2018061600100123,2018년 6월 16일 08시,토요일,대전광역시 유성구 갑동,경상사고,0,0,2,0,차대차 - 측면충돌,안전거리미확보,건조,맑음,기타 - 기타,승용,남,39세,상해없음,승용,여,48세,경상
2018061600100163,2018년 6월 16일 10시,토요일,대전광역시 서구 용문동,경상사고,0,0,1,0,차대차 - 기타,기타,건조,맑음,교차로 - 교차로부근,승용,남,61세,상해없음,이륜,남,55세,경상
2018061600100202,2018년 6월 16일 11시,토요일,대전광역시 서구 둔산동,경상사고,0,0,1,0,차대차 - 측면충돌,안전거리미확보,건조,맑음,단일로 - 기타,승용,남,56세,상해없음,승용,남,62세,경상
2018061600100232,2018년 6월 16일 12시,토요일,대전광역시 유성구 장대동,경상사고,0,0,1,0,차대차 - 추돌,차로위반,건조,맑음,단일로 - 기타,승용,여,69세,상해없음,승용,남,60세,경상
2018061600100266,2018년 6월 16일 13시,토요일,대전광역시 유성구 노은동,중상사고,0,2,1,0,차대차 - 측면충돌,신호위반,건조,맑음,교차로 - 교차로안,승용,남,81세,상해없음,승용,남,60세,중상
2018061600100267,2018년 6월 16일 13시,토요일,대전광역시 유성구 원내동,경상사고,0,0,1,0,차대차 - 추돌,안전운전불이행,건조,맑음,단일로 - 기타,승용,여,51세,상해없음,승용,여,56세,경상
2018061600100391,2018년 6월 16일 16시,토요일,대전광역시 서구 둔산동,경상사고,0,0,1,0,차대사람 - 횡단중,보행자보호의무위반,건조,맑음,단일로 - 기타,승용,여,54세,상해없음,보행자,남,19세,경상
2018061600100392,2018년 6월 16일 16시,토요일,대전광역시 유성구 장대동,경상사고,0,0,1,0,차대차 - 추돌,안전운전불이행,건조,맑음,교차로 - 교차로횡단보도내,화물,남,35세,상해없음,자전거,남,73세,경상
2018061600100433,2018년 6월 16일 17시,토요일,대전광역시 동구 대성동,경상사고,0,0,2,0,차대차 - 추돌,안전운전불이행,건조,맑음,교차로 - 교차로안,승용,남,56세,상해없음,화물,남,51세,경상
2018061600100509,2018년 6월 16일 19시,토요일,대전광역시 서구 월평동,경상사고,0,0,1,0,차대차 - 측면충돌,안전운전불이행,건조,맑음,교차로 - 교차로안,승용,여,27세,상해없음,승용,남,72세,경상
2018061600100602,2018년 6월 16일 22시,토요일,대전광역시 서구 둔산동,경상사고,0,0,2,0,차대차 - 후진중충돌,안전운전불이행,건조,맑음,교차로 - 교차로안,승용,남,70세,상해없음,승용,남,25세,경상
2018061600100628,2018년 6월 16일 23시,토요일,대전광역시 대덕구 중리동,경상사고,0,0,1,0,차대사람 - 기타,안전운전불이행,건조,맑음,교차로 - 교차로부근,승용,남,44세,상해없음,보행자,남,44세,경상
2018061700100017,2018년 6월 17일 00시,일요일,대전광역시 유성구 복용동,경상사고,0,0,2,0,차대차 - 추돌,안전운전불이행,건조,맑음,단일로 - 기타,승용,여,62세,상해없음,승용,여,54세,경상
2018061700100053,2018년 6월 17일 02시,일요일,대전광역시 동구 자양동,경상사고,0,0,2,0,차대사람 - 횡단중,신호위반,건조,맑음,단일로 - 기타,이륜,남,17세,상해없음,보행자,여,19세,경상
2018061700100070,2018년 6월 17일 04시,일요일,대전광역시 중구 중촌동,부상신고사고,0,0,0,1,차대차 - 정면충돌,중앙선침범,건조,맑음,단일로 - 지하차도(도로)내,승용,남,39세,상해없음,승용,남,68세,부상신고
2018061700100071,2018년 6월 17일 04시,일요일,대전광역시 서구 용문동,중상사고,0,2,1,0,차대차 - 측면충돌,신호위반,건조,맑음,교차로 - 교차로안,승용,남,33세,중상,승용,남,17세,경상
2018061700100112,2018년 6월 17일 08시,일요일,대전광역시 대덕구 신탄진동,부상신고사고,0,0,0,1,차대차 - 기타,안전운전불이행,건조,맑음,단일로 - 기타,자전거,여,60세,부상신고,화물,남,28세,상해없음
2018061700100143,2018년 6월 17일 10시,일요일,대전광역시 유성구 장대동,경상사고,0,0,2,0,차대차 - 후진중충돌,안전운전불이행,건조,맑음,단일로 - 기타,승용,남,56세,상해없음,승용,여,56세,경상
2018061700100165,2018년 6월 17일 11시,일요일,대전광역시 서구 정림동,경상사고,0,0,4,0,차대차 - 측면충돌,안전운전불이행,건조,맑음,단일로 - 기타,승용,남,62세,상해없음,승용,남,42세,경상
2018061700100190,2018년 6월 17일 12시,일요일,대전광역시 동구 용전동,경상사고,0,0,1,0,차대차 - 측면충돌,안전운전불이행,건조,맑음,교차로 - 교차로안,승용,여,26세,상해없음,화물,남,50세,경상
2018061700100191,2018년 6월 17일 12시,일요일,대전광역시 유성구 노은동,중상사고,0,1,0,0,차대차 - 측면충돌,안전거리미확보,건조,맑음,교차로 - 교차로부근,승용,여,61세,상해없음,승용,여,55세,중상
2018061700100271,2018년 6월 17일 15시,일요일,대전광역시 서구 둔산동,경상사고,0,0,2,0,차대차 - 추돌,안전운전불이행,건조,맑음,교차로 - 교차로부근,승용,남,42세,상해없음,승용,여,53세,경상
2018061700100298,2018년 6월 17일 16시,일요일,대전광역시 중구 은행동,경상사고,0,0,2,0,차대차 - 추돌,안전운전불이행,건조,맑음,단일로 - 기타,승용,남,48세,상해없음,승용,남,48세,경상
2018061700100299,2018년 6월 17일 16시,일요일,대전광역시 중구 대흥동,경상사고,0,0,1,0,차대사람 - 보도통행중,기타,건조,맑음,단일로 - 기타,원동기,남,52세,기타불명,보행자,여,15세,경상
2018061700100334,2018년 6월 17일 17시,일요일,대전광역시 중구 석교동,중상사고,0,1,0,0,차대차 - 추돌,안전운전불이행,건조,맑음,단일로 - 기타,건설기계,남,43세,상해없음,승용,남,47세,중상
2018061700100335,2018년 6월 17일 17시,일요일,대전광역시 서구 도마동,경상사고,0,0,3,0,차대차 - 측면충돌,차로위반,건조,맑음,단일로 - 기타,승용,남,59세,상해없음,화물,남,57세,경상
2018061700100412,2018년 6월 17일 20시,일요일,대전광역시 대덕구 오정동,경상사고,0,0,1,0,차대차 - 기타,안전운전불이행,건조,맑음,교차로 - 교차로안,승용,남,48세,상해없음,승용,남,41세,경상
2018061700100413,2018년 6월 17일 20시,일요일,대전광역시 서구 둔산동,중상사고,0,1,0,0,차대사람 - 기타,안전운전불이행,건조,맑음,미분류 - 미분류,자전거,여,23세,상해없음,보행자,남,68세,중상
2018061700100434,2018년 6월 17일 21시,일요일,대전광역시 동구 인동,경상사고,0,0,2,0,차대차 - 기타,안전운전불이행,건조,맑음,교차로 - 교차로부근,승합,남,24세,상해없음,승용,남,24세,경상
2018061700100471,2018년 6월 17일 23시,일요일,대전광역시 대덕구 중리동,경상사고,0,0,3,0,차대차 - 추돌,안전운전불이행,건조,맑음,교차로 - 교차로부근,승용,여,48세,상해없음,승용,남,41세,경상
2018061700100472,2018년 6월 17일 23시,일요일,대전광역시 서구 둔산동,경상사고,0,0,1,0,차대사람 - 길가장자리구역통행중,안전운전불이행,건조,맑음,교차로 - 교차로부근,승용,여,50세,상해없음,보행자,여,18세,경상
2018061800100013,2018년 6월 18일 00시,월요일,대전광역시 서구 도안동,경상사고,0,0,1,0,차대차 - 추돌,안전거리미확보,건조,맑음,교차로 - 교차로부근,승합,남,34세,상해없음,승용,남,28세,상해없음
2018061800100136,2018년 6월 18일 08시,월요일,대전광역시 중구 문화동,경상사고,0,0,1,0,차량단독 - 기타,기타,건조,맑음,단일로 - 기타,승합,남,50세,상해없음,,,,
2018061800100137,2018년 6월 18일 08시,월요일,대전광역시 동구 신흥동,중상사고,0,2,2,0,차대차 - 기타,신호위반,건조,맑음,교차로 - 교차로안,승용,남,77세,기타불명,화물,남,61세,중상
2018061800100138,2018년 6월 18일 08시,월요일,대전광역시 대덕구 대화동,경상사고,0,0,1,0,차대차 - 기타,안전운전불이행,건조,맑음,교차로 - 교차로안,승용,남,40세,상해없음,승용,남,29세,경상
2018061800100139,2018년 6월 18일 08시,월요일,대전광역시 대덕구 신대동,경상사고,0,0,1,0,차대차 - 기타,안전운전불이행,건조,맑음,단일로 - 기타,화물,남,31세,상해없음,승합,남,53세,경상
2018061800100140,2018년 6월 18일 08시,월요일,대전광역시 대덕구 신대동,경상사고,0,0,1,1,차대차 - 추돌,안전운전불이행,건조,맑음,단일로 - 기타,승용,남,29세,상해없음,승용,남,59세,경상
2018061800100173,2018년 6월 18일 09시,월요일,대전광역시 유성구 교촌동,경상사고,0,0,2,0,차대차 - 추돌,안전운전불이행,건조,맑음,단일로 - 기타,승용,남,39세,상해없음,승용,여,31세,경상
2018061800100210,2018년 6월 18일 10시,월요일,대전광역시 서구 둔산동,중상사고,0,1,0,0,차대차 - 측면충돌,안전운전불이행,건조,맑음,단일로 - 기타,승용,여,57세,상해없음,자전거,남,70세,중상
2018061800100243,2018년 6월 18일 11시,월요일,대전광역시 서구 월평동,중상사고,0,1,0,0,차대차 - 후진중충돌,안전운전불이행,건조,맑음,단일로 - 기타,화물,남,54세,상해없음,이륜,남,23세,중상
2018061800100271,2018년 6월 18일 12시,월요일,대전광역시 중구 부사동,경상사고,0,0,1,0,차대차 - 측면충돌,신호위반,건조,맑음,교차로 - 교차로안,승용,여,41세,상해없음,승용,여,49세,경상