사고번호,사고일시,요일,시군구,사고내용,사망자수,중상자수,경상자수,부상신고자수,사고유형,법규위반,노면상태,기상상태,도로형태,가해운전자 차종,가해운전자 성별,가해운전자 연령,가해운전자 상해정도,피해운전자 차종,피해운전자 성별,피해운전자 연령,피해운전자 상해정도
2018070600100300,2018년 7월 6일 14시,금요일,대전광역시 대덕구 오정동,경상사고,0,0,1,0,차대차 - 측면충돌,중앙선침범,건조,맑음,교차로 - 교차로부근,이륜,남,23세,상해없음,승용,남,60세,경상
2018070600100332,2018년 7월 6일 15시,금요일,대전광역시 대덕구 덕암동,중상사고,0,1,2,0,차대차 - 추돌,안전운전불이행,건조,맑음,교차로 - 교차로부근,화물,남,36세,상해없음,승용,여,47세,경상
2018070600100376,2018년 7월 6일 16시,금요일,대전광역시 유성구 상대동,경상사고,0,0,1,0,차대차 - 측면충돌,안전거리미확보,건조,맑음,단일로 - 기타,승용,남,56세,상해없음,이륜,남,22세,경상
2018070600100426,2018년 7월 6일 17시,금요일,대전광역시 서구 변동,중상사고,0,1,0,0,차대사람 - 기타,안전운전불이행,건조,맑음,단일로 - 기타,승합,남,63세,상해없음,보행자,여,37세,중상
2018070600100504,2018년 7월 6일 19시,금요일,대전광역시 서구 용문동,중상사고,0,1,3,0,차대차 - 추돌,안전운전불이행,건조,맑음,단일로 - 기타,승용,여,37세,상해없음,승용,남,45세,중상
2018070600100527,2018년 7월 6일 20시,금요일,대전광역시 서구 가장동,경상사고,0,0,1,0,차대차 - 추돌,안전운전불이행,건조,맑음,단일로 - 기타,승용,남,26세,상해없음,승용,남,27세,경상
2018070600100558,2018년 7월 6일 21시,금요일,대전광역시 중구 유천동,경상사고,0,0,1,0,차대차 - 기타,안전운전불이행,건조,맑음,단일로 - 고가도로위,자전거,남,73세,경상,승용,남,50세,상해없음
2018070600100559,2018년 7월 6일 21시,금요일,대전광역시 서구 둔산동,경상사고,0,0,1,0,차대사람 - 차도통행중,안전운전불이행,건조,맑음,단일로 - 기타,승용,남,20세,상해없음,보행자,남,20세,경상
2018070600100560,2018년 7월 6일 21시,금요일,대전광역시 유성구 봉명동,중상사고,0,1,0,0,차대차 - 기타,안전운전불이행,건조,맑음,교차로 - 교차로안,승용,여,28세,상해없음,자전거,여,53세,중상
2018070700100044,2018년 7월 7일 01시,토요일,대전광역시 서구 둔산동,경상사고,0,0,1,0,차대사람 - 기타,안전운전불이행,건조,맑음,단일로 - 기타,승용,여,26세,상해없음,보행자,남,23세,경상
2018070700100059,2018년 7월 7일 02시,토요일,대전광역시 중구 용두동,경상사고,0,0,1,1,차대차 - 기타,안전거리미확보,건조,맑음,단일로 - 고가도로위,승용,남,56세,부상신고,승용,남,23세,상해없음
2018070700100060,2018년 7월 7일 02시,토요일,대전광역시 동구 가양동,중상사고,0,1,0,0,차대차 - 측면충돌,안전운전불이행,건조,맑음,교차로 - 교차로안,승합,남,66세,상해없음,이륜,남,35세,중상
2018070700100070,2018년 7월 7일 03시,토요일,대전광역시 서구 갈마동,경상사고,0,0,1,0,차대차 - 측면충돌,안전운전불이행,건조,맑음,교차로 - 교차로부근,승용,남,77세,상해없음,이륜,남,24세,상해없음
2018070700100087,2018년 7월 7일 04시,토요일,대전광역시 서구 용문동,중상사고,0,1,3,0,차대차 - 측면충돌,신호위반,건조,맑음,교차로 - 교차로안,승용,남,40세,상해없음,승용,남,33세,중상
2018070700100088,2018년 7월 7일 04시,토요일,대전광역시 서구 괴정동,경상사고,0,0,4,0,차대차 - 추돌,안전거리미확보,건조,맑음,단일로 - 기타,승용,남,20세,상해없음,승용,남,48세,상해없음
2018070700100125,2018년 7월 7일 07시,토요일,대전광역시 대덕구 문평동,경상사고,0,0,1,0,차대차 - 기타,안전운전불이행,건조,맑음,주차장 - 주차장,화물,남,30세,기타불명,화물,남,53세,경상
2018070700100126,2018년 7월 7일 07시,토요일,대전광역시 유성구 방동,경상사고,0,0,3,0,차대차 - 기타,안전운전불이행,건조,맑음,교차로 - 교차로부근,승용,남,38세,상해없음,화물,남,28세,경상
2018070700100146,2018년 7월 7일 08시,토요일,대전광역시 서구 둔산동,경상사고,0,0,7,0,차량단독 - 공작물충돌,기타,건조,맑음,단일로 - 기타,승합,남,44세,상해없음,,,,
2018070700100208,2018년 7월 7일 10시,토요일,대전광역시 동구 신흥동,경상사고,0,0,2,0,차대차 - 추돌,안전운전불이행,건조,맑음,교차로 - 교차로안,승용,여,63세,상해없음,승용,여,57세,경상
2018070700100231,2018년 7월 7일 11시,토요일,대전광역시 서구 둔산동,중상사고,0,1,0,0,차대차 - 기타,안전운전불이행,건조,맑음,단일로 - 기타,화물,남,51세,상해없음,자전거,남,16세,중상
2018070700100232,2018년 7월 7일 11시,토요일,대전광역시 유성구 장대동,경상사고,0,0,3,0,차대차 - 추돌,안전운전불이행,건조,맑음,교차로 - 교차로안,화물,남,41세,상해없음,승용,여,41세,경상
2018070700100278,2018년 7월 7일 12시,토요일,대전광역시 중구 문화동,경상사고,0,0,1,0,차대차 - 측면충돌,차로위반,건조,맑음,단일로 - 기타,승합,남,47세,상해없음,승용,남,40세,경상
2018070700100279,2018년 7월 7일 12시,토요일,대전광역시 유성구 구암동,경상사고,0,0,1,0,차대차 - 기타,교차로운행방법위반,건조,맑음,교차로 - 교차로안,승용,여,41세,상해없음,개인형이동수단(PM),남,18세,경상
2018070700100311,2018년 7월 7일 13시,토요일,대전광역시 동구 판암동,경상사고,0,0,1,0,차대차 - 측면충돌,신호위반,건조,맑음,교차로 - 교차로안,승용,여,53세,상해없음,승용,여,31세,경상
2018070700100312,2018년 7월 7일 13시,토요일,대전광역시 유성구 안산동,중상사고,0,1,0,0,차대차 - 기타,안전거리미확보,건조,맑음,단일로 - 기타,승용,남,56세,상해없음,이륜,여,26세,중상
2018070700100351,2018년 7월 7일 14시,토요일,대전광역시 서구 둔산동,경상사고,0,0,1,1,차대차 - 기타,안전운전불이행,건조,맑음,단일로 - 기타,승용,남,28세,상해없음,승용,남,56세,부상신고
2018070700100387,2018년 7월 7일 15시,토요일,대전광역시 서구 월평동,경상사고,0,0,1,0,차대차 - 추돌,안전운전불이행,건조,맑음,단일로 - 기타,화물,남,48세,상해없음,승용,여,34세,경상
2018070700100388,2018년 7월 7일 15시,토요일,대전광역시 서구 탄방동,경상사고,0,0,1,0,차대차 - 추돌,안전운전불이행,건조,맑음,교차로 - 교차로안,승용,여,43세,상해없음,승용,남,37세,경상
2018070700100501,2018년 7월 7일 18시,토요일,대전광역시 중구 부사동,중상사고,0,1,0,0,차대차 - 측면충돌,직진우회전진행방해,건조,맑음,단일로 - 기타,승용,남,28세,상해없음,자전거,여,46세,중상
2018070700100502,2018년 7월 7일 18시,토요일,대전광역시 서구 정림동,경상사고,0,0,1,0,차대차 - 측면충돌,안전거리미확보,건조,맑음,단일로 - 기타,승용,남,55세,상해없음,승용,남,47세,경상
2018070700100503,2018년 7월 7일 18시,토요일,대전광역시 서구 내동,경상사고,0,0,1,0,차대사람 - 기타,안전운전불이행,건조,맑음,주차장 - 주차장,승용,남,47세,상해없음,보행자,여,82세,경상
2018070700100504,2018년 7월 7일 18시,토요일,대전광역시 대덕구 오정동,경상사고,0,0,1,0,차대차 - 기타,안전운전불이행,건조,맑음,교차로 - 교차로부근,승용,남,24세,기타불명,승용,여,52세,경상
2018070700100544,2018년 7월 7일 19시,토요일,대전광역시 동구 용전동,경상사고,0,0,1,0,차대차 - 기타,교차로운행방법위반,건조,맑음,교차로 - 교차로안,승용,남,27세,상해없음,승용,여,55세,경상
2018070700100545,2018년 7월 7일 19시,토요일,대전광역시 서구 탄방동,경상사고,0,0,1,0,차대차 - 측면충돌,안전거리미확보,건조,맑음,단일로 - 기타,승용,남,60세,상해없음,승용,남,34세,경상
2018070700100598,2018년 7월 7일 21시,토요일,대전광역시 서구 탄방동,경상사고,0,0,1,0,차대사람 - 기타,안전운전불이행,건조,맑음,교차로 - 교차로부근,승합,남,39세,상해없음,보행자,여,26세,경상
2018070700100619,2018년 7월 7일 22시,토요일,대전광역시 대덕구 중리동,경상사고,0,0,2,0,차대차 - 추돌,안전운전불이행,건조,맑음,교차로 - 교차로부근,화물,남,27세,상해없음,승용,남,23세,경상
2018070700100620,2018년 7월 7일 22시,토요일,대전광역시 서구 갈마동,경상사고,0,0,3,0,차대차 - 기타,교차로운행방법위반,건조,맑음,교차로 - 교차로안,승용,남,55세,상해없음,승용,남,60세,경상
2018070700100647,2018년 7월 7일 23시,토요일,대전광역시 서구 둔산동,경상사고,0,0,1,0,차대사람 - 기타,안전운전불이행,건조,맑음,단일로 - 기타,승용,남,64세,상해없음,보행자,남,17세,경상
2018070800100086,2018년 7월 8일 08시,일요일,대전광역시 서구 복수동,경상사고,0,0,2,0,차대차 - 측면충돌,신호위반,건조,맑음,교차로 - 교차로안,승용,여,41세,상해없음,승용,여,65세,경상
2018070800100185,2018년 7월 8일 13시,일요일,대전광역시 동구 소제동,경상사고,0,0,1,1,차대차 - 추돌,안전거리미확보,건조,맑음,단일로 - 기타,승용,남,61세,상해없음,승용,여,39세,경상
2018070800100217,2018년 7월 8일 14시,일요일,대전광역시 서구 도마동,경상사고,0,0,1,0,차대차 - 측면충돌,불법유턴,건조,맑음,교차로 - 교차로안,자전거,남,12세,경상,승용,남,53세,상해없음
2018070800100218,2018년 7월 8일 14시,일요일,대전광역시 유성구 봉명동,경상사고,0,0,1,0,차대차 - 측면충돌,교차로운행방법위반,건조,맑음,교차로 - 교차로안,승용,남,24세,기타불명,승용,남,36세,경상
2018070800100245,2018년 7월 8일 15시,일요일,대전광역시 동구 용전동,중상사고,0,1,0,0,차대차 - 측면충돌,불법유턴,건조,맑음,교차로 - 교차로부근,자전거,남,81세,중상,승용,남,56세,상해없음
2018070800100246,2018년 7월 8일 15시,일요일,대전광역시 서구 월평동,경상사고,0,0,2,0,차대차 - 기타,안전운전불이행,건조,맑음,교차로 - 교차로부근,승합,여,48세,상해없음,승용,남,70세,경상
2018070800100355,2018년 7월 8일 18시,일요일,대전광역시 동구 용전동,중상사고,0,1,0,0,차대사람 - 횡단중,보행자보호의무위반,건조,맑음,교차로 - 교차로안,승용,남,48세,상해없음,보행자,여,61세,중상
2018070800100356,2018년 7월 8일 18시,일요일,대전광역시 서구 월평동,경상사고,0,0,1,0,차대차 - 측면충돌,안전운전불이행,건조,맑음,단일로 - 기타,이륜,남,74세,상해없음,자전거,남,32세,경상
2018070800100401,2018년 7월 8일 20시,일요일,대전광역시 유성구 노은동,중상사고,0,1,0,0,차대사람 - 길가장자리구역통행중,안전운전불이행,건조,맑음,단일로 - 기타,자전거,남,14세,상해없음,보행자,여,65세,중상
2018070800100442,2018년 7월 8일 22시,일요일,대전광역시 중구 부사동,중상사고,0,2,6,0,차대차 - 정면충돌,신호위반,건조,맑음,교차로 - 교차로안,승용,남,59세,경상,승용,남,19세,경상
2018070800100443,2018년 7월 8일 22시,일요일,대전광역시 유성구 관평동,중상사고,0,1,4,0,차대차 - 측면충돌,신호위반,건조,맑음,교차로 - 교차로안,승용,남,40세,경상,승용,남,25세,중상
2018070900100014,2018년 7월 9일 00시,월요일,대전광역시 서구 탄방동,경상사고,0,0,2,0,차대차 - 측면충돌,교차로운행방법위반,건조,맑음,교차로 - 교차로안,승용,남,57세,상해없음,승용,남,27세,경상
2018070900100028,2018년 7월 9일 03시,월요일,대전광역시 대덕구 오정동,경상사고,0,0,1,0,차대차 - 추돌,안전운전불이행,건조,맑음,교차로 - 교차로안,승용,남,47세,상해없음,승용,남,43세,경상
2018070900100050,2018년 7월 9일 06시,월요일,대전광역시 서구 둔산동,경상사고,0,0,2,0,차대차 - 측면충돌,안전운전불이행,건조,맑음,교차로 - 교차로안,화물,남,41세,경상,승용,남,46세,경상
2018070900100070,2018년 7월 9일 07시,월요일,대전광역시 동구 가양동,경상사고,0,0,1,0,차대차 - 측면충돌,안전운전불이행,건조,맑음,교차로 - 교차로안,승용,여,53세,경상,화물,남,45세,상해없음
2018070900100101,2018년 7월 9일 08시,월요일,대전광역시 대덕구 상서동,경상사고,0,0,1,0,차대차 - 기타,안전운전불이행,건조,맑음,교차로 - 교차로부근,승용,남,74세,상해없음,이륜,남,64세,경상
2018070900100129,2018년 7월 9일 09시,월요일,대전광역시 동구 구도동,중상사고,0,1,0,0,차대차 - 측면충돌,안전운전불이행,젖음/습기,비,교차로 - 교차로안,화물,남,50세,상해없음,이륜,남,43세,중상
2018070900100130,2018년 7월 9일 09시,월요일,대전광역시 서구 만년동,경상사고,0,0,1,1,차대차 - 측면충돌,안전운전불이행,젖음/습기,비,교차로 - 교차로안,승용,여,35세,부상신고,승용,여,37세,경상
2018070900100175,2018년 7월 9일 11시,월요일,대전광역시 서구 내동,경상사고,0,0,1,0,차대차 - 추돌,안전운전불이행,젖음/습기,비,단일로 - 기타,승용,남,73세,상해없음,승용,남,29세,경상
2018070900100318,2018년 7월 9일 16시,월요일,대전광역시 서구 둔산동,중상사고,0,1,0,0,차대차 - 측면충돌,신호위반,젖음/습기,비,단일로 - 기타,승용,남,56세,상해없음,이륜,남,39세,중상
2018070900100358,2018년 7월 9일 17시,월요일,대전광역시 중구 선화동,경상사고,0,0,2,0,차대차 - 측면충돌,안전거리미확보,건조,맑음,단일로 - 기타,화물,남,48세,상해없음,승용,남,38세,경상
2018070900100359,2018년 7월 9일 17시,월요일,대전광역시 서구 괴정동,경상사고,0,0,2,0,차대차 - 후진중충돌,안전운전불이행,건조,맑음,교차로 - 교차로안,승용,여,43세,기타불명,승용,남,22세,경상
2018070900100431,2018년 7월 9일 19시,월요일,대전광역시 서구 괴정동,경상사고,0,0,1,0,차대사람 - 차도통행중,안전운전불이행,건조,맑음,단일로 - 기타,승용,남,57세,상해없음,보행자,남,20세,경상
2018070900100462,2018년 7월 9일 20시,월요일,대전광역시 서구 월평동,경상사고,0,0,1,1,차대차 - 기타,안전운전불이행,건조,맑음,교차로 - 교차로부근,승합,남,50세,상해없음,승용,남,31세,경상
2018070900100522,2018년 7월 9일 22시,월요일,대전광역시 대덕구 읍내동,경상사고,0,0,1,0,차대차 - 기타,안전운전불이행,건조,맑음,단일로 - 기타,승용,남,67세,상해없음,승합,남,56세,상해없음
2018070900100540,2018년 7월 9일 23시,월요일,대전광역시 중구 중촌동,부상신고사고,0,0,0,1,차량단독 - 기타,안전운전불이행,건조,맑음,단일로 - 기타,자전거,남,57세,부상신고,,,,
2018071000100035,2018년 7월 10일 01시,화요일,대전광역시 서구 도마동,경상사고,0,0,4,0,차대차 - 추돌,안전운전불이행,건조,맑음,교차로 - 교차로부근,승용,남,56세,상해없음,승용,남,68세,경상
2018071000100048,2018년 7월 10일 03시,화요일,대전광역시 서구 갈마동,경상사고,0,0,1,0,차량단독 - 기타,안전운전불이행,건조,맑음,단일로 - 기타,승용,남,52세,상해없음,,,,
2018071000100055,2018년 7월 10일 04시,화요일,대전광역시 서구 변동,경상사고,0,0,1,0,차대사람 - 차도통행중,안전운전불이행,건조,맑음,단일로 - 기타,승용,남,57세,상해없음,보행자,여,64세,경상
2018071000100063,2018년 7월 10일 05시,화요일,대전광역시 대덕구 와동,경상사고,0,0,1,0,차대차 - 추돌,신호위반,건조,맑음,교차로 - 교차로안,화물,남,39세,상해없음,승용,남,27세,경상
2018071000100081,2018년 7월 10일 06시,화요일,대전광역시 서구 가수원동,경상사고,0,0,1,0,차대차 - 추돌,안전운전불이행,건조,맑음,교차로 - 교차로부근,승용,남,50세,상해없음,이륜,남,70세,경상
2018071000100215,2018년 7월 10일 11시,화요일,대전광역시 유성구 구암동,경상사고,0,0,1,0,차대차 - 기타,안전운전불이행,건조,맑음,단일로 - 기타,승용,여,34세,상해없음,승용,남,66세,경상
2018071000100265,2018년 7월 10일 13시,화요일,대전광역시 동구 정동,경상사고,0,0,1,0,차대차 - 기타,안전운전불이행,건조,맑음,단일로 - 기타,승용,여,54세,상해없음,자전거,남,57세,경상
2018071000100266,2018년 7월 10일 13시,화요일,대전광역시 유성구 장동,경상사고,0,0,2,0,차대차 - 기타,안전운전불이행,건조,맑음,단일로 - 기타,승용,남,56세,상해없음,승용,여,38세,경상
2018071000100340,2018년 7월 10일 15시,화요일,대전광역시 유성구 노은동,경상사고,0,0,3,0,차대차 - 기타,직진우회전진행방해,건조,맑음,교차로 - 교차로안,자전거,남,16세,경상,승용,남,77세,경상
2018071000100341,2018년 7월 10일 15시,화요일,대전광역시 유성구 장대동,경상사고,0,0,1,0,차대차 - 기타,안전운전불이행,건조,맑음,교차로 - 교차로안,승용,남,61세,상해없음,자전거,남,13세,경상
2018071000100371,2018년 7월 10일 16시,화요일,대전광역시 유성구 원내동,경상사고,0,0,1,0,차량단독 - 기타,안전운전불이행,건조,맑음,단일로 - 기타,승합,남,54세,상해없음,,,,
2018071000100409,2018년 7월 10일 17시,화요일,대전광역시 동구 대동,경상사고,0,0,1,0,차대차 - 측면충돌,안전운전불이행,건조,맑음,단일로 - 기타,승용,여,32세,상해없음,승용,남,63세,경상
2018071000100410,2018년 7월 10일 17시,화요일,대전광역시 동구 상소동,경상사고,0,0,1,0,차대차 - 추돌,안전거리미확보,건조,맑음,단일로 - 기타,승합,여,62세,상해없음,승용,여,51세,경상
2018071000100450,2018년 7월 10일 18시,화요일,대전광역시 중구 대흥동,중상사고,0,1,0,0,차대사람 - 횡단중,보행자보호의무위반,건조,맑음,단일로 - 기타,승용,남,35세,상해없음,보행자,남,31세,중상
2018071000100451,2018년 7월 10일 18시,화요일,대전광역시 중구 문화동,경상사고,0,0,2,0,차대차 - 측면충돌,안전운전불이행,건조,맑음,교차로 - 교차로안,승용,여,63세,상해없음,승용,남,52세,경상
2018071000100453,2018년 7월 10일 18시,화요일,대전광역시 서구 둔산동,중상사고,0,2,1,0,차대차 - 측면충돌,교차로운행방법위반,건조,맑음,교차로 - 교차로안,승용,여,41세,경상,승용,남,49세,중상
2018071000100454,2018년 7월 10일 18시,화요일,대전광역시 유성구 신성동,중상사고,0,1,0,0,차대차 - 기타,안전거리미확보,건조,맑음,단일로 - 기타,기타불명,기타불명,미분류,기타불명,이륜,남,30세,중상
2018071000100607,2018년 7월 10일 23시,화요일,대전광역시 중구 대흥동,경상사고,0,0,1,0,차대차 - 측면충돌,직진우회전진행방해,건조,맑음,교차로 - 교차로안,승용,여,42세,상해없음,자전거,여,27세,경상
2018071000100608,2018년 7월 10일 23시,화요일,대전광역시 서구 갈마동,경상사고,0,0,2,0,차대사람 - 길가장자리구역통행중,안전운전불이행,건조,맑음,단일로 - 기타,승용,여,55세,상해없음,보행자,남,31세,경상
2018071100100014,2018년 7월 11일 00시,수요일,대전광역시 중구 용두동,중상사고,0,2,1,0,차대차 - 측면충돌,신호위반,건조,맑음,교차로 - 교차로안,승용,남,76세,상해없음,승합,남,49세,경상
2018071100100025,2018년 7월 11일 01시,수요일,대전광역시 서구 둔산동,경상사고,0,0,3,0,차대차 - 추돌,안전운전불이행,건조,맑음,단일로 - 기타,승용,남,41세,상해없음,승용,여,48세,경상
2018071100100026,2018년 7월 11일 01시,수요일,대전광역시 서구 월평동,경상사고,0,0,1,0,차대차 - 측면충돌,안전거리미확보,건조,맑음,단일로 - 기타,승합,남,55세,상해없음,이륜,남,33세,경상
2018071100100027,2018년 7월 11일 01시,수요일,대전광역시 유성구 노은동,경상사고,0,0,2,0,차대차 - 추돌,안전운전불이행,건조,맑음,단일로 - 기타,승용,남,42세,상해없음,승용,남,45세,경상
2018071100100056,2018년 7월 11일 05시,수요일,대전광역시 동구 자양동,경상사고,0,0,3,0,차대차 - 측면충돌,직진우회전진행방해,건조,맑음,교차로 - 교차로안,승용,남,23세,경상,승용,남,45세,경상
2018071100100090,2018년 7월 11일 07시,수요일,대전광역시 중구 선화동,경상사고,0,0,1,0,차대차 - 추돌,안전운전불이행,건조,맑음,교차로 - 교차로안,승용,남,77세,상해없음,이륜,남,55세,경상
2018071100100091,2018년 7월 11일 07시,수요일,대전광역시 동구 가양동,경상사고,0,0,1,0,차대차 - 측면충돌,중앙선침범,건조,맑음,단일로 - 기타,승용,남,41세,상해없음,승용,남,34세,경상
2018071100100092,2018년 7월 11일 07시,수요일,대전광역시 서구 둔산동,경상사고,0,0,1,0,차대사람 - 기타,안전운전불이행,건조,맑음,단일로 - 기타,기타불명,기타불명,미분류,기타불명,보행자,여,27세,경상
2018071100100135,2018년 7월 11일 08시,수요일,대전광역시 동구 가양동,경상사고,0,0,1,0,차대사람 - 기타,안전운전불이행,건조,맑음,단일로 - 기타,화물,남,40세,기타불명,보행자,남,15세,경상
2018071100100179,2018년 7월 11일 09시,수요일,대전광역시 서구 정림동,중상사고,0,1,0,0,차대차 - 측면충돌,차로위반,건조,맑음,단일로 - 기타,승용,여,67세,상해없음,승용,여,45세,중상
2018071100100282,2018년 7월 11일 13시,수요일,대전광역시 대덕구 평촌동,경상사고,0,0,1,0,차대차 - 추돌,안전운전불이행,건조,맑음,단일로 - 기타,승용,여,43세,상해없음,승용,여,35세,경상
2018071100100283,2018년 7월 11일 13시,수요일,대전광역시 유성구 봉명동,경상사고,0,0,2,0,차대차 - 추돌,안전거리미확보,건조,맑음,단일로 - 기타,승합,남,50세,상해없음,승용,여,39세,경상
2018071100100336,2018년 7월 11일 14시,수요일,대전광역시 서구 괴정동,경상사고,0,0,1,0,차대차 - 측면충돌,안전운전불이행,건조,맑음,단일로 - 기타,이륜,남,69세,상해없음,승용,여,25세,경상
2018071100100337,2018년 7월 11일 14시,수요일,대전광역시 대덕구 오정동,중상사고,0,1,0,0,차대차 - 측면충돌,안전운전불이행,건조,맑음,교차로 - 교차로안,화물,남,64세,상해없음,승용,여,49세,중상
2018071100100364,2018년 7월 11일 15시,수요일,대전광역시 서구 둔산동,경상사고,0,0,1,0,차대차 - 기타,안전거리미확보,건조,맑음,교차로 - 교차로부근,승용,남,51세,상해없음,승용,남,35세,경상
2018071100100432,2018년 7월 11일 17시,수요일,대전광역시 서구 만년동,경상사고,0,0,6,0,차대차 - 추돌,안전거리미확보,건조,맑음,단일로 - 교량,승용,여,33세,경상,건설기계,남,46세,상해없음
2018071100100433,2018년 7월 11일 17시,수요일,대전광역시 서구 둔산동,중상사고,0,1,1,0,차대차 - 측면충돌,교차로운행방법위반,건조,맑음,교차로 - 교차로부근,이륜,남,25세,중상,승용,남,55세,상해없음
2018071100100434,2018년 7월 11일 17시,수요일,대전광역시 유성구 봉명동,경상사고,0,0,1,0,차대차 - 기타,직진우회전진행방해,건조,맑음,교차로 - 교차로안,승용,여,62세,상해없음,승용,남,36세,경상
2018071100100485,2018년 7월 11일 18시,수요일,대전광역시 중구 옥계동,중상사고,0,1,0,0,차대사람 - 기타,안전운전불이행,건조,맑음,단일로 - 기타,승용,남,51세,상해없음,보행자,남,82세,중상
2018071100100486,2018년 7월 11일 18시,수요일,대전광역시 중구 문창동,경상사고,0,0,1,0,차대차 - 측면충돌,기타,건조,맑음,단일로 - 기타,승용,남,60세,상해없음,원동기,남,35세,경상
2018071100100487,2018년 7월 11일 18시,수요일,대전광역시 서구 갈마동,중상사고,0,1,0,0,차대사람 - 횡단중,안전운전불이행,건조,맑음,교차로 - 교차로안,승용,여,61세,상해없음,보행자,남,6세,중상
2018071100100521,2018년 7월 11일 19시,수요일,대전광역시 유성구 방동,중상사고,0,1,0,0,차대차 - 기타,안전거리미확보,건조,맑음,단일로 - 기타,승용,여,27세,상해없음,승용,남,29세,중상
2018071100100557,2018년 7월 11일 20시,수요일,대전광역시 유성구 장대동,중상사고,0,2,0,0,차대차 - 기타,신호위반,건조,맑음,교차로 - 교차로안,이륜,남,53세,중상,승합,남,28세,중상
2018071100100581,2018년 7월 11일 21시,수요일,대전광역시 유성구 지족동,경상사고,0,0,1,0,차대사람 - 횡단중,보행자보호의무위반,건조,맑음,교차로 - 교차로횡단보도내,승용,남,37세,상해없음,보행자,여,58세,경상
2018071200100028,2018년 7월 12일 00시,목요일,대전광역시 동구 삼성동,사망사고,1,0,0,0,차대사람 - 횡단중,안전운전불이행,건조,맑음,단일로 - 교량,승용,남,23세,상해없음,보행자,남,71세,사망
2018071200100059,2018년 7월 12일 04시,목요일,대전광역시 서구 둔산동,경상사고,0,0,1,0,차대차 - 측면충돌,안전거리미확보,건조,맑음,단일로 - 기타,승용,남,22세,상해없음,승용,여,42세,경상
2018071200100135,2018년 7월 12일 08시,목요일,대전광역시 대덕구 읍내동,경상사고,0,0,1,0,차대차 - 기타,안전운전불이행,건조,맑음,단일로 - 기타,승용,남,28세,상해없음,승용,여,57세,경상
2018071200100136,2018년 7월 12일 08시,목요일,대전광역시 대덕구 오정동,경상사고,0,0,1,0,차대차 - 측면충돌,안전운전불이행,건조,맑음,단일로 - 기타,승용,여,29세,상해없음,승용,여,46세,경상
2018071200100167,2018년 7월 12일 09시,목요일,대전광역시 서구 관저동,경상사고,0,0,1,0,차대차 - 측면충돌,신호위반,건조,맑음,교차로 - 교차로안,승합,남,46세,상해없음,승용,남,67세,경상
2018071200100168,2018년 7월 12일 09시,목요일,대전광역시 서구 둔산동,경상사고,0,0,2,0,차대차 - 측면충돌,교차로운행방법위반,건조,맑음,교차로 - 교차로안,승용,여,51세,상해없음,승용,여,59세,경상
2018071200100193,2018년 7월 12일 10시,목요일,대전광역시 유성구 봉명동,중상사고,0,1,0,0,차량단독 - 기타,기타,건조,맑음,단일로 - 기타,승합,남,52세,상해없음,,,,
2018071200100227,2018년 7월 12일 11시,목요일,대전광역시 서구 둔산동,중상사고,0,1,0,0,차대사람 - 기타,안전운전불이행,건조,맑음,교차로 - 교차로안,승용,여,51세,상해없음,보행자,남,74세,중상
2018071200100228,2018년 7월 12일 11시,목요일,대전광역시 유성구 교촌동,경상사고,0,0,1,0,차대차 - 추돌,안전운전불이행,건조,맑음,단일로 - 기타,승용,남,64세,기타불명,승용,남,49세,경상
2018071200100256,2018년 7월 12일 12시,목요일,대전광역시 중구 대흥동,경상사고,0,0,1,0,차대차 - 추돌,안전거리미확보,건조,맑음,단일로 - 기타,승용,여,60세,상해없음,승용,남,59세,경상
2018071200100257,2018년 7월 12일 12시,목요일,대전광역시 서구 둔산동,경상사고,0,0,1,0,차대차 - 후진중충돌,안전운전불이행,건조,맑음,단일로 - 기타,승용,남,61세,상해없음,승용,남,51세,경상
2018071200100286,2018년 7월 12일 13시,목요일,대전광역시 동구 가양동,경상사고,0,0,1,0,차대차 - 측면충돌,안전운전불이행,건조,맑음,교차로 - 교차로안,이륜,남,32세,경상,승용,남,56세,상해없음
2018071200100324,2018년 7월 12일 14시,목요일,대전광역시 동구 판암동,경상사고,0,0,3,0,차대차 - 측면충돌,중앙선침범,건조,맑음,교차로 - 교차로부근,이륜,남,69세,경상,화물,남,59세,경상
2018071200100325,2018년 7월 12일 14시,목요일,대전광역시 서구 가장동,경상사고,0,0,1,0,차대차 - 측면충돌,안전거리미확보,건조,맑음,교차로 - 교차로안,승용,여,49세,상해없음,이륜,남,37세,경상
2018071200100391,2018년 7월 12일 16시,목요일,대전광역시 동구 가양동,중상사고,0,1,0,0,차대차 - 추돌,안전운전불이행,건조,맑음,단일로 - 기타,승용,남,72세,상해없음,기타불명,기타불명,미분류,기타불명
2018071200100392,2018년 7월 12일 16시,목요일,대전광역시 대덕구 오정동,중상사고,0,1,1,0,차대차 - 측면충돌,교차로운행방법위반,건조,맑음,교차로 - 교차로안,승합,남,53세,상해없음,화물,남,32세,경상
2018071200100433,2018년 7월 12일 17시,목요일,대전광역시 중구 문화동,경상사고,0,0,1,0,차대차 - 측면충돌,안전거리미확보,건조,맑음,단일로 - 기타,승용,남,58세,상해없음,승용,여,38세,경상
2018071200100434,2018년 7월 12일 17시,목요일,대전광역시 서구 관저동,경상사고,0,0,2,0,차대차 - 측면충돌,신호위반,건조,맑음,교차로 - 교차로안,승용,남,15세,상해없음,승용,여,35세,경상