사고번호,사고일시,요일,시군구,사고내용,사망자수,중상자수,경상자수,부상신고자수,사고유형,법규위반,노면상태,기상상태,도로형태,가해운전자 차종,가해운전자 성별,가해운전자 연령,가해운전자 상해정도,피해운전자 차종,피해운전자 성별,피해운전자 연령,피해운전자 상해정도
2018091500100604,2018년 9월 15일 21시,토요일,대전광역시 유성구 지족동,중상사고,0,1,0,0,차대사람 - 횡단중,안전운전불이행,건조,맑음,단일로 - 기타,승용,남,45세,상해없음,보행자,남,8세,중상
2018091500100631,2018년 9월 15일 22시,토요일,대전광역시 대덕구 상서동,경상사고,0,0,3,0,차대차 - 추돌,안전운전불이행,젖음/습기,비,교차로 - 교차로부근,승용,남,35세,상해없음,승용,여,29세,경상
2018091500100632,2018년 9월 15일 22시,토요일,대전광역시 유성구 용산동,중상사고,0,1,0,0,차대사람 - 차도통행중,안전운전불이행,건조,맑음,단일로 - 기타,승용,남,52세,상해없음,보행자,여,83세,중상
2018091500100660,2018년 9월 15일 23시,토요일,대전광역시 서구 월평동,중상사고,0,1,0,0,차대사람 - 기타,안전운전불이행,건조,맑음,단일로 - 기타,승용,남,30세,상해없음,보행자,남,58세,중상
2018091600100017,2018년 9월 16일 00시,일요일,대전광역시 중구 은행동,경상사고,0,0,2,0,차대차 - 추돌,안전운전불이행,건조,맑음,교차로 - 교차로부근,승용,남,31세,상해없음,승합,남,29세,경상
2018091600100035,2018년 9월 16일 01시,일요일,대전광역시 유성구 궁동,경상사고,0,0,1,0,차대사람 - 횡단중,안전운전불이행,건조,맑음,단일로 - 기타,승용,남,29세,상해없음,보행자,남,23세,경상
2018091600100050,2018년 9월 16일 02시,일요일,대전광역시 중구 유천동,경상사고,0,0,1,0,차대차 - 추돌,안전운전불이행,건조,맑음,교차로 - 교차로안,승용,남,33세,상해없음,승용,남,42세,경상
2018091600100051,2018년 9월 16일 02시,일요일,대전광역시 서구 용문동,중상사고,0,1,2,0,차대차 - 측면충돌,교차로운행방법위반,건조,맑음,교차로 - 교차로안,승용,남,30세,경상,승용,남,46세,경상
2018091600100061,2018년 9월 16일 03시,일요일,대전광역시 서구 둔산동,경상사고,0,0,1,0,차대사람 - 기타,안전운전불이행,건조,맑음,단일로 - 기타,승용,남,21세,상해없음,보행자,여,20세,경상
2018091600100114,2018년 9월 16일 07시,일요일,대전광역시 대덕구 오정동,경상사고,0,0,1,0,차대차 - 추돌,안전운전불이행,건조,맑음,단일로 - 기타,승용,남,21세,상해없음,이륜,남,43세,경상
2018091600100115,2018년 9월 16일 07시,일요일,대전광역시 유성구 장대동,사망사고,1,1,1,0,차대차 - 정면충돌,중앙선침범,건조,맑음,교차로 - 교차로부근,승용,남,24세,사망,승용,남,48세,중상
2018091600100223,2018년 9월 16일 12시,일요일,대전광역시 유성구 반석동,경상사고,0,0,2,0,차대차 - 추돌,안전운전불이행,건조,맑음,교차로 - 교차로부근,승용,남,61세,상해없음,승용,여,27세,경상
2018091600100252,2018년 9월 16일 13시,일요일,대전광역시 중구 석교동,중상사고,0,1,2,0,차대차 - 측면충돌,신호위반,건조,맑음,교차로 - 교차로안,승용,여,43세,경상,승용,남,76세,중상
2018091600100317,2018년 9월 16일 15시,일요일,대전광역시 유성구 원내동,경상사고,0,0,1,0,차대차 - 추돌,직진우회전진행방해,건조,맑음,교차로 - 교차로안,승용,남,28세,상해없음,자전거,남,26세,경상
2018091600100358,2018년 9월 16일 16시,일요일,대전광역시 중구 사정동,중상사고,0,1,0,0,차량단독 - 기타,기타,건조,맑음,단일로 - 기타,승합,남,55세,상해없음,,,,
2018091600100359,2018년 9월 16일 16시,일요일,대전광역시 동구 용전동,경상사고,0,0,4,0,차대차 - 추돌,안전거리미확보,건조,맑음,단일로 - 기타,승용,남,66세,상해없음,승용,남,30세,경상
2018091600100360,2018년 9월 16일 16시,일요일,대전광역시 대덕구 덕암동,경상사고,0,0,2,0,차대차 - 추돌,안전운전불이행,건조,맑음,단일로 - 기타,승용,남,55세,상해없음,승용,남,36세,경상
2018091600100400,2018년 9월 16일 17시,일요일,대전광역시 중구 안영동,경상사고,0,0,1,0,차대차 - 정면충돌,신호위반,건조,맑음,교차로 - 교차로안,화물,남,65세,상해없음,승용,여,40세,경상
2018091600100401,2018년 9월 16일 17시,일요일,대전광역시 서구 둔산동,중상사고,0,1,1,0,차대차 - 기타,중앙선침범,건조,맑음,단일로 - 기타,승합,남,57세,상해없음,원동기,남,24세,중상
2018091600100458,2018년 9월 16일 19시,일요일,대전광역시 동구 용운동,중상사고,0,1,0,0,차대차 - 측면충돌,안전운전불이행,건조,맑음,교차로 - 교차로안,승용,남,66세,상해없음,승용,남,39세,중상
2018091600100459,2018년 9월 16일 19시,일요일,대전광역시 동구 가양동,경상사고,0,0,2,0,차대차 - 추돌,안전운전불이행,건조,맑음,교차로 - 교차로부근,이륜,남,24세,경상,승용,남,50세,경상
2018091600100460,2018년 9월 16일 19시,일요일,대전광역시 서구 둔산동,경상사고,0,0,1,0,차대차 - 측면충돌,안전운전불이행,건조,맑음,교차로 - 교차로부근,승용,남,39세,상해없음,승용,여,53세,경상
2018091600100497,2018년 9월 16일 21시,일요일,대전광역시 동구 정동,경상사고,0,0,1,0,차대차 - 측면충돌,안전거리미확보,건조,맑음,교차로 - 교차로부근,승용,남,59세,상해없음,승용,남,38세,경상
2018091600100498,2018년 9월 16일 21시,일요일,대전광역시 서구 관저동,경상사고,0,0,1,0,차대차 - 후진중충돌,안전운전불이행,건조,맑음,교차로 - 교차로부근,승용,남,59세,상해없음,승용,남,25세,경상
2018091600100530,2018년 9월 16일 23시,일요일,대전광역시 동구 대동,경상사고,0,0,2,0,차대차 - 측면충돌,신호위반,건조,맑음,교차로 - 교차로안,승용,남,56세,상해없음,승용,남,23세,경상
2018091700100031,2018년 9월 17일 04시,월요일,대전광역시 대덕구 오정동,중상사고,0,1,0,0,차대차 - 기타,안전운전불이행,건조,맑음,단일로 - 기타,승용,남,23세,상해없음,승합,여,37세,중상
2018091700100032,2018년 9월 17일 04시,월요일,대전광역시 유성구 용계동,중상사고,0,1,0,0,차대차 - 측면충돌,신호위반,건조,맑음,교차로 - 교차로안,승용,남,55세,상해없음,승용,남,47세,중상
2018091700100048,2018년 9월 17일 05시,월요일,대전광역시 서구 둔산동,경상사고,0,0,2,0,차대차 - 측면충돌,신호위반,건조,맑음,교차로 - 교차로안,승용,남,61세,상해없음,승용,여,45세,경상
2018091700100140,2018년 9월 17일 08시,월요일,대전광역시 서구 만년동,경상사고,0,0,1,0,차대차 - 추돌,안전운전불이행,건조,맑음,교차로 - 교차로안,승용,여,47세,상해없음,승용,여,57세,경상
2018091700100141,2018년 9월 17일 08시,월요일,대전광역시 서구 둔산동,경상사고,0,0,1,0,차대사람 - 기타,안전운전불이행,건조,맑음,단일로 - 기타,승용,남,48세,상해없음,보행자,남,31세,경상
2018091700100175,2018년 9월 17일 09시,월요일,대전광역시 유성구 원신흥동,중상사고,0,1,0,0,차대사람 - 차도통행중,안전운전불이행,건조,맑음,단일로 - 기타,승용,남,72세,상해없음,보행자,여,69세,중상
2018091700100204,2018년 9월 17일 10시,월요일,대전광역시 동구 용운동,중상사고,0,1,0,0,차대차 - 측면충돌,안전거리미확보,건조,맑음,단일로 - 기타,승용,남,83세,상해없음,이륜,남,74세,중상
2018091700100205,2018년 9월 17일 10시,월요일,대전광역시 동구 판암동,중상사고,0,1,0,0,차대차 - 추돌,안전운전불이행,건조,맑음,교차로 - 교차로부근,이륜,남,86세,중상,승용,여,40세,상해없음
2018091700100295,2018년 9월 17일 13시,월요일,대전광역시 대덕구 중리동,경상사고,0,0,1,0,차대차 - 추돌,안전운전불이행,건조,맑음,단일로 - 기타,기타불명,기타불명,미분류,기타불명,승용,여,47세,경상
2018091700100296,2018년 9월 17일 13시,월요일,대전광역시 서구 갈마동,경상사고,0,0,2,0,차대차 - 측면충돌,안전운전불이행,건조,맑음,단일로 - 기타,승용,남,58세,상해없음,승용,남,58세,경상
2018091700100369,2018년 9월 17일 15시,월요일,대전광역시 대덕구 미호동,경상사고,0,0,1,0,차대차 - 기타,안전운전불이행,건조,맑음,단일로 - 기타,승용,여,66세,상해없음,자전거,여,54세,경상
2018091700100415,2018년 9월 17일 16시,월요일,대전광역시 서구 갈마동,경상사고,0,0,1,0,차대사람 - 기타,기타,건조,맑음,기타 - 기타,승용,남,53세,상해없음,보행자,남,61세,경상
2018091700100416,2018년 9월 17일 16시,월요일,대전광역시 유성구 구암동,경상사고,0,0,1,0,차대차 - 측면충돌,안전운전불이행,건조,맑음,단일로 - 기타,건설기계,남,57세,기타불명,승용,여,62세,경상
2018091700100465,2018년 9월 17일 17시,월요일,대전광역시 동구 용전동,경상사고,0,0,3,0,차대차 - 측면충돌,안전운전불이행,건조,맑음,단일로 - 기타,승용,여,52세,경상,승용,여,35세,경상
2018091700100466,2018년 9월 17일 17시,월요일,대전광역시 서구 월평동,경상사고,0,0,1,0,차대사람 - 기타,안전운전불이행,건조,맑음,주차장 - 주차장,승용,남,34세,상해없음,보행자,남,52세,경상
2018091700100592,2018년 9월 17일 20시,월요일,대전광역시 중구 선화동,부상신고사고,0,0,0,1,차대차 - 기타,안전운전불이행,건조,맑음,단일로 - 기타,이륜,남,46세,부상신고,승용,남,55세,상해없음
2018091700100593,2018년 9월 17일 20시,월요일,대전광역시 동구 용운동,경상사고,0,0,1,0,차대사람 - 차도통행중,안전운전불이행,건조,맑음,교차로 - 교차로안,승용,여,65세,상해없음,보행자,여,23세,경상
2018091700100594,2018년 9월 17일 20시,월요일,대전광역시 동구 인동,경상사고,0,0,1,0,차대차 - 측면충돌,신호위반,건조,맑음,교차로 - 교차로안,승용,여,35세,상해없음,승용,여,25세,경상
2018091700100595,2018년 9월 17일 20시,월요일,대전광역시 대덕구 중리동,경상사고,0,0,1,0,차대사람 - 길가장자리구역통행중,안전운전불이행,건조,기타,단일로 - 기타,특수,남,45세,기타불명,보행자,여,38세,경상
2018091700100596,2018년 9월 17일 20시,월요일,대전광역시 서구 탄방동,경상사고,0,0,1,0,차대차 - 기타,안전운전불이행,건조,맑음,교차로 - 교차로안,승용,남,46세,상해없음,원동기,남,37세,경상
2018091700100656,2018년 9월 17일 22시,월요일,대전광역시 서구 갈마동,경상사고,0,0,2,0,차대차 - 기타,신호위반,건조,맑음,교차로 - 교차로안,승용,여,51세,상해없음,승용,남,31세,경상
2018091700100677,2018년 9월 17일 23시,월요일,대전광역시 서구 둔산동,중상사고,0,1,0,0,차대차 - 측면충돌,신호위반,건조,맑음,교차로 - 교차로안,승용,남,78세,상해없음,원동기,남,58세,중상
2018091800100012,2018년 9월 18일 00시,화요일,대전광역시 서구 정림동,경상사고,0,0,1,0,차대차 - 측면충돌,안전운전불이행,건조,맑음,단일로 - 기타,승용,남,16세,상해없음,승용,여,33세,경상
2018091800100025,2018년 9월 18일 01시,화요일,대전광역시 서구 둔산동,경상사고,0,0,1,0,차대차 - 기타,신호위반,건조,맑음,교차로 - 교차로부근,승용,남,68세,상해없음,승용,남,24세,상해없음
2018091800100055,2018년 9월 18일 05시,화요일,대전광역시 대덕구 비래동,경상사고,0,0,1,0,차대차 - 기타,안전운전불이행,기타,흐림,단일로 - 기타,화물,남,69세,상해없음,화물,남,60세,경상
2018091800100098,2018년 9월 18일 07시,화요일,대전광역시 동구 소제동,경상사고,0,0,1,0,차대차 - 기타,교차로운행방법위반,건조,맑음,교차로 - 교차로안,승용,여,26세,상해없음,이륜,남,47세,경상
2018091800100099,2018년 9월 18일 07시,화요일,대전광역시 서구 만년동,경상사고,0,0,1,0,차대차 - 기타,안전거리미확보,건조,맑음,단일로 - 기타,화물,여,63세,상해없음,승용,여,28세,경상
2018091800100153,2018년 9월 18일 08시,화요일,대전광역시 동구 용전동,부상신고사고,0,0,0,1,차대사람 - 차도통행중,안전운전불이행,건조,맑음,단일로 - 기타,승용,여,46세,상해없음,보행자,여,69세,부상신고
2018091800100244,2018년 9월 18일 10시,화요일,대전광역시 서구 도마동,부상신고사고,0,0,0,1,차대차 - 측면충돌,교차로운행방법위반,건조,맑음,교차로 - 교차로안,승합,남,57세,상해없음,자전거,남,23세,부상신고
2018091800100245,2018년 9월 18일 10시,화요일,대전광역시 유성구 관평동,경상사고,0,0,1,0,차대차 - 기타,신호위반,건조,맑음,교차로 - 교차로안,승용,여,48세,상해없음,승용,남,35세,경상
2018091800100298,2018년 9월 18일 12시,화요일,대전광역시 대덕구 법동,경상사고,0,0,1,0,차대차 - 기타,안전운전불이행,건조,맑음,교차로 - 교차로부근,승용,남,71세,기타불명,승용,남,31세,경상
2018091800100330,2018년 9월 18일 13시,화요일,대전광역시 중구 산성동,중상사고,0,1,0,0,차량단독 - 기타,안전운전불이행,건조,맑음,기타 - 기타,승합,남,64세,상해없음,,,,
2018091800100331,2018년 9월 18일 13시,화요일,대전광역시 동구 중동,경상사고,0,0,1,0,차대차 - 측면충돌,신호위반,건조,맑음,교차로 - 교차로안,승용,남,19세,기타불명,승용,여,61세,경상
2018091800100509,2018년 9월 18일 17시,화요일,대전광역시 중구 중촌동,중상사고,0,1,0,0,차대사람 - 횡단중,보행자보호의무위반,건조,맑음,교차로 - 교차로횡단보도내,승용,남,51세,상해없음,보행자,여,74세,중상
2018091800100550,2018년 9월 18일 18시,화요일,대전광역시 동구 가오동,경상사고,0,0,1,0,차대사람 - 횡단중,보행자보호의무위반,건조,맑음,교차로 - 교차로부근,승용,여,38세,상해없음,보행자,남,15세,경상
2018091800100551,2018년 9월 18일 18시,화요일,대전광역시 서구 둔산동,경상사고,0,0,1,0,차대차 - 측면충돌,안전운전불이행,건조,맑음,교차로 - 교차로부근,승용,남,64세,상해없음,자전거,남,14세,경상
2018091800100592,2018년 9월 18일 19시,화요일,대전광역시 중구 문화동,경상사고,0,0,2,0,차대차 - 기타,안전운전불이행,건조,맑음,단일로 - 기타,화물,남,58세,상해없음,승용,남,58세,경상
2018091800100593,2018년 9월 18일 19시,화요일,대전광역시 중구 선화동,경상사고,0,0,2,0,차대차 - 측면충돌,직진우회전진행방해,건조,맑음,교차로 - 교차로안,승용,여,62세,상해없음,승용,남,30세,경상
2018091800100632,2018년 9월 18일 20시,화요일,대전광역시 서구 관저동,경상사고,0,0,2,0,차대차 - 측면충돌,신호위반,건조,맑음,교차로 - 교차로안,승용,여,24세,기타불명,승용,여,47세,경상
2018091800100661,2018년 9월 18일 21시,화요일,대전광역시 동구 용운동,경상사고,0,0,1,0,차대차 - 기타,안전운전불이행,건조,맑음,단일로 - 기타,승용,남,23세,상해없음,이륜,남,21세,경상
2018091800100699,2018년 9월 18일 23시,화요일,대전광역시 대덕구 오정동,경상사고,0,0,3,0,차대차 - 기타,안전운전불이행,건조,맑음,단일로 - 기타,승용,남,30세,상해없음,승용,남,53세,경상
2018091800100700,2018년 9월 18일 23시,화요일,대전광역시 유성구 봉명동,중상사고,0,1,2,0,차대차 - 측면충돌,신호위반,건조,맑음,교차로 - 교차로안,승용,남,49세,상해없음,승용,남,24세,중상
2018091900100021,2018년 9월 19일 01시,수요일,대전광역시 중구 대사동,경상사고,0,0,1,0,차대차 - 기타,안전운전불이행,건조,맑음,단일로 - 기타,승용,남,71세,상해없음,승용,남,68세,상해없음
2018091900100028,2018년 9월 19일 02시,수요일,대전광역시 동구 신흥동,중상사고,0,1,0,0,차대차 - 추돌,안전운전불이행,건조,맑음,교차로 - 교차로안,승용,남,24세,상해없음,승용,여,30세,중상
2018091900100147,2018년 9월 19일 08시,수요일,대전광역시 중구 오류동,경상사고,0,0,4,0,차대차 - 추돌,안전운전불이행,건조,맑음,단일로 - 기타,화물,남,40세,상해없음,화물,남,42세,경상
2018091900100148,2018년 9월 19일 08시,수요일,대전광역시 동구 용전동,경상사고,0,0,1,0,차대차 - 측면충돌,안전운전불이행,건조,맑음,교차로 - 교차로안,승용,여,46세,상해없음,자전거,남,59세,경상
2018091900100210,2018년 9월 19일 10시,수요일,대전광역시 중구 선화동,경상사고,0,0,1,0,차대차 - 측면충돌,안전거리미확보,건조,맑음,단일로 - 기타,승용,여,51세,상해없음,이륜,남,25세,경상
2018091900100273,2018년 9월 19일 12시,수요일,대전광역시 대덕구 읍내동,경상사고,0,0,1,0,차대차 - 기타,안전운전불이행,건조,맑음,단일로 - 기타,승용,여,28세,상해없음,승용,여,46세,경상
2018091900100310,2018년 9월 19일 13시,수요일,대전광역시 유성구 도룡동,경상사고,0,0,1,0,차대차 - 추돌,안전거리미확보,건조,맑음,교차로 - 교차로부근,승용,남,48세,상해없음,승용,여,76세,경상
2018091900100341,2018년 9월 19일 14시,수요일,대전광역시 서구 탄방동,중상사고,0,1,0,0,차대차 - 측면충돌,신호위반,건조,맑음,교차로 - 교차로안,승용,남,70세,상해없음,이륜,남,42세,중상
2018091900100372,2018년 9월 19일 15시,수요일,대전광역시 중구 태평동,경상사고,0,0,1,0,차대차 - 추돌,안전운전불이행,건조,맑음,단일로 - 기타,승용,여,37세,상해없음,승용,남,40세,경상
2018091900100373,2018년 9월 19일 15시,수요일,대전광역시 유성구 덕명동,경상사고,0,0,1,0,차대차 - 추돌,안전운전불이행,건조,맑음,교차로 - 교차로부근,승용,남,60세,상해없음,승용,여,52세,경상
2018091900100410,2018년 9월 19일 16시,수요일,대전광역시 중구 산성동,중상사고,0,1,0,0,차대사람 - 기타,안전운전불이행,건조,맑음,교차로 - 교차로부근,승용,남,62세,상해없음,보행자,여,83세,중상
2018091900100451,2018년 9월 19일 17시,수요일,대전광역시 서구 갈마동,경상사고,0,0,3,0,차대차 - 측면충돌,안전운전불이행,건조,맑음,단일로 - 기타,승용,여,35세,상해없음,승용,남,31세,경상
2018091900100452,2018년 9월 19일 17시,수요일,대전광역시 서구 월평동,경상사고,0,0,2,0,차대차 - 기타,안전운전불이행,건조,맑음,교차로 - 교차로안,승용,여,40세,경상,승용,여,57세,경상
2018091900100520,2018년 9월 19일 18시,수요일,대전광역시 중구 산성동,경상사고,0,0,1,0,차대사람 - 차도통행중,안전운전불이행,건조,맑음,단일로 - 기타,승용,여,40세,상해없음,보행자,남,77세,경상
2018091900100595,2018년 9월 19일 20시,수요일,대전광역시 동구 천동,중상사고,0,1,0,0,차대차 - 추돌,안전운전불이행,건조,맑음,단일로 - 기타,승용,여,65세,상해없음,승용,남,37세,중상
2018091900100596,2018년 9월 19일 20시,수요일,대전광역시 서구 갈마동,경상사고,0,0,1,0,차대차 - 후진중충돌,안전운전불이행,건조,맑음,단일로 - 기타,승용,여,53세,상해없음,이륜,남,41세,경상
2018091900100636,2018년 9월 19일 21시,수요일,대전광역시 중구 목동,중상사고,0,4,3,0,차대차 - 추돌,안전운전불이행,건조,맑음,교차로 - 교차로부근,승용,남,36세,상해없음,승용,여,45세,중상
2018092000100022,2018년 9월 20일 00시,목요일,대전광역시 중구 문화동,경상사고,0,0,2,0,차대차 - 측면충돌,안전운전불이행,건조,맑음,단일로 - 기타,승용,남,55세,상해없음,승용,남,36세,경상
2018092000100070,2018년 9월 20일 05시,목요일,대전광역시 대덕구 중리동,경상사고,0,0,1,0,차대차 - 기타,신호위반,건조,맑음,교차로 - 교차로안,승용,남,22세,기타불명,승용,남,72세,경상
2018092000100090,2018년 9월 20일 06시,목요일,대전광역시 유성구 하기동,경상사고,0,0,1,0,차대차 - 기타,안전운전불이행,젖음/습기,비,교차로 - 교차로안,승용,남,54세,상해없음,승용,여,57세,경상
2018092000100201,2018년 9월 20일 09시,목요일,대전광역시 서구 가수원동,중상사고,0,1,0,0,차대사람 - 횡단중,보행자보호의무위반,건조,맑음,교차로 - 교차로횡단보도내,화물,남,82세,상해없음,보행자,남,77세,중상
2018092000100297,2018년 9월 20일 12시,목요일,대전광역시 중구 선화동,경상사고,0,0,4,2,차대차 - 측면충돌,안전거리미확보,건조,맑음,단일로 - 기타,승용,남,44세,상해없음,승용,남,43세,경상
2018092000100298,2018년 9월 20일 12시,목요일,대전광역시 유성구 구암동,경상사고,0,0,1,0,차대차 - 추돌,안전운전불이행,젖음/습기,맑음,단일로 - 기타,화물,남,36세,상해없음,화물,남,65세,경상
2018092000100331,2018년 9월 20일 13시,목요일,대전광역시 중구 선화동,부상신고사고,0,0,0,1,차대차 - 측면충돌,교차로운행방법위반,건조,흐림,교차로 - 교차로안,승용,여,55세,상해없음,이륜,남,32세,부상신고
2018092000100366,2018년 9월 20일 14시,목요일,대전광역시 동구 가양동,경상사고,0,0,1,0,차대사람 - 기타,안전운전불이행,건조,맑음,교차로 - 교차로부근,승용,남,78세,상해없음,보행자,여,75세,경상
2018092000100406,2018년 9월 20일 15시,목요일,대전광역시 서구 둔산동,경상사고,0,0,1,0,차대차 - 기타,안전거리미확보,건조,맑음,교차로 - 교차로안,승용,남,61세,상해없음,승용,남,25세,상해없음
2018092000100448,2018년 9월 20일 16시,목요일,대전광역시 동구 홍도동,경상사고,0,0,1,0,차량단독 - 기타,기타,건조,맑음,단일로 - 기타,승합,남,59세,상해없음,,,,
2018092000100449,2018년 9월 20일 16시,목요일,대전광역시 유성구 관평동,경상사고,0,0,1,0,차대차 - 기타,안전운전불이행,건조,맑음,교차로 - 교차로부근,자전거,남,61세,경상,승용,남,63세,상해없음
2018092000100497,2018년 9월 20일 17시,목요일,대전광역시 대덕구 오정동,경상사고,0,0,1,0,차대차 - 후진중충돌,안전운전불이행,건조,맑음,기타 - 기타,화물,남,70세,상해없음,승용,여,34세,상해없음
2018092000100498,2018년 9월 20일 17시,목요일,대전광역시 서구 둔산동,경상사고,0,0,2,0,차대차 - 측면충돌,기타,건조,맑음,단일로 - 기타,승용,남,71세,상해없음,이륜,남,50세,경상
2018092000100554,2018년 9월 20일 18시,목요일,대전광역시 중구 용두동,중상사고,0,1,0,0,차대차 - 측면충돌,신호위반,건조,맑음,교차로 - 교차로안,원동기,남,26세,중상,승용,여,69세,상해없음
2018092000100555,2018년 9월 20일 18시,목요일,대전광역시 서구 둔산동,중상사고,0,1,1,0,차대차 - 추돌,안전거리미확보,건조,맑음,단일로 - 기타,승용,여,38세,상해없음,승용,남,45세,경상
2018092000100618,2018년 9월 20일 19시,목요일,대전광역시 서구 가장동,경상사고,0,0,2,0,차대사람 - 기타,안전운전불이행,건조,맑음,단일로 - 기타,승합,남,35세,상해없음,보행자,여,56세,경상
2018092000100619,2018년 9월 20일 19시,목요일,대전광역시 서구 둔산동,경상사고,0,0,2,0,차대차 - 기타,안전거리미확보,건조,맑음,교차로 - 교차로부근,승용,남,48세,상해없음,승합,남,59세,경상
2018092000100699,2018년 9월 20일 21시,목요일,대전광역시 중구 유천동,중상사고,0,1,4,0,차대차 - 측면충돌,중앙선침범,건조,맑음,교차로 - 교차로부근,승용,남,24세,상해없음,승합,남,61세,중상
2018092100100021,2018년 9월 21일 00시,금요일,대전광역시 서구 탄방동,경상사고,0,0,1,0,차대사람 - 길가장자리구역통행중,안전운전불이행,건조,맑음,단일로 - 기타,승합,남,36세,상해없음,보행자,남,53세,경상
2018092100100022,2018년 9월 21일 00시,금요일,대전광역시 서구 도안동,경상사고,0,0,1,0,차대차 - 추돌,안전운전불이행,젖음/습기,비,교차로 - 교차로부근,승용,남,42세,상해없음,이륜,남,22세,경상
2018092100100177,2018년 9월 21일 08시,금요일,대전광역시 서구 월평동,경상사고,0,0,1,0,차대차 - 측면충돌,신호위반,건조,맑음,교차로 - 교차로안,승용,남,53세,상해없음,승용,남,25세,상해없음
2018092100100178,2018년 9월 21일 08시,금요일,대전광역시 유성구 봉명동,경상사고,0,0,1,0,차대차 - 추돌,안전운전불이행,젖음/습기,비,단일로 - 기타,승용,남,56세,상해없음,승용,여,29세,경상
2018092100100270,2018년 9월 21일 10시,금요일,대전광역시 중구 태평동,경상사고,0,0,1,0,차대차 - 측면충돌,차로위반,건조,맑음,단일로 - 기타,승용,남,73세,상해없음,승용,여,47세,경상
2018092100100303,2018년 9월 21일 11시,금요일,대전광역시 유성구 봉명동,경상사고,0,0,2,0,차대차 - 기타,안전운전불이행,젖음/습기,비,교차로 - 교차로부근,승용,여,54세,경상,승용,여,54세,경상
2018092100100338,2018년 9월 21일 12시,금요일,대전광역시 대덕구 중리동,경상사고,0,0,1,0,차대차 - 기타,안전운전불이행,젖음/습기,비,교차로 - 교차로부근,승용,남,62세,상해없음,승용,여,31세,경상
2018092100100379,2018년 9월 21일 13시,금요일,대전광역시 서구 정림동,경상사고,0,0,1,0,차대차 - 측면충돌,안전운전불이행,건조,맑음,단일로 - 기타,승용,남,50세,상해없음,승용,남,50세,경상
2018092100100380,2018년 9월 21일 13시,금요일,대전광역시 대덕구 덕암동,중상사고,0,1,0,0,차대사람 - 횡단중,안전운전불이행,젖음/습기,비,교차로 - 교차로안,화물,남,61세,상해없음,보행자,남,88세,중상
2018092100100381,2018년 9월 21일 13시,금요일,대전광역시 유성구 장대동,경상사고,0,0,1,0,차대차 - 측면충돌,안전운전불이행,건조,맑음,교차로 - 교차로부근,승용,남,62세,상해없음,승용,여,52세,경상
2018092100100426,2018년 9월 21일 14시,금요일,대전광역시 중구 태평동,경상사고,0,0,1,0,차대차 - 추돌,안전운전불이행,건조,맑음,교차로 - 교차로안,승용,여,44세,상해없음,자전거,남,75세,경상
2018092100100427,2018년 9월 21일 14시,금요일,대전광역시 서구 둔산동,경상사고,0,0,2,0,차대차 - 추돌,안전거리미확보,건조,맑음,교차로 - 교차로안,승용,여,23세,기타불명,화물,남,49세,경상
2018092100100539,2018년 9월 21일 16시,금요일,대전광역시 서구 둔산동,경상사고,0,0,1,0,차대사람 - 기타,기타,건조,맑음,단일로 - 기타,승합,남,58세,상해없음,보행자,여,18세,경상
2018092100100540,2018년 9월 21일 16시,금요일,대전광역시 서구 탄방동,경상사고,0,0,2,0,차대차 - 측면충돌,안전운전불이행,건조,맑음,교차로 - 교차로안,승용,남,32세,상해없음,승용,남,33세,경상
2018092100100541,2018년 9월 21일 16시,금요일,대전광역시 유성구 신동,경상사고,0,0,3,0,차대차 - 추돌,안전운전불이행,건조,맑음,단일로 - 기타,승용,남,26세,상해없음,승용,남,36세,경상
2018092100100594,2018년 9월 21일 17시,금요일,대전광역시 유성구 봉명동,중상사고,0,1,0,0,차대사람 - 기타,안전운전불이행,건조,맑음,단일로 - 기타,승용,남,58세,상해없음,보행자,여,73세,중상
2018092100100646,2018년 9월 21일 18시,금요일,대전광역시 서구 갈마동,경상사고,0,0,1,0,차대차 - 측면충돌,신호위반,건조,맑음,단일로 - 기타,승용,남,50세,상해없음,승용,남,19세,경상
2018092100100708,2018년 9월 21일 19시,금요일,대전광역시 대덕구 오정동,중상사고,0,1,0,0,차대차 - 기타,신호위반,건조,맑음,단일로 - 기타,기타불명,기타불명,미분류,기타불명,승합,남,45세,상해없음
2018092100100709,2018년 9월 21일 19시,금요일,대전광역시 서구 갈마동,경상사고,0,0,1,0,차대차 - 측면충돌,안전운전불이행,건조,맑음,교차로 - 교차로안,승용,여,45세,상해없음,승용,남,37세,경상
2018092100100710,2018년 9월 21일 19시,금요일,대전광역시 유성구 장대동,경상사고,0,0,1,0,차대차 - 측면충돌,신호위반,건조,맑음,교차로 - 교차로안,승용,남,40세,상해없음,승용,남,60세,경상
2018092100100711,2018년 9월 21일 19시,금요일,대전광역시 유성구 덕명동,경상사고,0,0,2,0,차대차 - 추돌,안전거리미확보,젖음/습기,비,교차로 - 교차로부근,승용,남,58세,상해없음,승용,여,45세,경상
2018092100100712,2018년 9월 21일 19시,금요일,대전광역시 유성구 신성동,중상사고,0,1,0,0,차대사람 - 횡단중,안전운전불이행,건조,맑음,단일로 - 기타,승용,남,39세,상해없음,보행자,여,21세,중상