사고번호,사고일시,요일,시군구,사고내용,사망자수,중상자수,경상자수,부상신고자수,사고유형,법규위반,노면상태,기상상태,도로형태,가해운전자 차종,가해운전자 성별,가해운전자 연령,가해운전자 상해정도,피해운전자 차종,피해운전자 성별,피해운전자 연령,피해운전자 상해정도
2018092100100752,2018년 9월 21일 20시,금요일,대전광역시 중구 산성동,중상사고,0,1,0,0,차대사람 - 횡단중,안전운전불이행,건조,흐림,단일로 - 기타,화물,남,56세,상해없음,보행자,남,58세,중상
2018092100100753,2018년 9월 21일 20시,금요일,대전광역시 대덕구 오정동,중상사고,0,1,0,0,차대차 - 측면충돌,중앙선침범,건조,맑음,단일로 - 기타,승용,여,25세,상해없음,이륜,남,31세,중상
2018092100100801,2018년 9월 21일 21시,금요일,대전광역시 중구 대흥동,중상사고,0,1,3,0,차대차 - 측면충돌,교차로운행방법위반,건조,맑음,교차로 - 교차로안,승용,남,27세,경상,승용,여,36세,경상
2018092100100802,2018년 9월 21일 21시,금요일,대전광역시 동구 용전동,중상사고,0,2,0,0,차대사람 - 횡단중,안전운전불이행,건조,맑음,단일로 - 기타,승용,남,40세,상해없음,보행자,여,55세,중상
2018092100100803,2018년 9월 21일 21시,금요일,대전광역시 유성구 원내동,사망사고,1,0,0,0,차대사람 - 보도통행중,보행자보호의무위반,건조,맑음,교차로 - 교차로횡단보도내,화물,남,50세,상해없음,보행자,남,66세,사망
2018092100100859,2018년 9월 21일 23시,금요일,대전광역시 서구 관저동,경상사고,0,0,2,0,차대차 - 기타,안전운전불이행,건조,맑음,기타 - 기타,승용,남,45세,상해없음,승용,여,55세,경상
2018092100100860,2018년 9월 21일 23시,금요일,대전광역시 서구 둔산동,경상사고,0,0,1,0,차대차 - 측면충돌,차로위반,건조,맑음,교차로 - 교차로부근,승용,남,62세,상해없음,승용,여,26세,경상
2018092100100861,2018년 9월 21일 23시,금요일,대전광역시 유성구 반석동,경상사고,0,0,1,0,차대차 - 추돌,안전운전불이행,건조,맑음,단일로 - 기타,승용,남,52세,상해없음,승용,남,59세,경상
2018092200100023,2018년 9월 22일 00시,토요일,대전광역시 서구 둔산동,경상사고,0,0,2,0,차대차 - 측면충돌,신호위반,건조,맑음,교차로 - 교차로안,승용,여,59세,상해없음,승용,남,59세,경상
2018092200100041,2018년 9월 22일 01시,토요일,대전광역시 동구 홍도동,경상사고,0,0,1,0,차량단독 - 기타,안전운전불이행,건조,맑음,단일로 - 기타,승용,남,53세,상해없음,,,,
2018092200100070,2018년 9월 22일 03시,토요일,대전광역시 동구 삼성동,경상사고,0,0,1,0,차대차 - 정면충돌,안전운전불이행,건조,맑음,교차로 - 교차로안,화물,남,25세,상해없음,승용,남,53세,경상
2018092200100089,2018년 9월 22일 04시,토요일,대전광역시 서구 둔산동,경상사고,0,0,3,0,차대차 - 추돌,안전운전불이행,건조,맑음,교차로 - 교차로안,승용,여,39세,상해없음,승합,여,62세,경상
2018092200100175,2018년 9월 22일 09시,토요일,대전광역시 동구 성남동,중상사고,0,1,0,0,차대차 - 측면충돌,안전운전불이행,건조,맑음,단일로 - 기타,승용,남,64세,상해없음,이륜,남,53세,중상
2018092200100211,2018년 9월 22일 10시,토요일,대전광역시 중구 사정동,경상사고,0,0,1,0,차대차 - 추돌,안전운전불이행,건조,맑음,단일로 - 기타,승용,남,24세,상해없음,승용,여,31세,경상
2018092200100294,2018년 9월 22일 12시,토요일,대전광역시 중구 산성동,경상사고,0,0,3,0,차대차 - 측면충돌,신호위반,건조,맑음,교차로 - 교차로안,승용,남,54세,경상,승용,남,56세,경상
2018092200100295,2018년 9월 22일 12시,토요일,대전광역시 유성구 학하동,경상사고,0,0,1,0,차대차 - 기타,안전운전불이행,건조,맑음,교차로 - 교차로안,건설기계,남,69세,상해없음,승용,남,62세,상해없음
2018092200100338,2018년 9월 22일 13시,토요일,대전광역시 동구 용전동,경상사고,0,0,1,0,차대차 - 기타,안전운전불이행,건조,맑음,교차로 - 교차로안,개인형이동수단(PM),남,31세,경상,승용,여,44세,상해없음
2018092200100339,2018년 9월 22일 13시,토요일,대전광역시 동구 인동,경상사고,0,0,1,0,차대사람 - 기타,안전운전불이행,건조,맑음,단일로 - 기타,승용,남,64세,상해없음,보행자,남,38세,경상
2018092200100379,2018년 9월 22일 14시,토요일,대전광역시 대덕구 중리동,경상사고,0,0,1,0,차대사람 - 기타,안전운전불이행,건조,맑음,단일로 - 기타,승용,남,57세,상해없음,보행자,여,69세,경상
2018092200100417,2018년 9월 22일 15시,토요일,대전광역시 중구 은행동,경상사고,0,0,2,0,차대차 - 추돌,안전거리미확보,건조,맑음,단일로 - 기타,승합,남,50세,상해없음,승용,남,34세,경상
2018092200100418,2018년 9월 22일 15시,토요일,대전광역시 서구 가수원동,경상사고,0,0,2,0,차대차 - 추돌,안전운전불이행,건조,맑음,교차로 - 교차로부근,승용,남,64세,상해없음,승용,남,30세,경상
2018092200100419,2018년 9월 22일 15시,토요일,대전광역시 서구 갈마동,경상사고,0,0,2,0,차대차 - 기타,안전거리미확보,건조,맑음,단일로 - 기타,승용,남,61세,상해없음,승용,여,57세,경상
2018092200100420,2018년 9월 22일 15시,토요일,대전광역시 유성구 구암동,경상사고,0,0,1,0,차대차 - 측면충돌,신호위반,건조,맑음,교차로 - 교차로안,화물,남,47세,상해없음,승용,남,51세,경상
2018092200100421,2018년 9월 22일 15시,토요일,대전광역시 유성구 교촌동,경상사고,0,0,4,0,차대차 - 측면충돌,안전운전불이행,건조,맑음,교차로 - 교차로안,승용,여,45세,경상,화물,남,66세,경상
2018092200100422,2018년 9월 22일 15시,토요일,대전광역시 유성구 노은동,경상사고,0,0,1,0,차대차 - 측면충돌,안전운전불이행,건조,맑음,교차로 - 교차로안,승용,여,63세,상해없음,승용,여,56세,경상
2018092200100473,2018년 9월 22일 16시,토요일,대전광역시 대덕구 오정동,경상사고,0,0,2,0,차대차 - 기타,안전운전불이행,건조,맑음,단일로 - 기타,승용,남,27세,상해없음,승용,여,36세,경상
2018092200100565,2018년 9월 22일 18시,토요일,대전광역시 유성구 봉명동,경상사고,0,0,2,0,차대차 - 추돌,안전운전불이행,건조,맑음,교차로 - 교차로부근,승용,남,63세,상해없음,승용,남,81세,경상
2018092200100626,2018년 9월 22일 19시,토요일,대전광역시 중구 은행동,경상사고,0,0,1,0,차대차 - 추돌,신호위반,건조,맑음,교차로 - 교차로안,승용,남,15세,상해없음,화물,남,37세,경상
2018092200100649,2018년 9월 22일 20시,토요일,대전광역시 동구 용전동,경상사고,0,0,5,0,차대차 - 추돌,안전운전불이행,건조,맑음,단일로 - 기타,승용,남,63세,상해없음,승용,남,36세,경상
2018092200100650,2018년 9월 22일 20시,토요일,대전광역시 동구 성남동,경상사고,0,0,2,0,차대차 - 추돌,안전운전불이행,건조,맑음,교차로 - 교차로부근,승용,남,63세,기타불명,승용,남,51세,경상
2018092200100651,2018년 9월 22일 20시,토요일,대전광역시 서구 탄방동,경상사고,0,0,1,0,차대차 - 후진중충돌,안전운전불이행,건조,맑음,단일로 - 기타,승용,남,36세,상해없음,승용,여,48세,경상
2018092200100678,2018년 9월 22일 21시,토요일,대전광역시 중구 오류동,경상사고,0,0,4,0,차대차 - 추돌,안전운전불이행,건조,맑음,단일로 - 기타,승용,남,25세,상해없음,승용,남,38세,경상
2018092200100679,2018년 9월 22일 21시,토요일,대전광역시 동구 가양동,경상사고,0,0,1,0,차대사람 - 횡단중,보행자보호의무위반,건조,맑음,교차로 - 교차로횡단보도내,승용,남,63세,상해없음,보행자,여,24세,경상
2018092200100680,2018년 9월 22일 21시,토요일,대전광역시 동구 소제동,경상사고,0,0,1,0,차대사람 - 기타,안전운전불이행,건조,맑음,단일로 - 기타,승용,남,57세,상해없음,보행자,여,30세,경상
2018092200100709,2018년 9월 22일 22시,토요일,대전광역시 서구 갈마동,경상사고,0,0,5,0,차대차 - 추돌,안전운전불이행,건조,맑음,단일로 - 지하차도(도로)내,승용,남,53세,상해없음,승용,남,48세,경상
2018092300100100,2018년 9월 23일 09시,일요일,대전광역시 서구 변동,경상사고,0,0,1,0,차대차 - 측면충돌,안전운전불이행,건조,맑음,교차로 - 교차로안,승용,남,62세,기타불명,승용,남,60세,경상
2018092300100101,2018년 9월 23일 09시,일요일,대전광역시 유성구 궁동,경상사고,0,0,1,0,차대차 - 기타,신호위반,건조,맑음,교차로 - 교차로안,승용,남,23세,상해없음,자전거,남,43세,경상
2018092300100148,2018년 9월 23일 11시,일요일,대전광역시 중구 산성동,경상사고,0,0,5,0,차대차 - 기타,신호위반,건조,맑음,교차로 - 교차로안,승용,남,51세,경상,승용,남,25세,경상
2018092300100149,2018년 9월 23일 11시,일요일,대전광역시 유성구 궁동,경상사고,0,0,4,0,차대차 - 기타,안전거리미확보,건조,맑음,단일로 - 지하차도(도로)내,승용,남,57세,경상,승용,남,39세,경상
2018092300100189,2018년 9월 23일 13시,일요일,대전광역시 중구 대사동,경상사고,0,0,4,0,차대차 - 측면충돌,교차로운행방법위반,건조,맑음,교차로 - 교차로안,승용,남,52세,경상,승용,남,43세,경상
2018092300100190,2018년 9월 23일 13시,일요일,대전광역시 동구 용운동,경상사고,0,0,1,0,차대차 - 측면충돌,안전운전불이행,건조,맑음,단일로 - 기타,이륜,남,23세,상해없음,승용,남,50세,경상
2018092300100191,2018년 9월 23일 13시,일요일,대전광역시 동구 원동,경상사고,0,0,1,0,차대차 - 기타,안전운전불이행,건조,맑음,단일로 - 기타,승용,여,60세,상해없음,승합,남,64세,상해없음
2018092300100221,2018년 9월 23일 14시,일요일,대전광역시 중구 오류동,중상사고,0,2,3,0,차대차 - 기타,안전운전불이행,건조,맑음,단일로 - 기타,승용,여,31세,경상,승용,남,36세,중상
2018092300100258,2018년 9월 23일 15시,일요일,대전광역시 중구 태평동,경상사고,0,0,1,0,차대차 - 기타,안전운전불이행,건조,맑음,단일로 - 기타,승용,남,37세,상해없음,승용,남,59세,경상
2018092300100334,2018년 9월 23일 17시,일요일,대전광역시 중구 사정동,경상사고,0,0,1,0,차대차 - 기타,교차로운행방법위반,건조,맑음,교차로 - 교차로안,승용,여,52세,상해없음,승용,남,61세,경상
2018092300100392,2018년 9월 23일 19시,일요일,대전광역시 대덕구 상서동,경상사고,0,0,2,0,차대차 - 기타,안전운전불이행,건조,맑음,교차로 - 교차로안,승용,남,63세,상해없음,승용,여,41세,경상
2018092300100407,2018년 9월 23일 20시,일요일,대전광역시 서구 갈마동,경상사고,0,0,1,0,차대차 - 측면충돌,안전운전불이행,건조,맑음,단일로 - 기타,승합,여,33세,상해없음,이륜,남,26세,경상
2018092300100435,2018년 9월 23일 21시,일요일,대전광역시 유성구 지족동,경상사고,0,0,2,0,차대차 - 측면충돌,교차로운행방법위반,건조,맑음,교차로 - 교차로안,승용,남,23세,상해없음,승용,남,51세,경상
2018092300100446,2018년 9월 23일 22시,일요일,대전광역시 중구 선화동,경상사고,0,0,1,0,차대차 - 기타,안전거리미확보,건조,맑음,교차로 - 교차로안,승용,남,29세,상해없음,승용,남,68세,경상
2018092300100447,2018년 9월 23일 22시,일요일,대전광역시 동구 가오동,중상사고,0,1,1,0,차대차 - 기타,신호위반,건조,맑음,교차로 - 교차로안,승용,여,22세,경상,승용,남,60세,중상
2018092300100462,2018년 9월 23일 23시,일요일,대전광역시 서구 괴정동,중상사고,0,1,0,0,차대사람 - 기타,안전운전불이행,건조,맑음,교차로 - 교차로횡단보도내,승용,여,31세,상해없음,보행자,남,31세,중상
2018092400100027,2018년 9월 24일 02시,월요일,대전광역시 서구 갈마동,경상사고,0,0,1,0,차대차 - 측면충돌,신호위반,건조,맑음,교차로 - 교차로안,승용,남,26세,상해없음,승용,남,44세,경상
2018092400100034,2018년 9월 24일 03시,월요일,대전광역시 서구 둔산동,경상사고,0,0,1,0,차대사람 - 기타,안전운전불이행,건조,맑음,단일로 - 기타,이륜,남,20세,상해없음,보행자,여,19세,경상
2018092400100060,2018년 9월 24일 08시,월요일,대전광역시 중구 문화동,중상사고,0,1,1,0,차대차 - 추돌,안전거리미확보,건조,맑음,단일로 - 기타,승합,남,57세,상해없음,승용,남,42세,상해없음
2018092400100061,2018년 9월 24일 08시,월요일,대전광역시 동구 삼성동,중상사고,0,1,0,0,차대차 - 기타,기타,건조,맑음,단일로 - 기타,승용,남,41세,상해없음,자전거,남,72세,중상
2018092400100062,2018년 9월 24일 08시,월요일,대전광역시 대덕구 오정동,경상사고,0,0,1,0,차대차 - 측면충돌,안전운전불이행,건조,맑음,교차로 - 교차로부근,승용,남,38세,상해없음,승용,여,24세,경상
2018092400100089,2018년 9월 24일 10시,월요일,대전광역시 대덕구 비래동,경상사고,0,0,2,0,차대차 - 측면충돌,안전운전불이행,건조,맑음,교차로 - 교차로안,승용,여,49세,상해없음,승용,남,34세,경상
2018092400100090,2018년 9월 24일 10시,월요일,대전광역시 유성구 궁동,경상사고,0,0,1,0,차대차 - 기타,안전운전불이행,건조,맑음,단일로 - 기타,승용,남,72세,상해없음,승용,남,57세,상해없음
2018092400100117,2018년 9월 24일 11시,월요일,대전광역시 대덕구 송촌동,경상사고,0,0,2,0,차대차 - 추돌,안전운전불이행,건조,맑음,교차로 - 교차로부근,승용,남,64세,상해없음,승용,여,45세,경상
2018092400100118,2018년 9월 24일 11시,월요일,대전광역시 유성구 구암동,경상사고,0,0,2,0,차대차 - 측면충돌,안전거리미확보,건조,맑음,단일로 - 기타,승용,남,50세,상해없음,승용,남,55세,경상
2018092400100211,2018년 9월 24일 14시,월요일,대전광역시 대덕구 오정동,경상사고,0,0,1,0,차대차 - 측면충돌,교차로운행방법위반,건조,맑음,교차로 - 교차로안,승용,남,53세,상해없음,승용,남,63세,경상
2018092400100278,2018년 9월 24일 16시,월요일,대전광역시 서구 둔산동,경상사고,0,0,1,0,차대차 - 기타,안전운전불이행,건조,맑음,교차로 - 교차로안,승용,여,53세,상해없음,이륜,남,36세,경상
2018092400100279,2018년 9월 24일 16시,월요일,대전광역시 유성구 원신흥동,경상사고,0,0,1,0,차대차 - 기타,신호위반,건조,맑음,교차로 - 교차로안,승용,남,55세,상해없음,승합,남,54세,경상
2018092400100380,2018년 9월 24일 20시,월요일,대전광역시 서구 둔산동,경상사고,0,0,3,0,차대차 - 기타,교차로운행방법위반,건조,맑음,교차로 - 교차로안,화물,남,62세,경상,승용,남,66세,경상
2018092400100400,2018년 9월 24일 21시,월요일,대전광역시 중구 유천동,경상사고,0,0,2,0,차대사람 - 횡단중,안전운전불이행,건조,맑음,교차로 - 교차로안,승합,남,50세,상해없음,보행자,여,54세,경상
2018092400100441,2018년 9월 24일 23시,월요일,대전광역시 대덕구 비래동,경상사고,0,0,2,0,차대차 - 기타,신호위반,건조,맑음,교차로 - 교차로안,승용,남,22세,상해없음,화물,남,58세,경상
2018092500100011,2018년 9월 25일 00시,화요일,대전광역시 중구 대흥동,경상사고,0,0,1,0,차대사람 - 차도통행중,안전운전불이행,건조,맑음,단일로 - 기타,승용,남,26세,상해없음,보행자,남,21세,경상
2018092500100044,2018년 9월 25일 06시,화요일,대전광역시 대덕구 중리동,중상사고,0,1,0,0,차대차 - 기타,안전운전불이행,건조,흐림,교차로 - 교차로횡단보도내,승용,남,65세,상해없음,자전거,남,58세,중상
2018092500100045,2018년 9월 25일 06시,화요일,대전광역시 유성구 봉명동,경상사고,0,0,1,0,차대사람 - 기타,안전운전불이행,건조,맑음,기타 - 기타,자전거,남,43세,상해없음,보행자,여,76세,경상
2018092500100139,2018년 9월 25일 11시,화요일,대전광역시 대덕구 신탄진동,경상사고,0,0,1,0,차대차 - 기타,안전운전불이행,건조,맑음,단일로 - 기타,승용,남,27세,상해없음,이륜,남,45세,경상
2018092500100223,2018년 9월 25일 14시,화요일,대전광역시 서구 도마동,경상사고,0,0,2,0,차대차 - 측면충돌,안전운전불이행,건조,맑음,교차로 - 교차로부근,승합,남,53세,상해없음,승용,여,56세,경상
2018092500100224,2018년 9월 25일 14시,화요일,대전광역시 유성구 봉명동,경상사고,0,0,1,0,차대차 - 측면충돌,안전운전불이행,건조,맑음,단일로 - 기타,승용,남,59세,상해없음,승용,남,45세,경상
2018092500100252,2018년 9월 25일 15시,화요일,대전광역시 유성구 궁동,경상사고,0,0,3,0,차대차 - 측면충돌,안전거리미확보,건조,맑음,단일로 - 기타,승용,남,30세,상해없음,승용,남,36세,경상
2018092500100293,2018년 9월 25일 16시,화요일,대전광역시 중구 대흥동,경상사고,0,0,1,0,차대사람 - 횡단중,보행자보호의무위반,건조,맑음,단일로 - 기타,승용,여,35세,상해없음,보행자,남,61세,경상
2018092500100294,2018년 9월 25일 16시,화요일,대전광역시 대덕구 중리동,부상신고사고,0,0,0,2,차대차 - 측면충돌,교차로운행방법위반,건조,맑음,교차로 - 교차로안,승용,남,48세,상해없음,승용,남,56세,부상신고
2018092500100391,2018년 9월 25일 19시,화요일,대전광역시 중구 태평동,경상사고,0,0,1,0,차대차 - 측면충돌,안전운전불이행,건조,맑음,교차로 - 교차로안,원동기,남,46세,상해없음,승용,여,62세,경상
2018092500100392,2018년 9월 25일 19시,화요일,대전광역시 중구 유천동,중상사고,0,1,0,0,차대차 - 기타,신호위반,건조,맑음,교차로 - 교차로안,이륜,남,35세,상해없음,이륜,남,45세,중상
2018092500100393,2018년 9월 25일 19시,화요일,대전광역시 동구 자양동,중상사고,0,1,1,0,차대차 - 기타,신호위반,건조,맑음,교차로 - 교차로안,승용,남,24세,상해없음,승용,남,52세,중상
2018092500100430,2018년 9월 25일 20시,화요일,대전광역시 동구 용전동,경상사고,0,0,1,0,차대사람 - 기타,안전운전불이행,건조,맑음,단일로 - 기타,승용,남,59세,상해없음,보행자,여,36세,경상
2018092500100431,2018년 9월 25일 20시,화요일,대전광역시 서구 탄방동,경상사고,0,0,4,0,차대차 - 측면충돌,안전거리미확보,건조,맑음,단일로 - 기타,승용,남,20세,상해없음,승용,남,56세,경상
2018092500100449,2018년 9월 25일 21시,화요일,대전광역시 중구 선화동,중상사고,0,1,3,0,차대차 - 측면충돌,안전운전불이행,건조,맑음,교차로 - 교차로안,승용,여,49세,상해없음,승용,남,47세,경상
2018092500100450,2018년 9월 25일 21시,화요일,대전광역시 동구 용운동,중상사고,0,1,0,0,차대차 - 기타,교차로운행방법위반,건조,맑음,교차로 - 교차로안,승용,남,23세,상해없음,이륜,남,28세,중상
2018092500100470,2018년 9월 25일 22시,화요일,대전광역시 유성구 용계동,경상사고,0,0,1,0,차대차 - 추돌,안전운전불이행,건조,맑음,교차로 - 교차로부근,승용,남,33세,상해없음,승용,남,66세,경상
2018092500100487,2018년 9월 25일 23시,화요일,대전광역시 유성구 도룡동,경상사고,0,0,1,0,차대차 - 기타,안전운전불이행,건조,맑음,단일로 - 기타,승용,남,28세,상해없음,승용,남,22세,기타불명
2018092600100032,2018년 9월 26일 01시,수요일,대전광역시 서구 탄방동,경상사고,0,0,2,0,차대차 - 추돌,안전운전불이행,건조,맑음,교차로 - 교차로안,승용,남,33세,상해없음,승용,남,23세,경상
2018092600100054,2018년 9월 26일 03시,수요일,대전광역시 유성구 도룡동,중상사고,0,1,0,0,차량단독 - 기타,안전운전불이행,건조,맑음,교차로 - 교차로부근,승용,남,23세,상해없음,,,,
2018092600100068,2018년 9월 26일 05시,수요일,대전광역시 서구 둔산동,경상사고,0,0,1,0,차대사람 - 기타,안전운전불이행,건조,맑음,단일로 - 기타,승용,남,58세,상해없음,보행자,남,24세,경상
2018092600100076,2018년 9월 26일 06시,수요일,대전광역시 유성구 장대동,경상사고,0,0,1,0,차대차 - 기타,안전운전불이행,건조,맑음,단일로 - 기타,승용,남,46세,상해없음,승용,남,44세,경상
2018092600100081,2018년 9월 26일 07시,수요일,대전광역시 동구 추동,중상사고,0,2,0,0,차대차 - 기타,안전운전불이행,건조,맑음,단일로 - 기타,승용,남,61세,상해없음,자전거,남,28세,중상
2018092600100138,2018년 9월 26일 11시,수요일,대전광역시 중구 오류동,경상사고,0,0,1,0,차대사람 - 횡단중,보행자보호의무위반,건조,맑음,단일로 - 기타,승용,남,77세,상해없음,보행자,여,62세,경상
2018092600100139,2018년 9월 26일 11시,수요일,대전광역시 서구 도안동,중상사고,0,1,0,0,차대차 - 측면충돌,안전운전불이행,건조,맑음,교차로 - 교차로부근,승합,남,50세,상해없음,자전거,남,78세,중상
2018092600100140,2018년 9월 26일 11시,수요일,대전광역시 대덕구 읍내동,중상사고,0,1,0,0,차대사람 - 기타,안전운전불이행,건조,맑음,주차장 - 주차장,승용,여,52세,기타불명,보행자,여,62세,중상
2018092600100183,2018년 9월 26일 13시,수요일,대전광역시 유성구 장대동,경상사고,0,0,1,0,차대차 - 추돌,안전거리미확보,건조,맑음,기타 - 기타,승용,남,43세,경상,승용,남,47세,상해없음
2018092600100196,2018년 9월 26일 13시,수요일,대전광역시 서구 용문동,경상사고,0,0,1,0,차대사람 - 횡단중,신호위반,건조,맑음,단일로 - 기타,승용,남,25세,상해없음,보행자,여,41세,경상
2018092600100197,2018년 9월 26일 13시,수요일,대전광역시 유성구 노은동,경상사고,0,0,2,0,차대차 - 측면충돌,안전거리미확보,건조,맑음,교차로 - 교차로부근,승합,남,56세,상해없음,승용,남,51세,경상
2018092600100278,2018년 9월 26일 16시,수요일,대전광역시 유성구 봉명동,경상사고,0,0,1,0,차대차 - 추돌,안전운전불이행,건조,맑음,교차로 - 교차로부근,승용,여,42세,상해없음,승용,남,38세,경상
2018092600100307,2018년 9월 26일 17시,수요일,대전광역시 동구 홍도동,경상사고,0,0,1,0,차대차 - 측면충돌,교차로운행방법위반,건조,맑음,교차로 - 교차로안,승용,남,51세,기타불명,원동기,남,45세,경상
2018092600100377,2018년 9월 26일 19시,수요일,대전광역시 동구 가양동,중상사고,0,1,1,0,차대차 - 측면충돌,교차로운행방법위반,건조,맑음,교차로 - 교차로안,이륜,남,25세,경상,승용,여,46세,중상
2018092600100433,2018년 9월 26일 21시,수요일,대전광역시 동구 삼성동,경상사고,0,0,2,0,차대차 - 추돌,안전운전불이행,건조,맑음,교차로 - 교차로안,승용,남,52세,상해없음,승용,남,23세,경상
2018092600100447,2018년 9월 26일 22시,수요일,대전광역시 서구 괴정동,중상사고,0,1,0,0,차대사람 - 차도통행중,안전운전불이행,건조,맑음,단일로 - 기타,승용,남,36세,상해없음,보행자,여,76세,중상
2018092600100465,2018년 9월 26일 23시,수요일,대전광역시 중구 선화동,경상사고,0,0,1,0,차대차 - 추돌,안전거리미확보,건조,맑음,단일로 - 기타,승합,남,54세,상해없음,승용,남,69세,경상
2018092700100006,2018년 9월 27일 00시,목요일,대전광역시 대덕구 법동,중상사고,0,1,0,0,차대사람 - 기타,안전운전불이행,건조,맑음,단일로 - 기타,승용,남,26세,상해없음,보행자,남,50세,중상
2018092700100023,2018년 9월 27일 04시,목요일,대전광역시 서구 도안동,경상사고,0,0,1,0,차대차 - 측면충돌,신호위반,건조,맑음,교차로 - 교차로안,승용,남,70세,기타불명,승용,남,52세,경상
2018092700100042,2018년 9월 27일 06시,목요일,대전광역시 대덕구 오정동,중상사고,0,1,0,0,차대사람 - 기타,교차로운행방법위반,건조,맑음,교차로 - 교차로안,화물,남,64세,상해없음,보행자,남,53세,중상
2018092700100076,2018년 9월 27일 07시,목요일,대전광역시 유성구 봉산동,중상사고,0,1,0,0,차대사람 - 횡단중,보행자보호의무위반,건조,맑음,교차로 - 교차로안,승합,남,61세,상해없음,보행자,남,60세,중상
2018092700100123,2018년 9월 27일 08시,목요일,대전광역시 대덕구 신일동,경상사고,0,0,1,0,차대차 - 기타,안전운전불이행,건조,맑음,단일로 - 기타,화물,남,48세,상해없음,승합,남,57세,상해없음
2018092700100222,2018년 9월 27일 11시,목요일,대전광역시 동구 용전동,경상사고,0,0,2,0,차대차 - 측면충돌,안전운전불이행,건조,맑음,단일로 - 기타,승용,남,57세,상해없음,승용,남,56세,경상
2018092700100255,2018년 9월 27일 12시,목요일,대전광역시 동구 대별동,중상사고,0,1,1,0,차대차 - 측면충돌,안전운전불이행,건조,맑음,교차로 - 교차로안,화물,남,65세,상해없음,승용,여,64세,경상
2018092700100256,2018년 9월 27일 12시,목요일,대전광역시 유성구 봉명동,중상사고,0,1,0,0,차량단독 - 기타,기타,건조,맑음,단일로 - 기타,승합,남,54세,상해없음,,,,
2018092700100291,2018년 9월 27일 13시,목요일,대전광역시 중구 부사동,경상사고,0,0,2,1,차대차 - 기타,안전거리미확보,건조,맑음,교차로 - 교차로안,원동기,남,77세,부상신고,승용,남,26세,경상
2018092700100292,2018년 9월 27일 13시,목요일,대전광역시 동구 가양동,경상사고,0,0,2,0,차대차 - 측면충돌,직진우회전진행방해,건조,맑음,교차로 - 교차로안,승용,여,28세,경상,승용,남,38세,경상
2018092700100336,2018년 9월 27일 14시,목요일,대전광역시 중구 대흥동,경상사고,0,0,1,0,차대사람 - 기타,안전운전불이행,건조,맑음,단일로 - 기타,승용,남,24세,상해없음,보행자,남,59세,경상
2018092700100375,2018년 9월 27일 15시,목요일,대전광역시 중구 문화동,경상사고,0,0,1,0,차대차 - 기타,신호위반,건조,맑음,교차로 - 교차로안,승용,여,65세,상해없음,화물,남,26세,경상
2018092700100376,2018년 9월 27일 15시,목요일,대전광역시 중구 사정동,경상사고,0,0,1,0,차대사람 - 기타,안전운전불이행,건조,맑음,단일로 - 기타,승용,남,58세,상해없음,보행자,남,78세,경상
2018092700100427,2018년 9월 27일 16시,목요일,대전광역시 중구 유천동,부상신고사고,0,0,0,1,차대차 - 기타,안전운전불이행,건조,맑음,단일로 - 기타,자전거,여,32세,부상신고,승용,여,42세,상해없음
2018092700100428,2018년 9월 27일 16시,목요일,대전광역시 동구 용전동,경상사고,0,0,3,0,차대차 - 측면충돌,안전운전불이행,건조,맑음,교차로 - 교차로부근,승용,남,25세,상해없음,승용,여,30세,경상
2018092700100430,2018년 9월 27일 16시,목요일,대전광역시 유성구 봉명동,중상사고,0,1,2,0,차대차 - 측면충돌,신호위반,건조,맑음,교차로 - 교차로안,이륜,남,57세,경상,이륜,남,17세,경상
2018092700100523,2018년 9월 27일 18시,목요일,대전광역시 동구 자양동,경상사고,0,0,1,0,차대사람 - 길가장자리구역통행중,안전운전불이행,건조,맑음,단일로 - 기타,승용,남,20세,상해없음,보행자,남,22세,경상
2018092700100524,2018년 9월 27일 18시,목요일,대전광역시 서구 탄방동,중상사고,0,1,1,1,차대차 - 기타,안전운전불이행,건조,맑음,교차로 - 교차로안,승용,남,68세,부상신고,승용,남,57세,경상
2018092700100525,2018년 9월 27일 18시,목요일,대전광역시 유성구 신성동,경상사고,0,0,3,0,차대차 - 측면충돌,안전거리미확보,건조,맑음,교차로 - 교차로부근,승용,남,58세,경상,승용,여,43세,경상
2018092700100570,2018년 9월 27일 19시,목요일,대전광역시 유성구 구암동,중상사고,0,1,0,0,차대사람 - 횡단중,신호위반,건조,맑음,단일로 - 기타,승용,남,59세,상해없음,보행자,남,68세,중상
2018092700100571,2018년 9월 27일 19시,목요일,대전광역시 유성구 지족동,경상사고,0,0,1,0,차대차 - 측면충돌,안전거리미확보,건조,맑음,단일로 - 기타,승용,여,47세,상해없음,승용,남,37세,경상
2018092700100603,2018년 9월 27일 20시,목요일,대전광역시 서구 관저동,중상사고,0,1,0,0,차대사람 - 횡단중,안전운전불이행,건조,맑음,교차로 - 교차로부근,승용,여,28세,상해없음,보행자,여,22세,중상
2018092700100604,2018년 9월 27일 20시,목요일,대전광역시 서구 월평동,경상사고,0,0,1,0,차대사람 - 기타,안전운전불이행,건조,맑음,단일로 - 기타,승용,여,24세,상해없음,보행자,남,62세,경상