사고번호,사고일시,요일,시군구,사고내용,사망자수,중상자수,경상자수,부상신고자수,사고유형,법규위반,노면상태,기상상태,도로형태,가해운전자 차종,가해운전자 성별,가해운전자 연령,가해운전자 상해정도,피해운전자 차종,피해운전자 성별,피해운전자 연령,피해운전자 상해정도
2018092700100620,2018년 9월 27일 21시,목요일,대전광역시 동구 용전동,경상사고,0,0,1,0,차대차 - 측면충돌,안전거리미확보,건조,맑음,단일로 - 기타,승용,남,60세,상해없음,원동기,남,28세,경상
2018092700100641,2018년 9월 27일 22시,목요일,대전광역시 동구 성남동,경상사고,0,0,1,0,차대차 - 기타,교차로운행방법위반,건조,맑음,교차로 - 교차로안,승용,여,28세,상해없음,이륜,남,32세,경상
2018092700100642,2018년 9월 27일 22시,목요일,대전광역시 동구 인동,경상사고,0,0,1,0,차대차 - 측면충돌,안전거리미확보,건조,맑음,단일로 - 기타,승용,여,29세,상해없음,승용,남,57세,상해없음
2018092700100643,2018년 9월 27일 22시,목요일,대전광역시 동구 인동,경상사고,0,0,1,0,차대차 - 추돌,안전운전불이행,건조,맑음,단일로 - 기타,승합,남,74세,상해없음,승용,여,49세,경상
2018092800100026,2018년 9월 28일 02시,금요일,대전광역시 중구 용두동,경상사고,0,0,2,0,차대차 - 측면충돌,신호위반,건조,맑음,교차로 - 교차로안,승용,여,60세,상해없음,승용,남,68세,경상
2018092800100053,2018년 9월 28일 06시,금요일,대전광역시 동구 판암동,경상사고,0,0,3,0,차대차 - 정면충돌,신호위반,건조,맑음,교차로 - 교차로안,화물,남,73세,상해없음,승용,남,42세,경상
2018092800100144,2018년 9월 28일 09시,금요일,대전광역시 중구 오류동,중상사고,0,1,0,0,차대차 - 측면충돌,안전거리미확보,건조,맑음,단일로 - 기타,승용,남,61세,상해없음,원동기,남,59세,중상
2018092800100145,2018년 9월 28일 09시,금요일,대전광역시 서구 탄방동,중상사고,0,1,0,0,차대차 - 기타,안전운전불이행,건조,맑음,교차로 - 교차로부근,승용,여,58세,상해없음,승용,남,69세,상해없음
2018092800100146,2018년 9월 28일 09시,금요일,대전광역시 유성구 지족동,중상사고,0,1,0,0,차대사람 - 횡단중,보행자보호의무위반,건조,맑음,교차로 - 교차로횡단보도내,승용,남,68세,상해없음,보행자,여,54세,중상
2018092800100175,2018년 9월 28일 10시,금요일,대전광역시 대덕구 중리동,경상사고,0,0,1,0,차대차 - 기타,안전운전불이행,건조,맑음,단일로 - 기타,화물,여,51세,기타불명,화물,남,50세,경상
2018092800100203,2018년 9월 28일 11시,금요일,대전광역시 서구 둔산동,경상사고,0,0,1,0,차대차 - 기타,신호위반,건조,맑음,교차로 - 교차로안,승용,여,48세,상해없음,화물,남,44세,경상
2018092800100286,2018년 9월 28일 14시,금요일,대전광역시 대덕구 오정동,경상사고,0,0,2,0,차대차 - 기타,안전거리미확보,건조,맑음,교차로 - 교차로부근,이륜,남,50세,경상,이륜,남,47세,경상
2018092800100287,2018년 9월 28일 14시,금요일,대전광역시 대덕구 석봉동,중상사고,0,1,0,0,차대차 - 기타,안전운전불이행,건조,맑음,기타 - 기타,화물,남,53세,상해없음,승용,여,46세,중상
2018092800100288,2018년 9월 28일 14시,금요일,대전광역시 서구 둔산동,중상사고,0,1,0,0,차대사람 - 횡단중,안전운전불이행,건조,맑음,단일로 - 기타,승용,남,49세,상해없음,보행자,남,37세,중상
2018092800100289,2018년 9월 28일 14시,금요일,대전광역시 유성구 봉명동,경상사고,0,0,1,0,차대차 - 추돌,안전운전불이행,건조,맑음,단일로 - 기타,승용,여,42세,상해없음,자전거,여,24세,경상
2018092800100350,2018년 9월 28일 16시,금요일,대전광역시 서구 월평동,경상사고,0,0,1,0,차대차 - 추돌,안전운전불이행,건조,맑음,교차로 - 교차로부근,승용,남,74세,상해없음,승용,여,59세,경상
2018092800100387,2018년 9월 28일 17시,금요일,대전광역시 대덕구 읍내동,경상사고,0,0,1,0,차대사람 - 기타,안전운전불이행,건조,맑음,단일로 - 기타,승합,남,53세,상해없음,보행자,남,72세,경상
2018092800100423,2018년 9월 28일 18시,금요일,대전광역시 중구 대흥동,경상사고,0,0,1,0,차대사람 - 기타,신호위반,건조,맑음,단일로 - 기타,승용,남,22세,상해없음,보행자,남,41세,경상
2018092800100489,2018년 9월 28일 20시,금요일,대전광역시 서구 갈마동,중상사고,0,1,6,0,차대차 - 추돌,안전거리미확보,건조,맑음,단일로 - 기타,승용,남,41세,경상,승용,남,23세,경상
2018092800100490,2018년 9월 28일 20시,금요일,대전광역시 서구 갈마동,경상사고,0,0,1,0,차대차 - 측면충돌,중앙선침범,건조,맑음,교차로 - 교차로부근,기타불명,기타불명,미분류,기타불명,승용,남,40세,경상
2018092800100514,2018년 9월 28일 21시,금요일,대전광역시 서구 괴정동,중상사고,0,1,0,0,차대사람 - 기타,안전운전불이행,건조,맑음,단일로 - 기타,승용,여,41세,상해없음,보행자,여,35세,중상
2018092900100121,2018년 9월 29일 07시,토요일,대전광역시 서구 둔산동,경상사고,0,0,1,0,차대사람 - 기타,안전운전불이행,건조,맑음,단일로 - 기타,승용,남,26세,상해없음,보행자,남,20세,경상
2018092900100163,2018년 9월 29일 09시,토요일,대전광역시 대덕구 석봉동,경상사고,0,0,1,0,차대차 - 측면충돌,안전운전불이행,건조,맑음,단일로 - 기타,승용,여,55세,상해없음,승용,남,67세,경상
2018092900100164,2018년 9월 29일 09시,토요일,대전광역시 서구 탄방동,경상사고,0,0,1,0,차대차 - 후진중충돌,안전운전불이행,건조,맑음,단일로 - 기타,승용,남,58세,상해없음,승용,남,56세,경상
2018092900100165,2018년 9월 29일 09시,토요일,대전광역시 서구 갈마동,경상사고,0,0,1,0,차대차 - 측면충돌,안전운전불이행,건조,맑음,교차로 - 교차로횡단보도내,승용,여,41세,상해없음,자전거,여,27세,경상
2018092900100166,2018년 9월 29일 09시,토요일,대전광역시 유성구 관평동,경상사고,0,0,1,0,차량단독 - 기타,안전운전불이행,건조,맑음,교차로 - 교차로부근,승합,남,51세,상해없음,,,,
2018092900100211,2018년 9월 29일 10시,토요일,대전광역시 유성구 원신흥동,경상사고,0,0,1,0,차대차 - 추돌,안전운전불이행,건조,맑음,단일로 - 기타,화물,남,47세,상해없음,승용,여,31세,경상
2018092900100243,2018년 9월 29일 11시,토요일,대전광역시 중구 대흥동,경상사고,0,0,1,0,차대차 - 추돌,안전운전불이행,건조,맑음,교차로 - 교차로부근,승용,남,38세,상해없음,승용,남,65세,상해없음
2018092900100244,2018년 9월 29일 11시,토요일,대전광역시 서구 갈마동,중상사고,0,1,1,0,차대차 - 측면충돌,안전운전불이행,건조,맑음,교차로 - 교차로안,이륜,남,30세,중상,승용,남,63세,경상
2018092900100245,2018년 9월 29일 11시,토요일,대전광역시 유성구 관평동,경상사고,0,0,1,0,차량단독 - 기타,기타,건조,맑음,단일로 - 기타,승합,남,43세,상해없음,,,,
2018092900100316,2018년 9월 29일 13시,토요일,대전광역시 중구 용두동,경상사고,0,0,1,0,차대차 - 기타,차로위반,건조,맑음,단일로 - 기타,기타불명,기타불명,미분류,기타불명,승합,남,50세,상해없음
2018092900100447,2018년 9월 29일 17시,토요일,대전광역시 서구 내동,경상사고,0,0,1,0,차대차 - 측면충돌,안전운전불이행,건조,맑음,단일로 - 기타,승용,남,44세,상해없음,승용,남,63세,경상
2018092900100448,2018년 9월 29일 17시,토요일,대전광역시 서구 갈마동,중상사고,0,1,0,0,차대차 - 측면충돌,안전운전불이행,건조,맑음,교차로 - 교차로부근,승용,남,63세,상해없음,자전거,남,33세,중상
2018092900100481,2018년 9월 29일 18시,토요일,대전광역시 서구 월평동,경상사고,0,0,1,0,차대차 - 추돌,안전거리미확보,건조,맑음,교차로 - 교차로부근,화물,남,25세,상해없음,승용,남,35세,경상
2018092900100482,2018년 9월 29일 18시,토요일,대전광역시 유성구 구암동,경상사고,0,0,1,0,차대차 - 추돌,안전운전불이행,건조,맑음,교차로 - 교차로부근,승용,남,63세,기타불명,승용,남,28세,기타불명
2018092900100519,2018년 9월 29일 19시,토요일,대전광역시 동구 판암동,경상사고,0,0,2,0,차대차 - 측면충돌,안전거리미확보,건조,맑음,단일로 - 기타,승용,여,22세,상해없음,승용,남,40세,상해없음
2018092900100520,2018년 9월 29일 19시,토요일,대전광역시 동구 가오동,경상사고,0,0,2,0,차대차 - 추돌,안전운전불이행,건조,맑음,단일로 - 기타,승용,남,64세,상해없음,승용,남,32세,경상
2018092900100521,2018년 9월 29일 19시,토요일,대전광역시 유성구 방동,경상사고,0,0,2,0,차대차 - 추돌,안전운전불이행,건조,맑음,교차로 - 교차로부근,승용,여,60세,상해없음,승용,남,58세,경상
2018092900100522,2018년 9월 29일 19시,토요일,대전광역시 유성구 노은동,중상사고,0,1,1,0,차대차 - 후진중충돌,안전운전불이행,건조,맑음,단일로 - 기타,승용,여,33세,상해없음,승용,남,73세,경상
2018092900100583,2018년 9월 29일 21시,토요일,대전광역시 대덕구 상서동,경상사고,0,0,4,0,차대차 - 추돌,안전운전불이행,건조,맑음,기타 - 기타,화물,남,66세,상해없음,승합,남,47세,경상
2018093000100042,2018년 9월 30일 02시,일요일,대전광역시 중구 대흥동,경상사고,0,0,1,0,차대사람 - 길가장자리구역통행중,안전운전불이행,건조,맑음,단일로 - 기타,승용,남,60세,상해없음,보행자,남,24세,경상
2018093000100071,2018년 9월 30일 06시,일요일,대전광역시 서구 둔산동,경상사고,0,0,1,0,차대사람 - 기타,안전운전불이행,건조,맑음,교차로 - 교차로안,승용,남,69세,상해없음,보행자,남,19세,경상
2018093000100084,2018년 9월 30일 07시,일요일,대전광역시 서구 둔산동,경상사고,0,0,1,0,차대사람 - 기타,안전운전불이행,건조,맑음,단일로 - 기타,승용,남,23세,상해없음,보행자,남,58세,경상
2018093000100085,2018년 9월 30일 07시,일요일,대전광역시 유성구 봉명동,경상사고,0,0,1,0,차대차 - 추돌,안전운전불이행,건조,맑음,교차로 - 교차로부근,승용,남,22세,상해없음,승용,남,50세,경상
2018093000100122,2018년 9월 30일 09시,일요일,대전광역시 중구 대흥동,경상사고,0,0,1,0,차대차 - 추돌,안전운전불이행,건조,맑음,단일로 - 기타,승용,남,57세,상해없음,승용,여,60세,경상
2018093000100123,2018년 9월 30일 09시,일요일,대전광역시 동구 홍도동,경상사고,0,0,1,0,차대차 - 기타,불법유턴,건조,맑음,단일로 - 기타,개인형이동수단(PM),남,47세,경상,승용,여,67세,상해없음
2018093000100124,2018년 9월 30일 09시,일요일,대전광역시 동구 효동,중상사고,0,4,0,0,차대차 - 측면충돌,교차로운행방법위반,건조,맑음,교차로 - 교차로안,승용,여,39세,상해없음,승용,남,41세,중상
2018093000100139,2018년 9월 30일 10시,일요일,대전광역시 중구 옥계동,경상사고,0,0,1,0,차대차 - 측면충돌,교차로운행방법위반,건조,맑음,교차로 - 교차로부근,승용,남,66세,상해없음,승용,남,24세,경상
2018093000100140,2018년 9월 30일 10시,일요일,대전광역시 동구 원동,경상사고,0,0,1,0,차대사람 - 기타,신호위반,건조,맑음,단일로 - 기타,승용,여,50세,상해없음,보행자,여,67세,경상
2018093000100141,2018년 9월 30일 10시,일요일,대전광역시 대덕구 신탄진동,경상사고,0,0,2,0,차대차 - 기타,안전운전불이행,건조,맑음,단일로 - 기타,승용,남,34세,상해없음,승용,여,41세,경상
2018093000100142,2018년 9월 30일 10시,일요일,대전광역시 유성구 신성동,경상사고,0,0,1,0,차대차 - 측면충돌,안전운전불이행,건조,맑음,교차로 - 교차로부근,자전거,남,28세,경상,승용,남,36세,상해없음
2018093000100221,2018년 9월 30일 13시,일요일,대전광역시 대덕구 중리동,경상사고,0,0,1,0,차대차 - 측면충돌,교차로운행방법위반,건조,맑음,교차로 - 교차로안,승용,남,23세,상해없음,이륜,남,42세,경상
2018093000100222,2018년 9월 30일 13시,일요일,대전광역시 서구 갈마동,경상사고,0,0,5,0,차대차 - 추돌,안전거리미확보,건조,맑음,단일로 - 지하차도(도로)내,승용,남,49세,상해없음,승용,남,69세,경상
2018093000100261,2018년 9월 30일 14시,일요일,대전광역시 서구 가수원동,경상사고,0,0,1,0,차대차 - 측면충돌,신호위반,건조,맑음,교차로 - 교차로안,이륜,남,30세,상해없음,승합,남,55세,상해없음
2018093000100292,2018년 9월 30일 15시,일요일,대전광역시 중구 문화동,경상사고,0,0,4,0,차대차 - 측면충돌,안전운전불이행,건조,맑음,기타 - 기타,승용,여,44세,상해없음,승용,남,40세,경상
2018093000100293,2018년 9월 30일 15시,일요일,대전광역시 서구 둔산동,중상사고,0,1,0,0,차대차 - 기타,신호위반,건조,맑음,교차로 - 교차로안,승용,여,24세,상해없음,승용,남,37세,중상
2018093000100369,2018년 9월 30일 17시,일요일,대전광역시 서구 갈마동,중상사고,0,1,0,0,차대차 - 기타,신호위반,건조,맑음,교차로 - 교차로안,승용,여,57세,상해없음,승용,여,57세,중상
2018093000100437,2018년 9월 30일 19시,일요일,대전광역시 중구 태평동,경상사고,0,0,1,0,차대차 - 측면충돌,중앙선침범,건조,맑음,교차로 - 교차로부근,승용,남,37세,상해없음,이륜,남,25세,경상
2018093000100438,2018년 9월 30일 19시,일요일,대전광역시 동구 가오동,경상사고,0,0,1,0,차대차 - 측면충돌,안전운전불이행,건조,맑음,단일로 - 기타,승용,남,70세,상해없음,이륜,남,19세,경상
2018093000100439,2018년 9월 30일 19시,일요일,대전광역시 동구 용운동,중상사고,0,1,0,0,차대차 - 측면충돌,교차로운행방법위반,건조,맑음,교차로 - 교차로안,화물,남,31세,상해없음,이륜,여,20세,중상
2018093000100440,2018년 9월 30일 19시,일요일,대전광역시 유성구 장대동,경상사고,0,0,1,0,차대차 - 측면충돌,신호위반,건조,맑음,교차로 - 교차로안,승용,여,58세,기타불명,승용,여,62세,경상
2018093000100464,2018년 9월 30일 20시,일요일,대전광역시 서구 가장동,경상사고,0,0,2,0,차대차 - 측면충돌,교차로운행방법위반,건조,맑음,교차로 - 교차로안,승용,남,33세,상해없음,승용,남,27세,경상
2018093000100482,2018년 9월 30일 21시,일요일,대전광역시 중구 태평동,중상사고,0,1,0,0,차대사람 - 횡단중,안전운전불이행,건조,맑음,단일로 - 기타,승용,남,77세,상해없음,보행자,남,60세,중상
2018100100100009,2018년 10월 1일 00시,월요일,대전광역시 유성구 궁동,중상사고,0,1,0,0,차대차 - 추돌,안전운전불이행,건조,맑음,단일로 - 기타,승용,남,25세,상해없음,사륜오토바이(ATV),남,47세,중상
2018100100100023,2018년 10월 1일 02시,월요일,대전광역시 대덕구 송촌동,부상신고사고,0,0,0,1,차대차 - 기타,안전운전불이행,젖음/습기,비,교차로 - 교차로안,승용,여,45세,상해없음,자전거,남,71세,부상신고
2018100100100157,2018년 10월 1일 09시,월요일,대전광역시 중구 문화동,경상사고,0,0,1,0,차대차 - 측면충돌,안전운전불이행,건조,맑음,교차로 - 교차로안,승용,남,45세,상해없음,승용,여,41세,경상
2018100100100158,2018년 10월 1일 09시,월요일,대전광역시 서구 괴정동,경상사고,0,0,1,0,차대차 - 추돌,안전거리미확보,건조,맑음,단일로 - 기타,승용,여,31세,상해없음,승용,여,55세,경상
2018100100100159,2018년 10월 1일 09시,월요일,대전광역시 서구 탄방동,경상사고,0,0,1,0,차대차 - 측면충돌,중앙선침범,건조,맑음,단일로 - 기타,원동기,남,31세,경상,승용,여,38세,상해없음
2018100100100160,2018년 10월 1일 09시,월요일,대전광역시 유성구 탑립동,경상사고,0,0,1,0,차대차 - 측면충돌,신호위반,건조,맑음,교차로 - 교차로안,승용,남,27세,상해없음,승용,남,40세,경상
2018100100100197,2018년 10월 1일 10시,월요일,대전광역시 대덕구 비래동,경상사고,0,0,1,0,차대차 - 기타,안전운전불이행,건조,맑음,단일로 - 기타,화물,남,26세,상해없음,승용,남,64세,경상
2018100100100217,2018년 10월 1일 11시,월요일,대전광역시 동구 성남동,중상사고,0,1,0,0,차대사람 - 차도통행중,과속,건조,맑음,단일로 - 기타,승용,남,29세,상해없음,보행자,여,73세,중상
2018100100100251,2018년 10월 1일 12시,월요일,대전광역시 중구 유천동,경상사고,0,0,1,0,차대사람 - 차도통행중,안전운전불이행,건조,맑음,주차장 - 주차장,승용,남,70세,상해없음,보행자,남,49세,경상
2018100100100252,2018년 10월 1일 12시,월요일,대전광역시 대덕구 중리동,중상사고,0,1,0,0,차대차 - 추돌,안전운전불이행,건조,맑음,단일로 - 교량,승용,여,47세,상해없음,이륜,남,24세,중상
2018100100100296,2018년 10월 1일 13시,월요일,대전광역시 서구 갈마동,경상사고,0,0,1,0,차대사람 - 길가장자리구역통행중,안전운전불이행,건조,맑음,단일로 - 기타,승용,남,74세,상해없음,보행자,여,34세,경상
2018100100100410,2018년 10월 1일 16시,월요일,대전광역시 대덕구 비래동,경상사고,0,0,1,0,차대사람 - 횡단중,보행자보호의무위반,건조,맑음,단일로 - 기타,화물,남,46세,상해없음,보행자,여,40세,경상
2018100100100411,2018년 10월 1일 16시,월요일,대전광역시 유성구 봉명동,경상사고,0,0,1,0,차대사람 - 횡단중,보행자보호의무위반,건조,맑음,단일로 - 기타,승용,남,45세,상해없음,보행자,여,74세,경상
2018100100100540,2018년 10월 1일 19시,월요일,대전광역시 동구 홍도동,경상사고,0,0,2,0,차대차 - 측면충돌,안전운전불이행,젖음/습기,흐림,단일로 - 기타,이륜,남,51세,경상,이륜,남,22세,경상
2018100100100541,2018년 10월 1일 19시,월요일,대전광역시 대덕구 문평동,경상사고,0,0,6,0,차대차 - 기타,안전운전불이행,건조,흐림,단일로 - 기타,승용,남,29세,상해없음,승용,남,28세,경상
2018100100100542,2018년 10월 1일 19시,월요일,대전광역시 서구 월평동,경상사고,0,0,1,0,차대차 - 정면충돌,신호위반,건조,맑음,교차로 - 교차로안,승용,여,62세,상해없음,승용,남,50세,경상
2018100100100605,2018년 10월 1일 22시,월요일,대전광역시 중구 대사동,경상사고,0,0,1,0,차대차 - 측면충돌,교차로운행방법위반,건조,맑음,교차로 - 교차로안,승용,남,58세,상해없음,승용,남,20세,경상
2018100100100606,2018년 10월 1일 22시,월요일,대전광역시 유성구 지족동,경상사고,0,0,2,0,차대차 - 추돌,안전운전불이행,건조,맑음,교차로 - 교차로부근,승합,남,47세,상해없음,승용,남,44세,경상
2018100200100051,2018년 10월 2일 05시,화요일,대전광역시 서구 도안동,경상사고,0,0,1,0,차량단독 - 기타,안전운전불이행,젖음/습기,흐림,교차로 - 교차로부근,이륜,남,20세,경상,,,,
2018100200100052,2018년 10월 2일 05시,화요일,대전광역시 유성구 관평동,중상사고,0,1,1,0,차대차 - 기타,신호위반,건조,맑음,교차로 - 교차로안,화물,남,63세,중상,승용,남,28세,경상
2018100200100086,2018년 10월 2일 07시,화요일,대전광역시 동구 판암동,중상사고,0,1,1,0,차대차 - 추돌,안전운전불이행,건조,맑음,단일로 - 기타,승용,여,42세,상해없음,승용,남,62세,경상
2018100200100136,2018년 10월 2일 08시,화요일,대전광역시 동구 가양동,경상사고,0,0,1,0,차대차 - 기타,안전운전불이행,건조,맑음,단일로 - 기타,자전거,남,14세,경상,승용,남,61세,상해없음
2018100200100137,2018년 10월 2일 08시,화요일,대전광역시 유성구 구성동,경상사고,0,0,2,0,차대차 - 기타,안전운전불이행,건조,맑음,단일로 - 기타,승용,남,42세,상해없음,승용,여,34세,경상
2018100200100245,2018년 10월 2일 11시,화요일,대전광역시 중구 사정동,중상사고,0,1,0,0,차대차 - 기타,안전거리미확보,건조,맑음,단일로 - 기타,승용,남,56세,상해없음,원동기,남,26세,중상
2018100200100247,2018년 10월 2일 11시,화요일,대전광역시 서구 용문동,경상사고,0,0,3,0,차대차 - 측면충돌,안전운전불이행,건조,맑음,단일로 - 기타,승용,남,32세,상해없음,승용,남,56세,경상
2018100200100248,2018년 10월 2일 11시,화요일,대전광역시 서구 둔산동,경상사고,0,0,1,0,차대차 - 추돌,안전운전불이행,건조,맑음,단일로 - 기타,승용,여,28세,상해없음,승용,여,35세,경상
2018100200100283,2018년 10월 2일 12시,화요일,대전광역시 유성구 봉산동,중상사고,0,1,3,0,차대차 - 추돌,안전운전불이행,건조,맑음,단일로 - 기타,건설기계,남,39세,경상,승용,남,50세,경상
2018100200100378,2018년 10월 2일 15시,화요일,대전광역시 서구 탄방동,경상사고,0,0,1,0,차대차 - 추돌,안전운전불이행,건조,맑음,교차로 - 교차로횡단보도내,승용,남,27세,상해없음,승용,남,60세,경상
2018100200100419,2018년 10월 2일 16시,화요일,대전광역시 중구 중촌동,경상사고,0,0,1,0,차대차 - 측면충돌,신호위반,건조,맑음,교차로 - 교차로안,승용,남,61세,상해없음,화물,남,52세,경상
2018100200100420,2018년 10월 2일 16시,화요일,대전광역시 서구 둔산동,경상사고,0,0,1,0,차대사람 - 기타,안전운전불이행,건조,맑음,단일로 - 기타,승용,여,50세,상해없음,보행자,남,31세,경상
2018100200100456,2018년 10월 2일 17시,화요일,대전광역시 서구 가장동,중상사고,0,1,0,0,차대차 - 기타,신호위반,건조,맑음,교차로 - 교차로안,승용,여,50세,상해없음,승용,여,35세,중상
2018100200100457,2018년 10월 2일 17시,화요일,대전광역시 대덕구 송촌동,경상사고,0,0,1,0,차대차 - 측면충돌,안전운전불이행,건조,맑음,단일로 - 기타,화물,남,38세,상해없음,승용,남,32세,경상
2018100200100516,2018년 10월 2일 18시,화요일,대전광역시 동구 소제동,중상사고,0,1,2,0,차대차 - 측면충돌,안전운전불이행,건조,맑음,단일로 - 기타,승용,남,79세,경상,승용,여,34세,경상
2018100200100517,2018년 10월 2일 18시,화요일,대전광역시 서구 변동,경상사고,0,0,1,0,차대차 - 측면충돌,신호위반,건조,맑음,교차로 - 교차로안,승용,남,65세,상해없음,승용,여,39세,경상
2018100200100563,2018년 10월 2일 19시,화요일,대전광역시 동구 가양동,사망사고,1,0,0,0,차대사람 - 차도통행중,과속,건조,맑음,단일로 - 기타,승용,남,49세,상해없음,보행자,여,80세,사망
2018100200100564,2018년 10월 2일 19시,화요일,대전광역시 서구 갈마동,중상사고,0,1,0,0,차대사람 - 기타,기타,건조,맑음,단일로 - 기타,승합,남,55세,상해없음,보행자,여,68세,중상
2018100200100565,2018년 10월 2일 19시,화요일,대전광역시 유성구 봉명동,경상사고,0,0,1,0,차대차 - 측면충돌,안전운전불이행,건조,맑음,교차로 - 교차로안,승용,남,33세,상해없음,원동기,남,42세,경상
2018100200100603,2018년 10월 2일 20시,화요일,대전광역시 서구 갈마동,경상사고,0,0,1,0,차대차 - 기타,안전운전불이행,건조,맑음,교차로 - 교차로안,승용,남,38세,기타불명,승용,남,46세,경상
2018100200100604,2018년 10월 2일 20시,화요일,대전광역시 유성구 관평동,경상사고,0,0,1,0,차대차 - 측면충돌,교차로운행방법위반,건조,맑음,교차로 - 교차로안,승용,여,50세,상해없음,승용,남,63세,경상
2018100200100632,2018년 10월 2일 21시,화요일,대전광역시 중구 유천동,중상사고,0,1,0,0,차대차 - 추돌,안전운전불이행,건조,맑음,교차로 - 교차로부근,승용,남,46세,상해없음,승용,남,61세,중상
2018100200100633,2018년 10월 2일 21시,화요일,대전광역시 서구 둔산동,경상사고,0,0,5,0,차대차 - 기타,안전운전불이행,건조,맑음,단일로 - 기타,승용,남,25세,상해없음,승용,남,65세,경상
2018100200100634,2018년 10월 2일 21시,화요일,대전광역시 서구 둔산동,중상사고,0,1,0,0,차대사람 - 길가장자리구역통행중,안전운전불이행,건조,맑음,단일로 - 기타,승용,여,21세,상해없음,보행자,여,19세,중상
2018100200100635,2018년 10월 2일 21시,화요일,대전광역시 서구 월평동,경상사고,0,0,2,0,차대차 - 기타,안전거리미확보,건조,맑음,단일로 - 기타,승용,여,26세,상해없음,승용,남,69세,경상
2018100200100661,2018년 10월 2일 22시,화요일,대전광역시 중구 문화동,경상사고,0,0,1,0,차대차 - 측면충돌,직진우회전진행방해,건조,맑음,교차로 - 교차로안,승용,여,51세,상해없음,이륜,남,23세,경상
2018100200100662,2018년 10월 2일 22시,화요일,대전광역시 서구 둔산동,경상사고,0,0,1,0,차대사람 - 길가장자리구역통행중,안전운전불이행,건조,맑음,단일로 - 기타,승합,남,24세,상해없음,보행자,여,24세,경상
2018100200100689,2018년 10월 2일 23시,화요일,대전광역시 유성구 송강동,경상사고,0,0,1,0,차대차 - 기타,안전거리미확보,건조,맑음,단일로 - 기타,기타불명,기타불명,미분류,기타불명,원동기,남,27세,경상
2018100300100015,2018년 10월 3일 00시,수요일,대전광역시 유성구 관평동,경상사고,0,0,1,0,차대사람 - 기타,안전운전불이행,건조,맑음,교차로 - 교차로부근,승용,남,27세,상해없음,보행자,남,47세,경상
2018100300100057,2018년 10월 3일 02시,수요일,대전광역시 유성구 봉명동,경상사고,0,0,1,0,차대차 - 추돌,안전운전불이행,건조,맑음,교차로 - 교차로부근,승용,남,57세,상해없음,승용,남,49세,경상
2018100300100073,2018년 10월 3일 03시,수요일,대전광역시 유성구 봉명동,경상사고,0,0,1,0,차대차 - 측면충돌,안전운전불이행,건조,맑음,단일로 - 기타,승용,여,33세,상해없음,승용,남,26세,경상
2018100300100112,2018년 10월 3일 06시,수요일,대전광역시 서구 가수원동,사망사고,1,0,0,0,차량단독 - 전도전복 - 전복,안전운전불이행,건조,맑음,단일로 - 기타,이륜,남,17세,사망,미분류,미분류,미분류,미분류
2018100300100166,2018년 10월 3일 09시,수요일,대전광역시 동구 중동,중상사고,0,1,0,0,차대차 - 측면충돌,신호위반,건조,맑음,교차로 - 교차로안,승용,남,29세,상해없음,승용,남,61세,중상
2018100300100241,2018년 10월 3일 12시,수요일,대전광역시 동구 인동,경상사고,0,0,1,0,차대사람 - 기타,기타,건조,맑음,단일로 - 기타,승합,남,37세,상해없음,보행자,여,78세,경상
2018100300100242,2018년 10월 3일 12시,수요일,대전광역시 유성구 화암동,경상사고,0,0,2,0,차대차 - 기타,안전운전불이행,건조,맑음,교차로 - 교차로안,화물,남,71세,상해없음,승용,여,26세,경상
2018100300100282,2018년 10월 3일 13시,수요일,대전광역시 중구 문화동,경상사고,0,0,2,0,차대차 - 추돌,안전거리미확보,건조,맑음,단일로 - 기타,승용,여,35세,상해없음,승용,여,42세,경상
2018100300100351,2018년 10월 3일 15시,수요일,대전광역시 동구 판암동,경상사고,0,0,1,0,차대사람 - 차도통행중,안전운전불이행,건조,맑음,단일로 - 기타,승용,여,55세,상해없음,보행자,여,86세,경상
2018100300100352,2018년 10월 3일 15시,수요일,대전광역시 유성구 대정동,경상사고,0,0,1,2,차대차 - 기타,안전운전불이행,건조,맑음,단일로 - 기타,원동기,남,41세,경상,승용,남,41세,상해없음
2018100300100510,2018년 10월 3일 19시,수요일,대전광역시 서구 갈마동,경상사고,0,0,1,0,차대사람 - 횡단중,보행자보호의무위반,건조,맑음,교차로 - 교차로횡단보도내,승용,남,74세,상해없음,보행자,남,64세,경상
2018100300100529,2018년 10월 3일 20시,수요일,대전광역시 유성구 관평동,중상사고,0,3,1,0,차대차 - 측면충돌,안전거리미확보,건조,맑음,단일로 - 기타,승용,여,53세,상해없음,승용,남,57세,경상
2018100300100530,2018년 10월 3일 20시,수요일,대전광역시 유성구 봉명동,경상사고,0,0,2,0,차대차 - 측면충돌,안전거리미확보,건조,맑음,단일로 - 기타,건설기계,남,55세,상해없음,승용,여,30세,경상
2018100300100546,2018년 10월 3일 21시,수요일,대전광역시 유성구 원내동,중상사고,0,3,3,0,차대차 - 기타,신호위반,건조,맑음,교차로 - 교차로안,승용,남,52세,상해없음,승합,여,57세,중상
2018100400100014,2018년 10월 4일 00시,목요일,대전광역시 서구 도마동,중상사고,0,2,0,0,차대차 - 측면충돌,안전운전불이행,건조,맑음,단일로 - 기타,승용,남,24세,상해없음,이륜,남,53세,중상