사고번호,사고일시,요일,시군구,사고내용,사망자수,중상자수,경상자수,부상신고자수,사고유형,법규위반,노면상태,기상상태,도로형태,가해운전자 차종,가해운전자 성별,가해운전자 연령,가해운전자 상해정도,피해운전자 차종,피해운전자 성별,피해운전자 연령,피해운전자 상해정도
2018100400100023,2018년 10월 4일 01시,목요일,대전광역시 동구 정동,경상사고,0,0,2,0,차대차 - 추돌,안전운전불이행,건조,맑음,교차로 - 교차로부근,승용,남,29세,상해없음,승용,남,63세,경상
2018100400100066,2018년 10월 4일 06시,목요일,대전광역시 대덕구 신일동,경상사고,0,0,3,0,차대차 - 추돌,안전운전불이행,건조,맑음,단일로 - 기타,승용,여,46세,상해없음,승용,남,26세,경상
2018100400100091,2018년 10월 4일 07시,목요일,대전광역시 대덕구 송촌동,경상사고,0,0,1,0,차대사람 - 기타,안전운전불이행,건조,맑음,교차로 - 교차로부근,승용,여,46세,상해없음,보행자,남,20세,경상
2018100400100149,2018년 10월 4일 08시,목요일,대전광역시 중구 사정동,경상사고,0,0,1,0,차대차 - 측면충돌,신호위반,건조,맑음,교차로 - 교차로안,승용,여,51세,상해없음,승용,남,43세,경상
2018100400100150,2018년 10월 4일 08시,목요일,대전광역시 대덕구 오정동,경상사고,0,0,1,1,차대차 - 측면충돌,안전운전불이행,건조,맑음,단일로 - 교량,승합,남,53세,상해없음,승용,남,68세,경상
2018100400100151,2018년 10월 4일 08시,목요일,대전광역시 서구 둔산동,경상사고,0,0,1,0,차대차 - 기타,교차로운행방법위반,건조,맑음,교차로 - 교차로안,승용,남,43세,상해없음,승용,여,51세,경상
2018100400100152,2018년 10월 4일 08시,목요일,대전광역시 서구 탄방동,경상사고,0,0,3,0,차대차 - 추돌,안전거리미확보,건조,맑음,단일로 - 기타,승용,남,65세,상해없음,승용,여,59세,경상
2018100400100193,2018년 10월 4일 09시,목요일,대전광역시 동구 신흥동,경상사고,0,0,1,0,차대차 - 측면충돌,안전거리미확보,건조,맑음,교차로 - 교차로부근,승용,남,63세,상해없음,승용,여,52세,경상
2018100400100299,2018년 10월 4일 12시,목요일,대전광역시 서구 갈마동,경상사고,0,0,2,0,차대차 - 측면충돌,안전운전불이행,건조,맑음,교차로 - 교차로안,승용,남,56세,상해없음,승용,남,32세,경상
2018100400100332,2018년 10월 4일 13시,목요일,대전광역시 서구 둔산동,부상신고사고,0,0,0,1,차대차 - 기타,직진우회전진행방해,건조,맑음,교차로 - 교차로안,승용,여,37세,상해없음,승용,남,20세,상해없음
2018100400100333,2018년 10월 4일 13시,목요일,대전광역시 유성구 봉명동,중상사고,0,1,2,0,차대차 - 기타,신호위반,건조,맑음,교차로 - 교차로안,이륜,남,27세,중상,승용,여,38세,경상
2018100400100435,2018년 10월 4일 16시,목요일,대전광역시 서구 도마동,중상사고,0,1,0,0,차대사람 - 횡단중,중앙선침범,건조,맑음,단일로 - 기타,승합,여,50세,상해없음,보행자,여,79세,중상
2018100400100482,2018년 10월 4일 17시,목요일,대전광역시 중구 유천동,경상사고,0,0,1,1,차대차 - 추돌,안전운전불이행,건조,맑음,교차로 - 교차로안,승용,남,35세,상해없음,승용,여,49세,경상
2018100400100539,2018년 10월 4일 18시,목요일,대전광역시 유성구 대정동,중상사고,0,1,0,0,차대차 - 측면충돌,안전거리미확보,건조,맑음,단일로 - 기타,승용,여,69세,상해없음,승용,여,44세,중상
2018100400100591,2018년 10월 4일 19시,목요일,대전광역시 서구 갈마동,경상사고,0,0,1,0,차대차 - 추돌,안전운전불이행,건조,맑음,단일로 - 기타,승용,남,56세,상해없음,승용,남,33세,경상
2018100400100629,2018년 10월 4일 20시,목요일,대전광역시 중구 유천동,중상사고,0,1,0,0,차대차 - 추돌,안전운전불이행,건조,맑음,교차로 - 교차로안,승용,남,50세,상해없음,이륜,남,23세,중상
2018100400100630,2018년 10월 4일 20시,목요일,대전광역시 중구 유천동,경상사고,0,0,1,0,차대차 - 측면충돌,차로위반,건조,맑음,단일로 - 기타,승용,여,60세,상해없음,특수,남,35세,경상
2018100400100666,2018년 10월 4일 21시,목요일,대전광역시 서구 둔산동,경상사고,0,0,1,0,차대차 - 기타,안전운전불이행,건조,맑음,교차로 - 교차로안,승용,여,42세,상해없음,이륜,남,23세,경상
2018100400100702,2018년 10월 4일 22시,목요일,대전광역시 유성구 장대동,중상사고,0,1,1,0,차대차 - 기타,안전운전불이행,건조,맑음,단일로 - 기타,이륜,남,48세,중상,승용,여,44세,경상
2018100400100727,2018년 10월 4일 23시,목요일,대전광역시 유성구 봉명동,경상사고,0,0,2,0,차대차 - 정면충돌,신호위반,건조,맑음,교차로 - 교차로부근,이륜,남,22세,경상,승용,남,43세,상해없음
2018100500100036,2018년 10월 5일 02시,금요일,대전광역시 유성구 전민동,중상사고,0,1,0,0,차대차 - 측면충돌,신호위반,건조,맑음,교차로 - 교차로안,승용,남,41세,상해없음,승합,남,44세,중상
2018100500100037,2018년 10월 5일 02시,금요일,대전광역시 유성구 대정동,경상사고,0,0,1,0,차대차 - 기타,안전운전불이행,젖음/습기,비,단일로 - 기타,기타불명,기타불명,미분류,기타불명,승용,남,22세,경상
2018100500100056,2018년 10월 5일 04시,금요일,대전광역시 중구 오류동,경상사고,0,0,1,0,차대차 - 측면충돌,신호위반,젖음/습기,비,교차로 - 교차로안,승용,여,42세,상해없음,승용,남,68세,경상
2018100500100070,2018년 10월 5일 05시,금요일,대전광역시 유성구 원촌동,중상사고,0,1,0,0,차대차 - 기타,불법유턴,젖음/습기,비,교차로 - 교차로안,자전거,남,58세,중상,승용,남,66세,상해없음
2018100500100085,2018년 10월 5일 06시,금요일,대전광역시 대덕구 송촌동,사망사고,1,0,0,0,차대사람 - 횡단중,안전운전불이행,젖음/습기,비,단일로 - 기타,화물,남,59세,상해없음,보행자,여,90세 이상,사망
2018100500100157,2018년 10월 5일 08시,금요일,대전광역시 서구 만년동,경상사고,0,0,1,0,차량단독 - 기타,안전운전불이행,젖음/습기,비,단일로 - 기타,승합,남,59세,상해없음,,,,
2018100500100158,2018년 10월 5일 08시,금요일,대전광역시 유성구 죽동,경상사고,0,0,1,0,차대차 - 기타,신호위반,적설,비,교차로 - 교차로안,승용,남,43세,경상,승용,여,49세,상해없음
2018100500100198,2018년 10월 5일 09시,금요일,대전광역시 동구 가양동,경상사고,0,0,2,0,차대차 - 측면충돌,교차로운행방법위반,건조,맑음,교차로 - 교차로안,승용,남,31세,경상,화물,남,34세,경상
2018100500100199,2018년 10월 5일 09시,금요일,대전광역시 동구 용전동,경상사고,0,0,2,0,차대차 - 측면충돌,안전운전불이행,젖음/습기,비,교차로 - 교차로안,화물,남,44세,경상,승용,여,54세,경상
2018100500100264,2018년 10월 5일 11시,금요일,대전광역시 서구 만년동,경상사고,0,0,3,0,차대차 - 기타,안전운전불이행,젖음/습기,비,단일로 - 기타,승합,남,47세,상해없음,승용,여,33세,경상
2018100500100265,2018년 10월 5일 11시,금요일,대전광역시 서구 둔산동,경상사고,0,0,1,0,차대사람 - 기타,안전운전불이행,젖음/습기,비,교차로 - 교차로횡단보도내,기타불명,기타불명,미분류,기타불명,보행자,여,17세,경상
2018100500100298,2018년 10월 5일 12시,금요일,대전광역시 서구 둔산동,경상사고,0,0,2,0,차대차 - 기타,안전운전불이행,젖음/습기,비,단일로 - 기타,승합,남,53세,상해없음,승용,남,33세,경상
2018100500100337,2018년 10월 5일 13시,금요일,대전광역시 중구 유천동,경상사고,0,0,1,0,차대사람 - 차도통행중,안전운전불이행,젖음/습기,비,단일로 - 기타,승용,여,52세,상해없음,보행자,남,19세,경상
2018100500100338,2018년 10월 5일 13시,금요일,대전광역시 중구 용두동,경상사고,0,0,4,0,차대차 - 기타,중앙선침범,젖음/습기,비,단일로 - 기타,승용,남,64세,상해없음,승용,여,55세,경상
2018100500100383,2018년 10월 5일 14시,금요일,대전광역시 중구 산성동,경상사고,0,0,3,0,차대차 - 추돌,안전운전불이행,젖음/습기,비,교차로 - 교차로부근,승합,남,57세,상해없음,승용,여,60세,경상
2018100500100384,2018년 10월 5일 14시,금요일,대전광역시 서구 월평동,경상사고,0,0,1,0,차대차 - 추돌,안전거리미확보,젖음/습기,흐림,교차로 - 교차로부근,화물,남,35세,상해없음,승용,여,59세,경상
2018100500100385,2018년 10월 5일 14시,금요일,대전광역시 유성구 노은동,경상사고,0,0,1,0,차대차 - 기타,신호위반,젖음/습기,비,교차로 - 교차로안,승용,남,48세,상해없음,승용,여,40세,경상
2018100500100435,2018년 10월 5일 15시,금요일,대전광역시 서구 탄방동,중상사고,0,1,0,0,차대차 - 기타,안전운전불이행,젖음/습기,비,단일로 - 기타,특수,남,37세,상해없음,승용,남,61세,중상
2018100500100472,2018년 10월 5일 16시,금요일,대전광역시 중구 유천동,중상사고,0,1,0,0,차대사람 - 횡단중,신호위반,건조,맑음,교차로 - 교차로횡단보도내,승용,여,40세,상해없음,보행자,여,9세,중상
2018100500100525,2018년 10월 5일 17시,금요일,대전광역시 동구 가양동,경상사고,0,0,1,0,차대차 - 측면충돌,안전운전불이행,건조,맑음,교차로 - 교차로안,승용,남,48세,상해없음,승용,남,66세,경상
2018100500100527,2018년 10월 5일 17시,금요일,대전광역시 대덕구 오정동,경상사고,0,0,1,0,차대차 - 기타,안전운전불이행,젖음/습기,비,단일로 - 기타,화물,남,70세,상해없음,승용,여,63세,경상
2018100500100608,2018년 10월 5일 18시,금요일,대전광역시 중구 선화동,경상사고,0,0,1,0,차대사람 - 기타,신호위반,젖음/습기,비,교차로 - 교차로안,승용,남,45세,상해없음,보행자,남,47세,경상
2018100500100609,2018년 10월 5일 18시,금요일,대전광역시 동구 가양동,경상사고,0,0,1,0,차대차 - 측면충돌,안전운전불이행,젖음/습기,비,교차로 - 교차로횡단보도내,승용,남,41세,상해없음,자전거,남,7세,경상
2018100500100610,2018년 10월 5일 18시,금요일,대전광역시 대덕구 오정동,부상신고사고,0,0,0,1,차대차 - 추돌,안전운전불이행,젖음/습기,비,단일로 - 기타,승용,여,55세,상해없음,승용,여,40세,상해없음
2018100500100611,2018년 10월 5일 18시,금요일,대전광역시 서구 탄방동,경상사고,0,0,1,0,차대사람 - 횡단중,안전운전불이행,젖음/습기,비,교차로 - 교차로안,승용,남,54세,상해없음,보행자,여,22세,경상
2018100500100612,2018년 10월 5일 18시,금요일,대전광역시 유성구 관평동,중상사고,0,1,2,0,차대차 - 측면충돌,교차로운행방법위반,젖음/습기,비,교차로 - 교차로안,승용,남,45세,경상,이륜,남,52세,중상
2018100500100687,2018년 10월 5일 19시,금요일,대전광역시 서구 관저동,경상사고,0,0,1,0,차대사람 - 횡단중,신호위반,젖음/습기,비,교차로 - 교차로부근,이륜,남,37세,상해없음,보행자,남,12세,경상
2018100500100688,2018년 10월 5일 19시,금요일,대전광역시 대덕구 대화동,중상사고,0,1,0,0,차대사람 - 차도통행중,안전운전불이행,젖음/습기,비,단일로 - 기타,승용,남,63세,상해없음,보행자,여,83세,중상
2018100500100689,2018년 10월 5일 19시,금요일,대전광역시 서구 둔산동,경상사고,0,0,1,0,차대차 - 기타,신호위반,젖음/습기,비,교차로 - 교차로안,승합,여,66세,상해없음,승용,여,47세,경상
2018100500100690,2018년 10월 5일 19시,금요일,대전광역시 유성구 장대동,경상사고,0,0,4,0,차대차 - 추돌,안전운전불이행,젖음/습기,비,단일로 - 기타,승합,남,54세,상해없음,승용,남,34세,경상
2018100500100742,2018년 10월 5일 20시,금요일,대전광역시 동구 가양동,경상사고,0,0,1,0,차대차 - 추돌,안전운전불이행,젖음/습기,비,단일로 - 기타,승합,남,42세,상해없음,승합,남,48세,경상
2018100500100743,2018년 10월 5일 20시,금요일,대전광역시 서구 관저동,경상사고,0,0,1,0,차대차 - 추돌,안전운전불이행,젖음/습기,비,교차로 - 교차로안,승용,여,55세,상해없음,이륜,남,58세,경상
2018100500100744,2018년 10월 5일 20시,금요일,대전광역시 대덕구 신대동,경상사고,0,0,4,0,차대차 - 추돌,안전운전불이행,젖음/습기,비,단일로 - 기타,화물,남,61세,상해없음,화물,남,36세,경상
2018100500100782,2018년 10월 5일 21시,금요일,대전광역시 동구 자양동,중상사고,0,1,0,0,차대차 - 기타,중앙선침범,젖음/습기,비,교차로 - 교차로안,이륜,남,23세,상해없음,이륜,남,23세,중상
2018100500100783,2018년 10월 5일 21시,금요일,대전광역시 대덕구 오정동,경상사고,0,0,1,0,차대차 - 추돌,신호위반,젖음/습기,비,교차로 - 교차로안,승용,남,62세,상해없음,화물,남,35세,경상
2018100500100784,2018년 10월 5일 21시,금요일,대전광역시 서구 탄방동,중상사고,0,1,0,0,차대사람 - 횡단중,보행자보호의무위반,젖음/습기,비,교차로 - 교차로횡단보도내,승용,여,48세,상해없음,보행자,여,52세,중상
2018100500100872,2018년 10월 5일 23시,금요일,대전광역시 서구 괴정동,경상사고,0,0,1,0,차대사람 - 횡단중,신호위반,젖음/습기,비,교차로 - 교차로횡단보도내,이륜,남,18세,상해없음,보행자,남,25세,경상
2018100600100024,2018년 10월 6일 00시,토요일,대전광역시 서구 둔산동,중상사고,0,1,0,0,차대차 - 기타,안전운전불이행,젖음/습기,비,단일로 - 기타,승용,남,59세,상해없음,승용,여,42세,중상
2018100600100025,2018년 10월 6일 00시,토요일,대전광역시 서구 탄방동,경상사고,0,0,1,0,차대차 - 측면충돌,신호위반,젖음/습기,비,교차로 - 교차로안,승용,여,56세,상해없음,승용,남,29세,경상
2018100600100026,2018년 10월 6일 00시,토요일,대전광역시 유성구 장대동,경상사고,0,0,3,0,차대차 - 추돌,안전운전불이행,젖음/습기,비,교차로 - 교차로부근,승용,남,49세,상해없음,승용,남,31세,경상
2018100600100066,2018년 10월 6일 01시,토요일,대전광역시 동구 신흥동,경상사고,0,0,1,0,차대차 - 추돌,안전운전불이행,젖음/습기,비,교차로 - 교차로부근,승용,남,42세,상해없음,승용,남,28세,경상
2018100600100067,2018년 10월 6일 01시,토요일,대전광역시 유성구 전민동,경상사고,0,0,1,0,차대사람 - 횡단중,신호위반,젖음/습기,비,교차로 - 교차로횡단보도내,승용,남,68세,상해없음,보행자,남,45세,경상
2018100600100101,2018년 10월 6일 02시,토요일,대전광역시 유성구 노은동,경상사고,0,0,1,0,차대차 - 추돌,안전운전불이행,젖음/습기,비,교차로 - 교차로부근,승용,남,32세,상해없음,승용,남,43세,경상
2018100600100102,2018년 10월 6일 02시,토요일,대전광역시 유성구 궁동,경상사고,0,0,1,0,차대차 - 측면충돌,안전운전불이행,젖음/습기,비,교차로 - 교차로안,승용,남,35세,상해없음,승용,남,45세,경상
2018100600100170,2018년 10월 6일 05시,토요일,대전광역시 중구 대흥동,경상사고,0,0,1,0,차대사람 - 기타,안전운전불이행,젖음/습기,비,단일로 - 기타,승용,남,27세,상해없음,보행자,남,26세,경상
2018100600100195,2018년 10월 6일 07시,토요일,대전광역시 동구 삼성동,중상사고,0,1,0,0,차대사람 - 기타,안전운전불이행,젖음/습기,비,교차로 - 교차로안,승용,여,28세,상해없음,보행자,남,57세,중상
2018100600100339,2018년 10월 6일 12시,토요일,대전광역시 동구 성남동,경상사고,0,0,1,0,차대차 - 측면충돌,신호위반,젖음/습기,비,교차로 - 교차로안,화물,남,54세,상해없음,이륜,남,31세,경상
2018100600100399,2018년 10월 6일 14시,토요일,대전광역시 중구 오류동,경상사고,0,0,3,0,차대차 - 추돌,기타,건조,흐림,단일로 - 고가도로위,승용,남,25세,상해없음,승용,남,62세,경상
2018100600100432,2018년 10월 6일 15시,토요일,대전광역시 동구 신흥동,경상사고,0,0,1,0,차대차 - 측면충돌,안전운전불이행,건조,맑음,단일로 - 기타,이륜,남,21세,경상,승용,남,63세,상해없음
2018100600100489,2018년 10월 6일 17시,토요일,대전광역시 동구 중동,경상사고,0,0,2,0,차대차 - 추돌,안전거리미확보,건조,맑음,단일로 - 기타,승용,남,66세,상해없음,승용,남,29세,경상
2018100600100490,2018년 10월 6일 17시,토요일,대전광역시 유성구 전민동,중상사고,0,1,0,0,차대사람 - 기타,신호위반,건조,맑음,교차로 - 교차로부근,승용,여,57세,상해없음,보행자,여,62세,중상
2018100600100558,2018년 10월 6일 19시,토요일,대전광역시 중구 안영동,경상사고,0,0,1,0,차대사람 - 기타,안전운전불이행,건조,맑음,단일로 - 기타,승합,남,50세,상해없음,보행자,남,28세,경상
2018100600100559,2018년 10월 6일 19시,토요일,대전광역시 서구 도마동,경상사고,0,0,1,0,차대사람 - 횡단중,보행자보호의무위반,건조,맑음,교차로 - 교차로횡단보도내,기타불명,기타불명,미분류,기타불명,보행자,남,69세,경상
2018100600100560,2018년 10월 6일 19시,토요일,대전광역시 유성구 노은동,경상사고,0,0,1,0,차대차 - 기타,신호위반,건조,맑음,교차로 - 교차로안,승용,남,19세,상해없음,승용,남,53세,경상
2018100600100594,2018년 10월 6일 20시,토요일,대전광역시 서구 괴정동,경상사고,0,0,1,0,차대사람 - 횡단중,안전운전불이행,건조,맑음,교차로 - 교차로안,승용,여,51세,상해없음,보행자,남,47세,경상
2018100600100657,2018년 10월 6일 23시,토요일,대전광역시 동구 용운동,경상사고,0,0,1,0,차대차 - 추돌,안전운전불이행,건조,흐림,단일로 - 기타,기타불명,기타불명,미분류,기타불명,승용,남,59세,경상
2018100700100020,2018년 10월 7일 00시,일요일,대전광역시 동구 판암동,중상사고,0,3,0,0,차대차 - 정면충돌,중앙선침범,건조,맑음,단일로 - 기타,승용,남,59세,상해없음,승용,남,72세,중상
2018100700100021,2018년 10월 7일 00시,일요일,대전광역시 서구 괴정동,경상사고,0,0,1,0,차대차 - 후진중충돌,안전운전불이행,건조,맑음,단일로 - 기타,승용,남,59세,상해없음,이륜,남,40세,경상
2018100700100033,2018년 10월 7일 01시,일요일,대전광역시 서구 탄방동,경상사고,0,0,2,0,차대차 - 기타,신호위반,건조,맑음,교차로 - 교차로안,이륜,남,22세,상해없음,승용,남,65세,경상
2018100700100034,2018년 10월 7일 01시,일요일,대전광역시 유성구 봉명동,경상사고,0,0,2,0,차대차 - 기타,안전운전불이행,건조,맑음,단일로 - 기타,승용,남,29세,상해없음,승용,남,23세,경상
2018100700100116,2018년 10월 7일 07시,일요일,대전광역시 유성구 방동,사망사고,1,0,0,0,차량단독 - 기타,안전운전불이행,건조,맑음,단일로 - 기타,승용,남,29세,사망,,,,
2018100700100130,2018년 10월 7일 08시,일요일,대전광역시 동구 중동,경상사고,0,0,2,0,차대차 - 측면충돌,신호위반,건조,맑음,교차로 - 교차로안,승용,남,53세,기타불명,승용,남,62세,경상
2018100700100131,2018년 10월 7일 08시,일요일,대전광역시 동구 가양동,경상사고,0,0,2,0,차대차 - 기타,교차로운행방법위반,건조,맑음,교차로 - 교차로안,승용,남,26세,경상,화물,남,58세,경상
2018100700100206,2018년 10월 7일 11시,일요일,대전광역시 대덕구 중리동,중상사고,0,1,0,0,차대사람 - 기타,안전운전불이행,건조,맑음,교차로 - 교차로안,승용,남,69세,상해없음,보행자,남,76세,중상
2018100700100234,2018년 10월 7일 12시,일요일,대전광역시 동구 중동,경상사고,0,0,1,0,차대사람 - 기타,안전운전불이행,건조,맑음,교차로 - 교차로안,승용,여,31세,상해없음,보행자,여,20세,경상
2018100700100235,2018년 10월 7일 12시,일요일,대전광역시 대덕구 오정동,경상사고,0,0,1,0,차대차 - 기타,안전운전불이행,건조,맑음,교차로 - 교차로안,승용,남,62세,상해없음,승용,남,59세,경상
2018100700100294,2018년 10월 7일 14시,일요일,대전광역시 서구 탄방동,중상사고,0,3,0,0,차대차 - 측면충돌,안전운전불이행,건조,맑음,교차로 - 교차로부근,승용,남,49세,상해없음,승용,여,52세,중상
2018100700100354,2018년 10월 7일 16시,일요일,대전광역시 동구 비룡동,경상사고,0,0,4,0,차대차 - 추돌,안전운전불이행,건조,맑음,기타 - 기타,승용,남,29세,상해없음,승합,남,45세,경상
2018100700100369,2018년 10월 7일 16시,일요일,대전광역시 동구 하소동,중상사고,0,1,6,0,차대차 - 정면충돌,중앙선침범,건조,맑음,단일로 - 기타,승용,여,37세,경상,승합,남,43세,경상
2018100700100370,2018년 10월 7일 16시,일요일,대전광역시 유성구 봉명동,중상사고,0,1,0,0,차대차 - 측면충돌,교차로운행방법위반,건조,맑음,교차로 - 교차로안,승용,남,59세,상해없음,이륜,남,57세,중상
2018100700100404,2018년 10월 7일 17시,일요일,대전광역시 유성구 상대동,중상사고,0,1,0,0,차대차 - 기타,안전운전불이행,건조,맑음,단일로 - 기타,승용,남,61세,상해없음,자전거,남,51세,중상
2018100700100444,2018년 10월 7일 18시,일요일,대전광역시 중구 태평동,중상사고,0,1,0,0,차대사람 - 횡단중,신호위반,건조,맑음,교차로 - 교차로횡단보도내,승용,남,34세,상해없음,보행자,남,11세,중상
2018100700100487,2018년 10월 7일 19시,일요일,대전광역시 동구 자양동,경상사고,0,0,1,0,차대차 - 측면충돌,교차로운행방법위반,건조,맑음,교차로 - 교차로안,이륜,남,23세,경상,승용,남,24세,상해없음
2018100700100488,2018년 10월 7일 19시,일요일,대전광역시 유성구 노은동,경상사고,0,0,2,0,차대차 - 기타,신호위반,건조,맑음,교차로 - 교차로안,승용,남,49세,상해없음,승용,여,23세,경상
2018100700100489,2018년 10월 7일 19시,일요일,대전광역시 유성구 구암동,경상사고,0,0,1,0,차대차 - 기타,안전운전불이행,건조,맑음,교차로 - 교차로안,승용,남,30세,상해없음,승용,남,46세,상해없음
2018100700100515,2018년 10월 7일 20시,일요일,대전광역시 중구 유천동,경상사고,0,0,5,0,차대차 - 측면충돌,신호위반,건조,맑음,교차로 - 교차로안,승용,남,64세,상해없음,승용,남,22세,경상
2018100700100516,2018년 10월 7일 20시,일요일,대전광역시 동구 가오동,중상사고,0,1,0,0,차대사람 - 횡단중,안전운전불이행,건조,맑음,교차로 - 교차로부근,승용,남,54세,상해없음,보행자,남,53세,중상
2018100700100517,2018년 10월 7일 20시,일요일,대전광역시 동구 인동,중상사고,0,1,0,0,차대차 - 정면충돌,신호위반,건조,맑음,교차로 - 교차로안,승용,여,60세,상해없음,승용,남,66세,중상
2018100700100542,2018년 10월 7일 21시,일요일,대전광역시 동구 삼성동,경상사고,0,0,2,0,차대차 - 추돌,안전거리미확보,건조,맑음,단일로 - 기타,승용,여,50세,상해없음,승용,여,36세,경상
2018100700100565,2018년 10월 7일 22시,일요일,대전광역시 서구 가수원동,경상사고,0,0,2,0,차대차 - 기타,신호위반,건조,맑음,교차로 - 교차로안,승용,남,44세,상해없음,승용,여,26세,경상
2018100800100016,2018년 10월 8일 01시,월요일,대전광역시 동구 용전동,경상사고,0,0,1,0,차대차 - 추돌,안전운전불이행,건조,맑음,단일로 - 기타,승용,남,27세,상해없음,승용,남,30세,경상
2018100800100026,2018년 10월 8일 03시,월요일,대전광역시 서구 갈마동,경상사고,0,0,1,0,차대차 - 기타,안전운전불이행,건조,맑음,교차로 - 교차로부근,승용,남,21세,상해없음,승용,남,29세,경상
2018100800100074,2018년 10월 8일 07시,월요일,대전광역시 동구 대동,경상사고,0,0,2,0,차대차 - 측면충돌,교차로운행방법위반,건조,맑음,교차로 - 교차로안,승용,남,27세,상해없음,화물,남,64세,경상
2018100800100153,2018년 10월 8일 09시,월요일,대전광역시 중구 중촌동,경상사고,0,0,1,0,차대차 - 측면충돌,안전거리미확보,건조,맑음,교차로 - 교차로안,자전거,여,62세,상해없음,자전거,남,73세,경상
2018100800100154,2018년 10월 8일 09시,월요일,대전광역시 대덕구 오정동,경상사고,0,0,1,0,차대차 - 기타,신호위반,건조,맑음,단일로 - 기타,승용,남,38세,상해없음,승합,남,59세,상해없음
2018100800100155,2018년 10월 8일 09시,월요일,대전광역시 유성구 갑동,경상사고,0,0,2,0,차대차 - 추돌,안전운전불이행,건조,맑음,교차로 - 교차로부근,승용,남,53세,상해없음,승용,남,55세,경상
2018100800100196,2018년 10월 8일 10시,월요일,대전광역시 서구 괴곡동,중상사고,0,1,0,0,차대차 - 추돌,안전운전불이행,건조,맑음,단일로 - 기타,승용,남,42세,상해없음,자전거,남,52세,중상
2018100800100197,2018년 10월 8일 10시,월요일,대전광역시 유성구 교촌동,중상사고,0,1,0,0,차대차 - 측면충돌,안전거리미확보,건조,맑음,단일로 - 기타,특수,남,34세,상해없음,농기계,남,77세,중상
2018100800100237,2018년 10월 8일 11시,월요일,대전광역시 대덕구 오정동,중상사고,0,1,0,0,차대차 - 기타,안전운전불이행,건조,맑음,교차로 - 교차로안,화물,남,52세,상해없음,이륜,남,53세,중상
2018100800100269,2018년 10월 8일 12시,월요일,대전광역시 서구 내동,중상사고,0,1,0,0,차대사람 - 기타,안전운전불이행,건조,맑음,교차로 - 교차로안,승합,남,48세,상해없음,보행자,남,82세,중상
2018100800100338,2018년 10월 8일 14시,월요일,대전광역시 동구 용전동,경상사고,0,0,1,0,차량단독 - 기타,안전운전불이행,건조,맑음,단일로 - 기타,승합,남,57세,상해없음,,,,
2018100800100339,2018년 10월 8일 14시,월요일,대전광역시 유성구 금고동,경상사고,0,0,1,0,차대차 - 측면충돌,안전거리미확보,건조,맑음,단일로 - 기타,승용,남,28세,상해없음,승용,남,41세,경상
2018100800100421,2018년 10월 8일 16시,월요일,대전광역시 동구 성남동,중상사고,0,1,0,0,차대차 - 측면충돌,교차로운행방법위반,건조,맑음,교차로 - 교차로안,승용,남,37세,상해없음,이륜,여,40세,중상
2018100800100470,2018년 10월 8일 17시,월요일,대전광역시 동구 삼성동,중상사고,0,1,0,0,차대차 - 기타,안전운전불이행,건조,맑음,단일로 - 기타,승합,남,63세,상해없음,자전거,여,58세,중상
2018100800100471,2018년 10월 8일 17시,월요일,대전광역시 대덕구 대화동,경상사고,0,0,1,0,차대차 - 추돌,안전운전불이행,건조,맑음,단일로 - 기타,화물,남,51세,상해없음,승용,남,59세,경상
2018100800100472,2018년 10월 8일 17시,월요일,대전광역시 유성구 용계동,경상사고,0,0,1,0,차대차 - 측면충돌,중앙선침범,건조,맑음,교차로 - 교차로부근,승용,남,58세,상해없음,승용,여,34세,경상
2018100800100520,2018년 10월 8일 18시,월요일,대전광역시 중구 용두동,경상사고,0,0,2,0,차대차 - 측면충돌,교차로운행방법위반,건조,맑음,교차로 - 교차로안,승용,여,55세,상해없음,승용,남,62세,상해없음
2018100800100521,2018년 10월 8일 18시,월요일,대전광역시 중구 대흥동,경상사고,0,0,1,0,차량단독 - 기타,기타,건조,맑음,단일로 - 기타,승합,남,53세,상해없음,,,,
2018100800100522,2018년 10월 8일 18시,월요일,대전광역시 서구 갈마동,경상사고,0,0,1,0,차대차 - 기타,안전거리미확보,건조,맑음,단일로 - 기타,승용,남,29세,상해없음,승합,남,37세,경상
2018100800100555,2018년 10월 8일 19시,월요일,대전광역시 유성구 궁동,경상사고,0,0,1,0,차대사람 - 길가장자리구역통행중,안전운전불이행,건조,맑음,단일로 - 기타,승용,남,22세,상해없음,보행자,남,24세,경상
2018100800100589,2018년 10월 8일 20시,월요일,대전광역시 유성구 지족동,중상사고,0,1,0,0,차대차 - 기타,교차로운행방법위반,건조,맑음,교차로 - 교차로안,승용,남,26세,상해없음,자전거,여,28세,중상
2018100800100615,2018년 10월 8일 21시,월요일,대전광역시 중구 옥계동,경상사고,0,0,1,0,차대사람 - 횡단중,안전운전불이행,건조,맑음,교차로 - 교차로안,승용,남,53세,상해없음,보행자,남,47세,경상
2018100800100638,2018년 10월 8일 22시,월요일,대전광역시 동구 가양동,경상사고,0,0,1,0,차대차 - 측면충돌,안전운전불이행,건조,맑음,교차로 - 교차로안,화물,남,51세,상해없음,이륜,남,22세,경상
2018100800100639,2018년 10월 8일 22시,월요일,대전광역시 서구 둔산동,경상사고,0,0,1,0,차대사람 - 차도통행중,안전운전불이행,건조,맑음,교차로 - 교차로안,승용,남,46세,상해없음,보행자,여,19세,경상