사고번호,사고일시,요일,시군구,사고내용,사망자수,중상자수,경상자수,부상신고자수,사고유형,법규위반,노면상태,기상상태,도로형태,가해운전자 차종,가해운전자 성별,가해운전자 연령,가해운전자 상해정도,피해운전자 차종,피해운전자 성별,피해운전자 연령,피해운전자 상해정도
2018101500100227,2018년 10월 15일 12시,월요일,대전광역시 대덕구 오정동,경상사고,0,0,2,0,차대차 - 추돌,안전운전불이행,건조,맑음,단일로 - 기타,승용,여,59세,상해없음,이륜,남,58세,경상
2018101500100253,2018년 10월 15일 13시,월요일,대전광역시 중구 태평동,경상사고,0,0,3,0,차대차 - 측면충돌,안전운전불이행,건조,맑음,교차로 - 교차로안,승용,남,43세,상해없음,승용,남,56세,경상
2018101500100254,2018년 10월 15일 13시,월요일,대전광역시 유성구 지족동,경상사고,0,0,2,0,차대차 - 기타,신호위반,건조,맑음,교차로 - 교차로안,승용,여,56세,경상,승용,남,27세,경상
2018101500100331,2018년 10월 15일 15시,월요일,대전광역시 동구 가양동,경상사고,0,0,2,0,차대차 - 측면충돌,교차로운행방법위반,건조,맑음,교차로 - 교차로안,승용,여,53세,상해없음,화물,남,58세,경상
2018101500100368,2018년 10월 15일 16시,월요일,대전광역시 중구 용두동,경상사고,0,0,1,0,차대사람 - 횡단중,보행자보호의무위반,건조,맑음,단일로 - 기타,승용,여,44세,상해없음,보행자,남,67세,경상
2018101500100369,2018년 10월 15일 16시,월요일,대전광역시 유성구 봉명동,중상사고,0,1,0,0,차대차 - 기타,안전운전불이행,건조,맑음,단일로 - 기타,승용,남,41세,상해없음,원동기,여,63세,중상
2018101500100400,2018년 10월 15일 17시,월요일,대전광역시 동구 홍도동,중상사고,0,1,0,0,차대차 - 기타,안전운전불이행,건조,맑음,교차로 - 교차로안,승용,여,54세,상해없음,원동기,남,33세,중상
2018101500100401,2018년 10월 15일 17시,월요일,대전광역시 대덕구 덕암동,경상사고,0,0,3,0,차대차 - 측면충돌,교차로운행방법위반,건조,맑음,교차로 - 교차로안,특수,남,58세,상해없음,승용,여,46세,경상
2018101500100402,2018년 10월 15일 17시,월요일,대전광역시 서구 둔산동,경상사고,0,0,3,0,차대차 - 추돌,안전거리미확보,건조,맑음,교차로 - 교차로안,승용,남,77세,상해없음,승용,여,38세,경상
2018101500100403,2018년 10월 15일 17시,월요일,대전광역시 서구 둔산동,경상사고,0,0,3,0,차대차 - 측면충돌,안전운전불이행,건조,맑음,교차로 - 교차로안,기타불명,기타불명,미분류,기타불명,승용,여,48세,경상
2018101500100454,2018년 10월 15일 18시,월요일,대전광역시 중구 사정동,중상사고,0,1,0,0,차대차 - 측면충돌,안전운전불이행,건조,맑음,교차로 - 교차로안,승용,남,64세,상해없음,이륜,남,55세,중상
2018101500100455,2018년 10월 15일 18시,월요일,대전광역시 대덕구 중리동,경상사고,0,0,1,0,차대사람 - 보도통행중,신호위반,건조,맑음,교차로 - 교차로횡단보도내,승용,남,71세,상해없음,보행자,남,59세,경상
2018101500100503,2018년 10월 15일 19시,월요일,대전광역시 동구 용전동,경상사고,0,0,2,0,차대차 - 기타,교차로운행방법위반,건조,맑음,교차로 - 교차로안,승용,남,52세,경상,원동기,남,48세,경상
2018101500100504,2018년 10월 15일 19시,월요일,대전광역시 서구 탄방동,경상사고,0,0,1,1,차대차 - 추돌,안전거리미확보,건조,맑음,교차로 - 교차로안,승용,남,66세,상해없음,승용,남,32세,경상
2018101500100558,2018년 10월 15일 21시,월요일,대전광역시 유성구 덕명동,경상사고,0,0,5,0,차대차 - 측면충돌,교차로운행방법위반,건조,맑음,교차로 - 교차로안,승용,여,54세,경상,승용,여,29세,경상
2018101500100576,2018년 10월 15일 22시,월요일,대전광역시 중구 용두동,중상사고,0,1,0,0,차대차 - 측면충돌,불법유턴,건조,맑음,교차로 - 교차로횡단보도내,자전거,여,57세,중상,승합,남,53세,상해없음
2018101500100577,2018년 10월 15일 22시,월요일,대전광역시 동구 용전동,경상사고,0,0,2,0,차대차 - 기타,안전거리미확보,건조,맑음,단일로 - 기타,승용,남,58세,상해없음,승용,남,25세,경상
2018101500100578,2018년 10월 15일 22시,월요일,대전광역시 서구 둔산동,경상사고,0,0,1,0,차대차 - 정면충돌,안전운전불이행,건조,맑음,교차로 - 교차로안,승용,남,48세,상해없음,자전거,남,49세,경상
2018101600100022,2018년 10월 16일 01시,화요일,대전광역시 동구 판암동,경상사고,0,0,1,0,차대차 - 기타,신호위반,건조,맑음,교차로 - 교차로안,원동기,남,50세,상해없음,승용,남,37세,경상
2018101600100032,2018년 10월 16일 02시,화요일,대전광역시 중구 유천동,부상신고사고,0,0,0,3,차대차 - 기타,안전운전불이행,건조,맑음,주차장 - 주차장,승용,남,33세,상해없음,승합,여,26세,부상신고
2018101600100046,2018년 10월 16일 04시,화요일,대전광역시 대덕구 법동,경상사고,0,0,1,0,차대차 - 측면충돌,안전운전불이행,건조,맑음,단일로 - 기타,승용,남,59세,상해없음,자전거,남,54세,경상
2018101600100078,2018년 10월 16일 07시,화요일,대전광역시 대덕구 석봉동,경상사고,0,0,1,0,차대차 - 측면충돌,신호위반,건조,맑음,교차로 - 교차로안,승용,남,51세,상해없음,화물,남,44세,경상
2018101600100109,2018년 10월 16일 08시,화요일,대전광역시 동구 홍도동,중상사고,0,1,0,0,차대사람 - 기타,안전운전불이행,건조,맑음,단일로 - 기타,승용,여,46세,상해없음,보행자,여,75세,중상
2018101600100110,2018년 10월 16일 08시,화요일,대전광역시 서구 둔산동,경상사고,0,0,2,0,차대차 - 기타,안전운전불이행,건조,맑음,단일로 - 기타,승용,여,40세,상해없음,승합,남,45세,경상
2018101600100111,2018년 10월 16일 08시,화요일,대전광역시 서구 둔산동,경상사고,0,0,1,0,차대차 - 정면충돌,중앙선침범,건조,맑음,교차로 - 교차로부근,승용,남,23세,상해없음,화물,남,43세,경상
2018101600100112,2018년 10월 16일 08시,화요일,대전광역시 서구 월평동,경상사고,0,0,1,0,차대차 - 기타,안전거리미확보,건조,맑음,교차로 - 교차로부근,승용,남,74세,상해없음,이륜,남,42세,경상
2018101600100113,2018년 10월 16일 08시,화요일,대전광역시 유성구 장대동,경상사고,0,0,1,0,차대차 - 측면충돌,안전운전불이행,건조,맑음,교차로 - 교차로안,특수,남,33세,상해없음,승용,남,42세,경상
2018101600100142,2018년 10월 16일 09시,화요일,대전광역시 유성구 장대동,경상사고,0,0,1,0,차대차 - 측면충돌,안전운전불이행,건조,맑음,단일로 - 기타,승용,남,48세,상해없음,승합,남,66세,경상
2018101600100143,2018년 10월 16일 09시,화요일,대전광역시 유성구 구암동,경상사고,0,0,2,0,차대차 - 기타,안전운전불이행,건조,맑음,단일로 - 기타,승용,여,57세,경상,승용,남,71세,경상
2018101600100203,2018년 10월 16일 11시,화요일,대전광역시 중구 산성동,중상사고,0,1,0,0,차대사람 - 기타,안전운전불이행,건조,맑음,단일로 - 기타,승용,여,61세,상해없음,보행자,여,61세,중상
2018101600100241,2018년 10월 16일 12시,화요일,대전광역시 유성구 지족동,경상사고,0,0,1,0,차량단독 - 전도전복 - 전도,안전운전불이행,건조,맑음,교차로 - 교차로부근,이륜,남,45세,경상,미분류,미분류,미분류,미분류
2018101600100333,2018년 10월 16일 15시,화요일,대전광역시 중구 대흥동,경상사고,0,0,2,0,차대차 - 측면충돌,안전운전불이행,건조,맑음,교차로 - 교차로안,승용,남,71세,상해없음,승용,남,71세,경상
2018101600100334,2018년 10월 16일 15시,화요일,대전광역시 동구 가양동,중상사고,0,1,0,0,차대차 - 추돌,안전거리미확보,건조,맑음,단일로 - 기타,화물,남,73세,상해없음,이륜,남,66세,중상
2018101600100377,2018년 10월 16일 16시,화요일,대전광역시 동구 판암동,중상사고,0,1,1,0,차대차 - 추돌,안전거리미확보,건조,맑음,단일로 - 기타,화물,남,45세,상해없음,승용,남,33세,중상
2018101600100378,2018년 10월 16일 16시,화요일,대전광역시 서구 내동,경상사고,0,0,1,0,차대차 - 추돌,안전운전불이행,건조,맑음,교차로 - 교차로부근,승용,여,37세,상해없음,승용,여,31세,경상
2018101600100418,2018년 10월 16일 17시,화요일,대전광역시 동구 판암동,경상사고,0,0,1,0,차대차 - 추돌,안전운전불이행,건조,맑음,단일로 - 기타,건설기계,남,37세,상해없음,승용,남,65세,경상
2018101600100419,2018년 10월 16일 17시,화요일,대전광역시 동구 정동,경상사고,0,0,1,0,차량단독 - 기타,안전운전불이행,건조,맑음,단일로 - 기타,승합,남,49세,상해없음,,,,
2018101600100486,2018년 10월 16일 18시,화요일,대전광역시 중구 오류동,경상사고,0,0,2,0,차대차 - 측면충돌,안전거리미확보,건조,맑음,단일로 - 기타,승합,남,49세,상해없음,승합,남,39세,상해없음
2018101600100487,2018년 10월 16일 18시,화요일,대전광역시 유성구 구암동,경상사고,0,0,1,0,차대차 - 기타,교차로운행방법위반,건조,맑음,교차로 - 교차로안,승용,남,29세,상해없음,승용,남,62세,경상
2018101600100560,2018년 10월 16일 20시,화요일,대전광역시 중구 태평동,경상사고,0,0,1,0,차대사람 - 횡단중,보행자보호의무위반,건조,맑음,교차로 - 교차로횡단보도내,승용,여,45세,상해없음,보행자,여,56세,경상
2018101700100019,2018년 10월 17일 01시,수요일,대전광역시 서구 복수동,경상사고,0,0,1,0,차대사람 - 길가장자리구역통행중,기타,건조,맑음,단일로 - 기타,승용,남,56세,상해없음,보행자,남,23세,경상
2018101700100048,2018년 10월 17일 05시,수요일,대전광역시 대덕구 송촌동,경상사고,0,0,1,0,차대차 - 측면충돌,신호위반,건조,맑음,교차로 - 교차로안,화물,남,55세,상해없음,승용,남,24세,경상
2018101700100073,2018년 10월 17일 07시,수요일,대전광역시 서구 탄방동,경상사고,0,0,1,0,차대차 - 측면충돌,안전거리미확보,건조,맑음,교차로 - 교차로안,승용,여,51세,상해없음,승용,여,32세,경상
2018101700100115,2018년 10월 17일 08시,수요일,대전광역시 서구 둔산동,중상사고,0,1,0,0,차대차 - 추돌,안전거리미확보,건조,맑음,단일로 - 기타,화물,남,49세,상해없음,승용,여,37세,중상
2018101700100155,2018년 10월 17일 09시,수요일,대전광역시 유성구 장동,경상사고,0,0,1,0,차대차 - 측면충돌,안전운전불이행,건조,맑음,단일로 - 기타,승합,남,58세,상해없음,승용,여,29세,경상
2018101700100183,2018년 10월 17일 10시,수요일,대전광역시 중구 은행동,중상사고,0,2,4,0,차대차 - 측면충돌,안전거리미확보,건조,맑음,교차로 - 교차로부근,승용,여,30세,상해없음,승합,남,36세,경상
2018101700100251,2018년 10월 17일 12시,수요일,대전광역시 서구 매노동,사망사고,1,0,0,0,차대차 - 기타,안전운전불이행,건조,맑음,단일로 - 기타,이륜,남,79세,사망,승용,남,67세,상해없음
2018101700100295,2018년 10월 17일 13시,수요일,대전광역시 중구 중촌동,경상사고,0,0,2,0,차대차 - 측면충돌,안전운전불이행,건조,맑음,교차로 - 교차로안,화물,남,69세,상해없음,승용,남,33세,경상
2018101700100296,2018년 10월 17일 13시,수요일,대전광역시 대덕구 읍내동,경상사고,0,0,1,0,차량단독 - 기타,안전운전불이행,건조,맑음,단일로 - 기타,승합,남,50세,상해없음,,,,
2018101700100297,2018년 10월 17일 13시,수요일,대전광역시 서구 둔산동,중상사고,0,1,0,0,차대차 - 기타,안전거리미확보,건조,맑음,교차로 - 교차로부근,승용,남,67세,상해없음,승용,여,53세,중상
2018101700100298,2018년 10월 17일 13시,수요일,대전광역시 서구 갈마동,경상사고,0,0,1,0,차대차 - 측면충돌,안전운전불이행,건조,맑음,교차로 - 교차로안,승용,여,45세,상해없음,이륜,남,33세,경상
2018101700100344,2018년 10월 17일 14시,수요일,대전광역시 대덕구 중리동,중상사고,0,1,0,0,차대차 - 기타,신호위반,건조,맑음,교차로 - 교차로안,승용,남,62세,상해없음,승용,여,47세,중상
2018101700100384,2018년 10월 17일 15시,수요일,대전광역시 동구 가오동,경상사고,0,0,1,0,차대차 - 측면충돌,직진우회전진행방해,건조,맑음,교차로 - 교차로안,승용,남,45세,상해없음,승용,남,33세,경상
2018101700100431,2018년 10월 17일 16시,수요일,대전광역시 중구 목동,경상사고,0,0,1,0,차대사람 - 횡단중,안전운전불이행,건조,맑음,단일로 - 기타,이륜,남,40세,상해없음,보행자,여,9세,경상
2018101700100432,2018년 10월 17일 16시,수요일,대전광역시 동구 용전동,경상사고,0,0,1,0,차대차 - 추돌,안전거리미확보,건조,맑음,교차로 - 교차로부근,화물,남,54세,상해없음,승용,여,26세,경상
2018101700100433,2018년 10월 17일 16시,수요일,대전광역시 서구 둔산동,중상사고,0,1,0,0,차대사람 - 기타,안전운전불이행,건조,맑음,교차로 - 교차로부근,화물,남,45세,상해없음,보행자,남,52세,중상
2018101700100434,2018년 10월 17일 16시,수요일,대전광역시 유성구 구성동,경상사고,0,0,1,0,차대차 - 기타,기타,건조,맑음,단일로 - 교량,이륜,기타불명,미분류,기타불명,자전거,남,23세,경상
2018101700100477,2018년 10월 17일 17시,수요일,대전광역시 중구 은행동,경상사고,0,0,1,0,차대사람 - 차도통행중,안전운전불이행,건조,맑음,단일로 - 기타,승용,남,39세,상해없음,보행자,여,27세,경상
2018101700100478,2018년 10월 17일 17시,수요일,대전광역시 중구 문화동,경상사고,0,0,1,0,차대사람 - 기타,안전운전불이행,건조,맑음,단일로 - 기타,승합,남,42세,상해없음,보행자,여,51세,경상
2018101700100479,2018년 10월 17일 17시,수요일,대전광역시 서구 둔산동,부상신고사고,0,0,0,1,차대차 - 기타,안전운전불이행,건조,맑음,단일로 - 기타,승용,남,52세,상해없음,자전거,남,82세,부상신고
2018101700100480,2018년 10월 17일 17시,수요일,대전광역시 유성구 원내동,중상사고,0,1,0,0,차대사람 - 횡단중,보행자보호의무위반,건조,맑음,교차로 - 교차로횡단보도내,승용,여,38세,상해없음,보행자,여,80세,중상
2018101700100538,2018년 10월 17일 18시,수요일,대전광역시 유성구 죽동,중상사고,0,1,0,0,차대차 - 측면충돌,신호위반,건조,맑음,교차로 - 교차로횡단보도내,승용,남,54세,상해없음,자전거,여,60세,중상
2018101700100569,2018년 10월 17일 19시,수요일,대전광역시 중구 은행동,경상사고,0,0,1,0,차대사람 - 기타,안전운전불이행,건조,맑음,단일로 - 기타,승합,남,56세,상해없음,보행자,여,60세,경상
2018101700100570,2018년 10월 17일 19시,수요일,대전광역시 동구 용전동,경상사고,0,0,1,0,차대차 - 측면충돌,교차로운행방법위반,건조,맑음,교차로 - 교차로안,승용,남,35세,상해없음,이륜,남,52세,경상
2018101700100604,2018년 10월 17일 20시,수요일,대전광역시 유성구 관평동,경상사고,0,0,1,0,차대차 - 추돌,안전운전불이행,건조,맑음,교차로 - 교차로부근,승용,여,46세,상해없음,승용,남,48세,경상
2018101700100654,2018년 10월 17일 22시,수요일,대전광역시 서구 복수동,경상사고,0,0,1,0,차대차 - 정면충돌,신호위반,건조,맑음,교차로 - 교차로안,승용,남,30세,상해없음,승용,여,22세,경상
2018101700100655,2018년 10월 17일 22시,수요일,대전광역시 서구 월평동,경상사고,0,0,1,0,차대차 - 기타,안전운전불이행,건조,맑음,단일로 - 기타,승용,남,35세,상해없음,승용,남,33세,경상
2018101800100178,2018년 10월 18일 09시,목요일,대전광역시 동구 삼성동,경상사고,0,0,1,0,차량단독 - 공작물충돌,안전운전불이행,건조,맑음,단일로 - 기타,승합,남,54세,상해없음,,,,
2018101800100241,2018년 10월 18일 11시,목요일,대전광역시 서구 둔산동,경상사고,0,0,1,0,차대차 - 기타,안전운전불이행,건조,맑음,단일로 - 기타,승용,남,25세,상해없음,승용,남,75세,경상
2018101800100291,2018년 10월 18일 13시,목요일,대전광역시 유성구 방동,경상사고,0,0,1,0,차대차 - 기타,안전운전불이행,건조,맑음,단일로 - 기타,화물,남,34세,상해없음,승용,여,38세,경상
2018101800100325,2018년 10월 18일 14시,목요일,대전광역시 서구 둔산동,경상사고,0,0,1,1,차대차 - 기타,교차로운행방법위반,건조,맑음,교차로 - 교차로부근,승용,남,65세,부상신고,승용,여,35세,경상
2018101800100414,2018년 10월 18일 16시,목요일,대전광역시 동구 자양동,부상신고사고,0,0,0,1,차대차 - 기타,교차로운행방법위반,건조,맑음,교차로 - 교차로안,이륜,남,35세,상해없음,이륜,남,22세,부상신고
2018101800100415,2018년 10월 18일 16시,목요일,대전광역시 서구 둔산동,경상사고,0,0,3,0,차대차 - 기타,안전운전불이행,건조,맑음,교차로 - 교차로안,승용,남,23세,상해없음,승용,여,48세,경상
2018101800100455,2018년 10월 18일 17시,목요일,대전광역시 유성구 반석동,중상사고,0,1,0,0,차대차 - 기타,안전운전불이행,건조,맑음,교차로 - 교차로부근,승합,남,52세,상해없음,승용,남,54세,상해없음
2018101800100518,2018년 10월 18일 18시,목요일,대전광역시 동구 가양동,경상사고,0,0,2,0,차대차 - 추돌,안전운전불이행,건조,맑음,교차로 - 교차로안,승용,남,86세,상해없음,승용,남,56세,경상
2018101800100519,2018년 10월 18일 18시,목요일,대전광역시 동구 원동,경상사고,0,0,1,0,차대사람 - 기타,안전운전불이행,건조,맑음,단일로 - 기타,승합,남,55세,상해없음,보행자,여,40세,경상
2018101800100576,2018년 10월 18일 19시,목요일,대전광역시 중구 산성동,경상사고,0,0,1,0,차대차 - 추돌,안전운전불이행,건조,맑음,교차로 - 교차로부근,승용,여,60세,상해없음,승용,남,43세,경상
2018101800100577,2018년 10월 18일 19시,목요일,대전광역시 동구 삼성동,경상사고,0,0,1,0,차대차 - 측면충돌,안전운전불이행,건조,맑음,교차로 - 교차로안,화물,남,37세,상해없음,승용,여,60세,경상
2018101800100578,2018년 10월 18일 19시,목요일,대전광역시 유성구 궁동,경상사고,0,0,2,0,차대차 - 추돌,안전운전불이행,건조,맑음,단일로 - 기타,이륜,남,22세,기타불명,승용,남,67세,경상
2018101800100614,2018년 10월 18일 20시,목요일,대전광역시 동구 가양동,경상사고,0,0,1,0,차대차 - 기타,교차로운행방법위반,건조,맑음,교차로 - 교차로안,화물,남,55세,상해없음,이륜,남,37세,경상
2018101800100648,2018년 10월 18일 21시,목요일,대전광역시 유성구 궁동,경상사고,0,0,1,0,차대차 - 추돌,안전운전불이행,건조,맑음,단일로 - 기타,승용,남,41세,상해없음,승용,남,29세,경상
2018101900100098,2018년 10월 19일 07시,금요일,대전광역시 동구 가오동,경상사고,0,0,1,0,차대차 - 측면충돌,신호위반,건조,맑음,교차로 - 교차로안,승용,여,46세,상해없음,승합,남,51세,경상
2018101900100142,2018년 10월 19일 08시,금요일,대전광역시 중구 산성동,중상사고,0,1,0,0,차대차 - 측면충돌,안전운전불이행,건조,맑음,교차로 - 교차로안,이륜,남,46세,상해없음,이륜,남,38세,중상
2018101900100143,2018년 10월 19일 08시,금요일,대전광역시 대덕구 중리동,중상사고,0,1,0,0,차대사람 - 기타,안전운전불이행,건조,맑음,기타 - 기타,화물,남,61세,상해없음,보행자,남,53세,중상
2018101900100144,2018년 10월 19일 08시,금요일,대전광역시 서구 둔산동,경상사고,0,0,1,0,차대차 - 측면충돌,직진우회전진행방해,건조,맑음,교차로 - 교차로안,승용,남,39세,상해없음,승용,남,37세,경상
2018101900100145,2018년 10월 19일 08시,금요일,대전광역시 유성구 봉명동,경상사고,0,0,1,0,차대차 - 측면충돌,중앙선침범,건조,맑음,교차로 - 교차로횡단보도내,승용,남,29세,상해없음,승용,남,34세,경상
2018101900100175,2018년 10월 19일 09시,금요일,대전광역시 유성구 관평동,경상사고,0,0,1,0,차대차 - 기타,안전운전불이행,건조,맑음,단일로 - 기타,승용,남,54세,기타불명,승용,남,39세,경상
2018101900100181,2018년 10월 19일 09시,금요일,대전광역시 중구 산성동,중상사고,0,1,0,0,차대차 - 측면충돌,안전운전불이행,건조,맑음,교차로 - 교차로안,승용,여,36세,상해없음,이륜,남,70세,중상
2018101900100182,2018년 10월 19일 09시,금요일,대전광역시 서구 갈마동,경상사고,0,0,2,0,차대차 - 측면충돌,신호위반,건조,맑음,교차로 - 교차로안,승용,여,29세,상해없음,승용,남,50세,경상
2018101900100225,2018년 10월 19일 10시,금요일,대전광역시 유성구 장대동,경상사고,0,0,3,0,차대차 - 추돌,안전운전불이행,건조,맑음,교차로 - 교차로횡단보도내,승용,여,19세,상해없음,화물,여,57세,경상
2018101900100319,2018년 10월 19일 12시,금요일,대전광역시 중구 대흥동,부상신고사고,0,0,0,1,차대사람 - 차도통행중,신호위반,건조,맑음,단일로 - 기타,승용,여,30세,상해없음,보행자,여,28세,부상신고
2018101900100320,2018년 10월 19일 12시,금요일,대전광역시 서구 가장동,중상사고,0,1,0,0,차대차 - 측면충돌,안전운전불이행,건조,맑음,교차로 - 교차로부근,승용,여,50세,상해없음,자전거,남,80세,중상
2018101900100321,2018년 10월 19일 12시,금요일,대전광역시 서구 갈마동,경상사고,0,0,1,0,차대차 - 추돌,안전운전불이행,건조,맑음,교차로 - 교차로안,승용,남,20세,상해없음,승용,여,34세,경상
2018101900100354,2018년 10월 19일 13시,금요일,대전광역시 동구 신상동,중상사고,0,1,1,0,차대차 - 기타,안전운전불이행,건조,맑음,기타 - 기타,승합,남,42세,상해없음,승용,남,72세,경상
2018101900100355,2018년 10월 19일 13시,금요일,대전광역시 동구 가양동,경상사고,0,0,1,0,차대차 - 측면충돌,교차로운행방법위반,건조,맑음,교차로 - 교차로안,승용,남,60세,상해없음,자전거,남,57세,경상
2018101900100396,2018년 10월 19일 14시,금요일,대전광역시 유성구 원신흥동,경상사고,0,0,1,0,차대차 - 측면충돌,신호위반,건조,맑음,교차로 - 교차로안,승합,남,57세,상해없음,승용,여,51세,경상
2018101900100443,2018년 10월 19일 15시,금요일,대전광역시 중구 선화동,중상사고,0,1,0,0,차대차 - 측면충돌,안전운전불이행,건조,맑음,교차로 - 교차로안,승합,남,45세,상해없음,승용,여,22세,중상
2018101900100444,2018년 10월 19일 15시,금요일,대전광역시 중구 유천동,중상사고,0,1,0,0,차대차 - 측면충돌,기타,건조,맑음,단일로 - 기타,화물,남,56세,상해없음,이륜,남,37세,중상
2018101900100489,2018년 10월 19일 16시,금요일,대전광역시 중구 선화동,중상사고,0,1,0,0,차대사람 - 횡단중,보행자보호의무위반,건조,맑음,교차로 - 교차로안,승용,여,52세,상해없음,보행자,여,17세,중상
2018101900100490,2018년 10월 19일 16시,금요일,대전광역시 유성구 어은동,중상사고,0,1,0,0,차대사람 - 횡단중,안전운전불이행,건조,맑음,교차로 - 교차로안,승용,여,55세,상해없음,보행자,여,57세,중상
2018101900100546,2018년 10월 19일 17시,금요일,대전광역시 동구 가양동,경상사고,0,0,1,0,차대차 - 기타,안전운전불이행,건조,맑음,단일로 - 기타,승용,여,58세,상해없음,승용,남,42세,경상
2018101900100547,2018년 10월 19일 17시,금요일,대전광역시 유성구 반석동,경상사고,0,0,1,0,차대차 - 기타,안전운전불이행,건조,맑음,단일로 - 기타,승용,남,32세,상해없음,승용,여,41세,경상
2018101900100633,2018년 10월 19일 18시,금요일,대전광역시 대덕구 법동,경상사고,0,0,1,0,차대사람 - 횡단중,보행자보호의무위반,건조,맑음,단일로 - 기타,승용,남,50세,상해없음,보행자,남,10세,경상
2018101900100675,2018년 10월 19일 19시,금요일,대전광역시 동구 판암동,경상사고,0,0,1,0,차대차 - 측면충돌,안전운전불이행,건조,맑음,교차로 - 교차로안,승용,남,74세,상해없음,승용,남,25세,경상
2018101900100676,2018년 10월 19일 19시,금요일,대전광역시 동구 용전동,중상사고,0,1,0,0,차대차 - 측면충돌,안전운전불이행,건조,맑음,단일로 - 기타,승용,남,29세,기타불명,이륜,남,70세,중상
2018101900100677,2018년 10월 19일 19시,금요일,대전광역시 대덕구 대화동,경상사고,0,0,1,0,차대차 - 기타,안전운전불이행,건조,맑음,단일로 - 기타,승용,남,19세,상해없음,승용,여,30세,경상
2018101900100679,2018년 10월 19일 19시,금요일,대전광역시 서구 월평동,경상사고,0,0,4,0,차대차 - 측면충돌,안전운전불이행,건조,맑음,교차로 - 교차로부근,승용,남,35세,경상,승용,남,60세,경상
2018101900100680,2018년 10월 19일 19시,금요일,대전광역시 유성구 궁동,경상사고,0,0,2,0,차대차 - 추돌,안전운전불이행,건조,맑음,단일로 - 기타,승용,여,63세,상해없음,승용,남,28세,경상
2018101900100715,2018년 10월 19일 20시,금요일,대전광역시 서구 복수동,경상사고,0,0,1,0,차대차 - 측면충돌,신호위반,건조,맑음,교차로 - 교차로안,이륜,남,32세,상해없음,승용,여,35세,경상
2018101900100717,2018년 10월 19일 20시,금요일,대전광역시 유성구 지족동,경상사고,0,0,1,0,차대사람 - 기타,안전운전불이행,건조,맑음,단일로 - 기타,승용,남,59세,상해없음,보행자,남,20세,경상
2018101900100753,2018년 10월 19일 21시,금요일,대전광역시 대덕구 송촌동,경상사고,0,0,1,0,차대차 - 기타,직진우회전진행방해,건조,맑음,교차로 - 교차로안,승용,남,67세,상해없음,이륜,남,41세,경상
2018101900100779,2018년 10월 19일 22시,금요일,대전광역시 동구 천동,경상사고,0,0,1,0,차대차 - 측면충돌,신호위반,건조,맑음,교차로 - 교차로안,승합,여,21세,상해없음,승용,남,29세,경상
2018101900100780,2018년 10월 19일 22시,금요일,대전광역시 서구 탄방동,경상사고,0,0,1,0,차대사람 - 길가장자리구역통행중,안전운전불이행,건조,맑음,교차로 - 교차로안,승용,남,37세,상해없음,보행자,남,51세,경상
2018102000100045,2018년 10월 20일 02시,토요일,대전광역시 서구 변동,중상사고,0,1,1,0,차대차 - 측면충돌,신호위반,건조,맑음,교차로 - 교차로안,승용,남,37세,상해없음,승용,여,60세,경상
2018102000100070,2018년 10월 20일 04시,토요일,대전광역시 대덕구 송촌동,경상사고,0,0,1,1,차대차 - 측면충돌,안전운전불이행,건조,맑음,단일로 - 기타,승용,남,30세,상해없음,승용,남,54세,경상
2018102000100071,2018년 10월 20일 04시,토요일,대전광역시 서구 탄방동,경상사고,0,0,1,0,차대차 - 기타,안전운전불이행,건조,맑음,단일로 - 기타,승용,남,55세,상해없음,승용,남,30세,경상
2018102000100131,2018년 10월 20일 07시,토요일,대전광역시 중구 문화동,경상사고,0,0,1,0,차대차 - 측면충돌,중앙선침범,건조,흐림,단일로 - 기타,승합,남,52세,상해없음,화물,남,45세,경상
2018102000100157,2018년 10월 20일 08시,토요일,대전광역시 동구 대동,중상사고,0,1,0,0,차대사람 - 기타,안전운전불이행,건조,맑음,교차로 - 교차로안,화물,남,55세,상해없음,보행자,남,44세,중상
2018102000100158,2018년 10월 20일 08시,토요일,대전광역시 서구 흑석동,중상사고,0,1,0,0,차대사람 - 횡단중,안전운전불이행,건조,맑음,교차로 - 교차로부근,승용,여,50세,상해없음,보행자,여,65세,중상
2018102000100192,2018년 10월 20일 09시,토요일,대전광역시 서구 탄방동,중상사고,0,1,0,0,차대차 - 측면충돌,직진우회전진행방해,건조,맑음,교차로 - 교차로안,승용,남,62세,상해없음,이륜,남,29세,중상
2018102000100234,2018년 10월 20일 10시,토요일,대전광역시 동구 가양동,경상사고,0,0,2,0,차대차 - 추돌,안전운전불이행,건조,맑음,교차로 - 교차로부근,승용,남,30세,상해없음,승용,여,67세,경상
2018102000100235,2018년 10월 20일 10시,토요일,대전광역시 유성구 방동,경상사고,0,0,6,0,차대차 - 측면충돌,안전운전불이행,건조,맑음,단일로 - 기타,승용,여,38세,상해없음,승용,남,41세,경상
2018102000100236,2018년 10월 20일 10시,토요일,대전광역시 유성구 장대동,경상사고,0,0,2,0,차대차 - 추돌,안전운전불이행,건조,맑음,단일로 - 기타,승용,남,34세,상해없음,승용,남,25세,상해없음