사고번호,사고일시,요일,시군구,사고내용,사망자수,중상자수,경상자수,부상신고자수,사고유형,법규위반,노면상태,기상상태,도로형태,가해운전자 차종,가해운전자 성별,가해운전자 연령,가해운전자 상해정도,피해운전자 차종,피해운전자 성별,피해운전자 연령,피해운전자 상해정도
2018102000100269,2018년 10월 20일 11시,토요일,대전광역시 동구 대동,경상사고,0,0,1,0,차대차 - 측면충돌,안전운전불이행,건조,맑음,단일로 - 기타,이륜,남,28세,경상,승용,남,29세,상해없음
2018102000100270,2018년 10월 20일 11시,토요일,대전광역시 대덕구 비래동,경상사고,0,0,1,0,차대사람 - 기타,안전운전불이행,건조,맑음,교차로 - 교차로안,화물,남,59세,상해없음,보행자,여,70세,경상
2018102000100271,2018년 10월 20일 11시,토요일,대전광역시 서구 둔산동,경상사고,0,0,4,0,차대차 - 추돌,안전거리미확보,건조,맑음,교차로 - 교차로부근,승용,남,53세,경상,승용,남,19세,경상
2018102000100314,2018년 10월 20일 12시,토요일,대전광역시 대덕구 법동,경상사고,0,0,1,0,차대차 - 추돌,안전운전불이행,건조,맑음,교차로 - 교차로부근,승용,남,53세,기타불명,이륜,남,36세,경상
2018102000100315,2018년 10월 20일 12시,토요일,대전광역시 서구 갈마동,경상사고,0,0,1,0,차대차 - 추돌,안전운전불이행,건조,맑음,단일로 - 기타,승용,남,23세,상해없음,승용,남,44세,경상
2018102000100316,2018년 10월 20일 12시,토요일,대전광역시 유성구 봉명동,경상사고,0,0,1,0,차대차 - 측면충돌,안전거리미확보,건조,맑음,단일로 - 기타,승용,남,47세,상해없음,승용,여,38세,경상
2018102000100317,2018년 10월 20일 12시,토요일,대전광역시 유성구 구암동,경상사고,0,0,2,0,차대차 - 추돌,안전운전불이행,건조,맑음,교차로 - 교차로부근,승용,여,50세,상해없음,승용,남,23세,경상
2018102000100362,2018년 10월 20일 13시,토요일,대전광역시 동구 판암동,중상사고,0,1,0,0,차대차 - 측면충돌,신호위반,건조,맑음,교차로 - 교차로횡단보도내,승용,여,42세,상해없음,이륜,남,56세,중상
2018102000100363,2018년 10월 20일 13시,토요일,대전광역시 대덕구 신탄진동,경상사고,0,0,1,0,차대차 - 기타,안전운전불이행,건조,맑음,단일로 - 기타,승용,여,57세,상해없음,이륜,남,83세,경상
2018102000100494,2018년 10월 20일 16시,토요일,대전광역시 동구 용전동,경상사고,0,0,2,0,차대차 - 후진중충돌,안전운전불이행,건조,맑음,단일로 - 기타,승용,남,47세,상해없음,승용,남,29세,경상
2018102000100495,2018년 10월 20일 16시,토요일,대전광역시 유성구 원신흥동,경상사고,0,0,2,0,차대차 - 기타,안전운전불이행,건조,맑음,교차로 - 교차로안,화물,남,43세,상해없음,승용,남,22세,경상
2018102000100543,2018년 10월 20일 17시,토요일,대전광역시 중구 부사동,경상사고,0,0,1,0,차대차 - 측면충돌,안전거리미확보,건조,맑음,단일로 - 기타,승용,남,63세,상해없음,승용,여,48세,경상
2018102000100608,2018년 10월 20일 18시,토요일,대전광역시 서구 용문동,중상사고,0,1,0,0,차대차 - 측면충돌,안전운전불이행,건조,맑음,단일로 - 기타,승용,남,27세,상해없음,승용,여,45세,중상
2018102000100609,2018년 10월 20일 18시,토요일,대전광역시 대덕구 오정동,경상사고,0,0,1,0,차대사람 - 기타,안전운전불이행,건조,맑음,교차로 - 교차로안,기타불명,기타불명,미분류,기타불명,보행자,남,19세,경상
2018102000100667,2018년 10월 20일 19시,토요일,대전광역시 서구 둔산동,경상사고,0,0,1,0,차대차 - 측면충돌,신호위반,건조,맑음,교차로 - 교차로안,승용,남,61세,상해없음,이륜,남,30세,경상
2018102000100696,2018년 10월 20일 20시,토요일,대전광역시 중구 문창동,경상사고,0,0,1,0,차대차 - 측면충돌,교차로운행방법위반,건조,맑음,교차로 - 교차로안,승용,남,29세,상해없음,승용,남,27세,경상
2018102000100757,2018년 10월 20일 22시,토요일,대전광역시 유성구 장대동,경상사고,0,0,1,0,차대차 - 기타,안전운전불이행,건조,맑음,단일로 - 기타,승용,남,29세,상해없음,이륜,남,19세,경상
2018102100100030,2018년 10월 21일 01시,일요일,대전광역시 중구 선화동,경상사고,0,0,2,0,차대차 - 추돌,안전운전불이행,건조,맑음,단일로 - 교량,승용,남,44세,상해없음,승용,여,24세,경상
2018102100100044,2018년 10월 21일 02시,일요일,대전광역시 유성구 궁동,부상신고사고,0,0,0,1,차대사람 - 차도통행중,안전운전불이행,건조,맑음,단일로 - 기타,승용,남,27세,상해없음,보행자,여,25세,부상신고
2018102100100126,2018년 10월 21일 09시,일요일,대전광역시 서구 둔산동,중상사고,0,1,0,0,차대차 - 측면충돌,신호위반,건조,맑음,교차로 - 교차로안,자전거,남,54세,중상,승용,남,38세,상해없음
2018102100100148,2018년 10월 21일 10시,일요일,대전광역시 유성구 방동,중상사고,0,5,1,0,차대차 - 추돌,안전운전불이행,건조,맑음,단일로 - 기타,승용,남,72세,상해없음,승용,남,30세,중상
2018102100100308,2018년 10월 21일 15시,일요일,대전광역시 중구 산성동,경상사고,0,0,1,0,차대차 - 기타,안전운전불이행,건조,맑음,교차로 - 교차로부근,승용,여,36세,상해없음,승용,남,66세,경상
2018102100100309,2018년 10월 21일 15시,일요일,대전광역시 동구 상소동,중상사고,0,1,3,0,차대차 - 정면충돌,중앙선침범,건조,맑음,단일로 - 기타,승용,여,32세,경상,승용,남,41세,경상
2018102100100381,2018년 10월 21일 17시,일요일,대전광역시 대덕구 중리동,부상신고사고,0,0,0,1,차대차 - 기타,안전운전불이행,건조,맑음,단일로 - 기타,승용,남,49세,상해없음,이륜,남,29세,부상신고
2018102100100472,2018년 10월 21일 19시,일요일,대전광역시 유성구 봉명동,경상사고,0,0,2,0,차대차 - 추돌,안전운전불이행,건조,맑음,단일로 - 기타,승용,남,56세,상해없음,승용,남,36세,경상
2018102100100505,2018년 10월 21일 20시,일요일,대전광역시 중구 태평동,경상사고,0,0,1,0,차대차 - 측면충돌,중앙선침범,건조,맑음,단일로 - 기타,승용,남,33세,상해없음,이륜,남,28세,경상
2018102100100506,2018년 10월 21일 20시,일요일,대전광역시 유성구 봉명동,경상사고,0,0,1,0,차대사람 - 기타,안전운전불이행,건조,맑음,교차로 - 교차로안,승용,남,28세,상해없음,보행자,여,46세,경상
2018102100100566,2018년 10월 21일 23시,일요일,대전광역시 서구 괴정동,경상사고,0,0,4,0,차대차 - 추돌,안전운전불이행,건조,맑음,교차로 - 교차로부근,승용,남,31세,상해없음,승용,남,62세,상해없음
2018102200100007,2018년 10월 22일 00시,월요일,대전광역시 중구 부사동,경상사고,0,0,1,0,차대사람 - 차도통행중,안전운전불이행,건조,맑음,단일로 - 기타,승용,남,47세,상해없음,보행자,남,49세,경상
2018102200100045,2018년 10월 22일 06시,월요일,대전광역시 유성구 화암동,경상사고,0,0,2,0,차대차 - 측면충돌,안전운전불이행,건조,맑음,단일로 - 기타,승용,남,72세,상해없음,화물,남,48세,경상
2018102200100070,2018년 10월 22일 07시,월요일,대전광역시 유성구 복용동,중상사고,0,1,0,0,차량단독 - 기타,안전운전불이행,건조,맑음,단일로 - 기타,자전거,여,59세,중상,,,,
2018102200100209,2018년 10월 22일 11시,월요일,대전광역시 대덕구 중리동,경상사고,0,0,1,0,차대차 - 추돌,안전운전불이행,건조,맑음,단일로 - 기타,승용,남,28세,상해없음,승용,남,60세,경상
2018102200100210,2018년 10월 22일 11시,월요일,대전광역시 유성구 송강동,경상사고,0,0,3,0,차대차 - 추돌,안전운전불이행,건조,맑음,교차로 - 교차로부근,건설기계,남,47세,상해없음,화물,남,45세,경상
2018102200100246,2018년 10월 22일 12시,월요일,대전광역시 유성구 화암동,중상사고,0,1,0,0,차대차 - 추돌,중앙선침범,건조,맑음,단일로 - 기타,화물,남,59세,상해없음,이륜,남,41세,중상
2018102200100291,2018년 10월 22일 14시,월요일,대전광역시 동구 성남동,경상사고,0,0,2,0,차대차 - 측면충돌,안전거리미확보,건조,맑음,교차로 - 교차로안,승용,여,67세,경상,승용,남,69세,경상
2018102200100292,2018년 10월 22일 14시,월요일,대전광역시 서구 갈마동,경상사고,0,0,2,0,차대차 - 기타,안전운전불이행,건조,맑음,단일로 - 기타,승합,남,63세,상해없음,승용,남,38세,경상
2018102200100293,2018년 10월 22일 14시,월요일,대전광역시 유성구 봉명동,중상사고,0,1,0,0,차대차 - 추돌,안전운전불이행,건조,맑음,단일로 - 기타,승용,남,43세,상해없음,원동기,남,47세,중상
2018102200100294,2018년 10월 22일 14시,월요일,대전광역시 유성구 갑동,경상사고,0,0,2,0,차대차 - 추돌,차로위반,건조,맑음,단일로 - 기타,건설기계,남,53세,상해없음,승용,남,31세,경상
2018102200100357,2018년 10월 22일 16시,월요일,대전광역시 동구 정동,경상사고,0,0,3,0,차대차 - 기타,교차로운행방법위반,건조,맑음,교차로 - 교차로안,승용,남,49세,경상,승용,여,69세,경상
2018102200100402,2018년 10월 22일 17시,월요일,대전광역시 서구 둔산동,경상사고,0,0,2,0,차대차 - 후진중충돌,안전운전불이행,건조,맑음,교차로 - 교차로안,승합,남,68세,상해없음,승용,남,32세,경상
2018102200100474,2018년 10월 22일 18시,월요일,대전광역시 중구 문창동,중상사고,0,1,0,0,차대사람 - 횡단중,안전운전불이행,건조,맑음,단일로 - 기타,승용,남,75세,상해없음,보행자,여,71세,중상
2018102200100475,2018년 10월 22일 18시,월요일,대전광역시 중구 중촌동,중상사고,0,1,0,0,차대차 - 기타,안전운전불이행,건조,맑음,교차로 - 교차로횡단보도내,승용,여,53세,상해없음,자전거,남,35세,중상
2018102200100476,2018년 10월 22일 18시,월요일,대전광역시 서구 월평동,경상사고,0,0,1,0,차대차 - 측면충돌,안전운전불이행,건조,맑음,단일로 - 기타,승용,남,32세,상해없음,승용,남,54세,경상
2018102200100477,2018년 10월 22일 18시,월요일,대전광역시 유성구 전민동,사망사고,1,0,2,0,차대차 - 측면충돌,신호위반,건조,맑음,교차로 - 교차로안,승용,여,27세,사망,승합,남,68세,경상
2018102200100590,2018년 10월 22일 23시,월요일,대전광역시 유성구 관평동,중상사고,0,3,1,0,차대차 - 측면충돌,신호위반,건조,맑음,교차로 - 교차로안,승용,남,28세,상해없음,승용,남,54세,중상
2018102300100024,2018년 10월 23일 02시,화요일,대전광역시 서구 갈마동,중상사고,0,1,0,0,차대차 - 측면충돌,중앙선침범,건조,맑음,단일로 - 기타,승용,남,52세,상해없음,이륜,남,22세,중상
2018102300100131,2018년 10월 23일 08시,화요일,대전광역시 중구 문화동,경상사고,0,0,1,0,차대사람 - 기타,안전운전불이행,건조,맑음,단일로 - 기타,특수,남,31세,상해없음,보행자,남,49세,경상
2018102300100170,2018년 10월 23일 09시,화요일,대전광역시 서구 만년동,경상사고,0,0,1,0,차량단독 - 기타,안전운전불이행,건조,맑음,단일로 - 기타,승합,남,49세,상해없음,,,,
2018102300100234,2018년 10월 23일 11시,화요일,대전광역시 대덕구 신대동,중상사고,0,1,1,0,차대차 - 추돌,안전운전불이행,건조,맑음,단일로 - 기타,승용,남,37세,상해없음,승용,남,49세,중상
2018102300100282,2018년 10월 23일 13시,화요일,대전광역시 서구 복수동,경상사고,0,0,1,0,차대차 - 추돌,안전운전불이행,건조,맑음,단일로 - 기타,승용,여,47세,상해없음,승용,여,32세,경상
2018102300100313,2018년 10월 23일 14시,화요일,대전광역시 서구 둔산동,중상사고,0,1,0,0,차대사람 - 횡단중,안전운전불이행,건조,맑음,교차로 - 교차로안,승용,여,38세,상해없음,보행자,여,66세,중상
2018102300100341,2018년 10월 23일 15시,화요일,대전광역시 서구 갈마동,중상사고,0,2,0,0,차대차 - 측면충돌,안전운전불이행,건조,맑음,교차로 - 교차로횡단보도내,승용,남,67세,상해없음,승용,남,34세,중상
2018102300100369,2018년 10월 23일 16시,화요일,대전광역시 동구 삼정동,사망사고,1,0,0,0,차량단독 - 도로외이탈 - 추락,안전운전불이행,건조,맑음,단일로 - 기타,화물,남,45세,사망,,,,
2018102300100421,2018년 10월 23일 17시,화요일,대전광역시 동구 용운동,경상사고,0,0,1,0,차대차 - 측면충돌,안전운전불이행,건조,맑음,단일로 - 기타,승용,남,46세,상해없음,승용,여,40세,경상
2018102300100422,2018년 10월 23일 17시,화요일,대전광역시 서구 우명동,경상사고,0,0,1,0,차대차 - 측면충돌,중앙선침범,건조,맑음,단일로 - 기타,승용,남,60세,상해없음,승용,남,26세,경상
2018102300100423,2018년 10월 23일 17시,화요일,대전광역시 대덕구 읍내동,경상사고,0,0,1,0,차대차 - 추돌,안전운전불이행,건조,맑음,단일로 - 기타,승용,여,51세,상해없음,자전거,남,13세,경상
2018102300100487,2018년 10월 23일 18시,화요일,대전광역시 중구 태평동,경상사고,0,0,2,0,차대차 - 추돌,안전운전불이행,건조,맑음,교차로 - 교차로안,승용,남,72세,상해없음,승용,여,45세,경상
2018102300100528,2018년 10월 23일 19시,화요일,대전광역시 동구 용전동,경상사고,0,0,1,0,차대차 - 측면충돌,안전운전불이행,건조,맑음,교차로 - 교차로부근,승용,남,37세,상해없음,이륜,남,58세,경상
2018102300100584,2018년 10월 23일 21시,화요일,대전광역시 중구 문창동,경상사고,0,0,1,0,차대차 - 후진중충돌,안전운전불이행,건조,맑음,교차로 - 교차로안,승용,남,55세,상해없음,승용,여,44세,경상
2018102300100605,2018년 10월 23일 22시,화요일,대전광역시 서구 둔산동,경상사고,0,0,1,0,차대차 - 기타,안전운전불이행,건조,맑음,교차로 - 교차로안,승용,남,48세,상해없음,승용,여,49세,경상
2018102300100616,2018년 10월 23일 23시,화요일,대전광역시 서구 탄방동,중상사고,0,1,0,0,차대차 - 기타,안전운전불이행,건조,맑음,단일로 - 기타,승용,여,35세,상해없음,이륜,남,23세,중상
2018102400100008,2018년 10월 24일 00시,수요일,대전광역시 동구 대동,경상사고,0,0,1,0,차대차 - 추돌,안전운전불이행,건조,맑음,단일로 - 기타,이륜,남,20세,경상,승용,남,36세,상해없음
2018102400100040,2018년 10월 24일 05시,수요일,대전광역시 동구 용전동,경상사고,0,0,1,0,차대차 - 추돌,안전운전불이행,건조,맑음,교차로 - 교차로부근,승합,남,54세,상해없음,승용,남,54세,경상
2018102400100055,2018년 10월 24일 06시,수요일,대전광역시 유성구 장대동,경상사고,0,0,2,0,차대차 - 추돌,신호위반,건조,맑음,교차로 - 교차로안,승용,여,57세,상해없음,승용,남,23세,경상
2018102400100088,2018년 10월 24일 07시,수요일,대전광역시 대덕구 신일동,경상사고,0,0,1,0,차대차 - 측면충돌,차로위반,건조,맑음,교차로 - 교차로부근,승용,남,50세,상해없음,승용,남,72세,상해없음
2018102400100143,2018년 10월 24일 08시,수요일,대전광역시 서구 둔산동,경상사고,0,0,2,0,차대차 - 기타,안전운전불이행,건조,맑음,교차로 - 교차로부근,승용,남,51세,상해없음,승합,남,53세,상해없음
2018102400100144,2018년 10월 24일 08시,수요일,대전광역시 유성구 상대동,중상사고,0,1,0,0,차대차 - 기타,안전운전불이행,건조,맑음,단일로 - 기타,승용,남,53세,상해없음,승용,남,39세,중상
2018102400100192,2018년 10월 24일 09시,수요일,대전광역시 서구 갈마동,중상사고,0,1,0,0,차대사람 - 기타,안전운전불이행,건조,맑음,단일로 - 기타,건설기계,남,52세,상해없음,보행자,여,42세,중상
2018102400100219,2018년 10월 24일 10시,수요일,대전광역시 동구 용운동,중상사고,0,1,0,0,차대사람 - 보도통행중,보행자보호의무위반,건조,맑음,교차로 - 교차로횡단보도내,승용,남,44세,상해없음,보행자,남,80세,중상
2018102400100220,2018년 10월 24일 10시,수요일,대전광역시 동구 용전동,중상사고,0,1,3,0,차대차 - 측면충돌,중앙선침범,건조,맑음,교차로 - 교차로부근,화물,남,56세,상해없음,승용,남,71세,경상
2018102400100221,2018년 10월 24일 10시,수요일,대전광역시 서구 탄방동,사망사고,1,0,3,1,차대차 - 기타,안전거리미확보,건조,맑음,단일로 - 기타,승용,여,55세,상해없음,승용,남,54세,사망
2018102400100222,2018년 10월 24일 10시,수요일,대전광역시 서구 둔산동,경상사고,0,0,2,0,차대차 - 기타,교차로운행방법위반,건조,맑음,교차로 - 교차로안,승용,여,29세,경상,승용,남,49세,경상
2018102400100223,2018년 10월 24일 10시,수요일,대전광역시 유성구 노은동,경상사고,0,0,1,0,차대차 - 기타,안전운전불이행,건조,맑음,단일로 - 기타,화물,남,38세,상해없음,승용,남,66세,경상
2018102400100250,2018년 10월 24일 11시,수요일,대전광역시 서구 도마동,중상사고,0,1,0,0,차량단독 - 기타,안전운전불이행,건조,맑음,단일로 - 기타,승합,남,53세,상해없음,,,,
2018102400100275,2018년 10월 24일 12시,수요일,대전광역시 서구 용문동,경상사고,0,0,1,0,차대차 - 추돌,안전거리미확보,건조,맑음,단일로 - 기타,기타불명,기타불명,미분류,기타불명,승용,남,32세,경상
2018102400100327,2018년 10월 24일 13시,수요일,대전광역시 중구 문화동,경상사고,0,0,2,0,차대차 - 기타,안전운전불이행,건조,맑음,단일로 - 기타,승용,여,23세,경상,승용,남,63세,경상
2018102400100328,2018년 10월 24일 13시,수요일,대전광역시 서구 변동,중상사고,0,1,0,0,차대차 - 측면충돌,신호위반,건조,맑음,교차로 - 교차로안,화물,남,26세,상해없음,자전거,남,85세,중상
2018102400100329,2018년 10월 24일 13시,수요일,대전광역시 유성구 봉명동,경상사고,0,0,1,0,차대사람 - 기타,기타,건조,맑음,단일로 - 기타,승합,남,67세,상해없음,보행자,여,60세,경상
2018102400100371,2018년 10월 24일 14시,수요일,대전광역시 유성구 원촌동,경상사고,0,0,1,1,차대차 - 기타,안전거리미확보,건조,맑음,단일로 - 기타,승용,여,59세,상해없음,승용,남,32세,경상
2018102400100409,2018년 10월 24일 15시,수요일,대전광역시 중구 대사동,경상사고,0,0,2,0,차대차 - 측면충돌,안전운전불이행,건조,맑음,단일로 - 기타,승용,여,44세,상해없음,승용,여,46세,경상
2018102400100410,2018년 10월 24일 15시,수요일,대전광역시 대덕구 석봉동,경상사고,0,0,1,0,차대차 - 측면충돌,교차로운행방법위반,건조,맑음,교차로 - 교차로안,승용,남,51세,상해없음,화물,남,59세,경상
2018102400100411,2018년 10월 24일 15시,수요일,대전광역시 유성구 봉명동,경상사고,0,0,1,0,차대차 - 기타,안전운전불이행,건조,맑음,교차로 - 교차로부근,자전거,남,49세,경상,승용,남,63세,상해없음
2018102400100412,2018년 10월 24일 15시,수요일,대전광역시 유성구 장대동,경상사고,0,0,2,0,차대차 - 기타,안전거리미확보,건조,맑음,단일로 - 기타,특수,남,55세,상해없음,승용,남,44세,경상
2018102400100459,2018년 10월 24일 16시,수요일,대전광역시 대덕구 비래동,경상사고,0,0,2,0,차대차 - 측면충돌,교차로운행방법위반,건조,맑음,교차로 - 교차로안,승용,남,35세,상해없음,화물,남,55세,경상
2018102400100504,2018년 10월 24일 17시,수요일,대전광역시 서구 도마동,경상사고,0,0,1,0,차대차 - 추돌,안전거리미확보,건조,맑음,단일로 - 기타,승용,남,79세,상해없음,승용,여,54세,경상
2018102400100505,2018년 10월 24일 17시,수요일,대전광역시 서구 변동,경상사고,0,0,1,0,차대차 - 추돌,안전거리미확보,건조,맑음,교차로 - 교차로부근,승용,여,50세,상해없음,승용,남,55세,경상
2018102400100506,2018년 10월 24일 17시,수요일,대전광역시 서구 갈마동,경상사고,0,0,1,0,차대차 - 추돌,안전운전불이행,건조,맑음,교차로 - 교차로부근,승용,여,43세,상해없음,승용,여,41세,경상
2018102400100507,2018년 10월 24일 17시,수요일,대전광역시 유성구 용산동,경상사고,0,0,1,0,차대차 - 측면충돌,안전운전불이행,젖음/습기,흐림,교차로 - 교차로안,승용,여,38세,상해없음,승용,남,34세,경상
2018102400100579,2018년 10월 24일 18시,수요일,대전광역시 동구 용운동,경상사고,0,0,1,0,차대차 - 추돌,안전거리미확보,건조,맑음,단일로 - 기타,화물,남,47세,상해없음,화물,남,68세,상해없음
2018102400100580,2018년 10월 24일 18시,수요일,대전광역시 유성구 구성동,경상사고,0,0,1,0,차대차 - 측면충돌,교차로운행방법위반,건조,맑음,단일로 - 기타,승용,남,57세,상해없음,승용,남,32세,상해없음
2018102400100581,2018년 10월 24일 18시,수요일,대전광역시 유성구 용산동,경상사고,0,0,1,0,차대차 - 기타,안전거리미확보,건조,맑음,단일로 - 기타,승용,남,50세,기타불명,승용,남,25세,경상
2018102400100629,2018년 10월 24일 19시,수요일,대전광역시 유성구 장대동,경상사고,0,0,1,0,차대사람 - 기타,안전운전불이행,건조,맑음,기타 - 기타,승용,여,55세,상해없음,보행자,여,20세,경상
2018102500100018,2018년 10월 25일 01시,목요일,대전광역시 유성구 봉명동,부상신고사고,0,0,0,3,차량단독 - 공작물충돌,안전운전불이행,건조,맑음,단일로 - 기타,승용,여,40세,부상신고,,,,
2018102500100040,2018년 10월 25일 04시,목요일,대전광역시 서구 탄방동,중상사고,0,1,1,0,차대차 - 측면충돌,안전운전불이행,건조,맑음,단일로 - 기타,승용,남,64세,경상,화물,남,64세,상해없음
2018102500100046,2018년 10월 25일 05시,목요일,대전광역시 서구 갈마동,경상사고,0,0,2,0,차대차 - 측면충돌,안전운전불이행,건조,맑음,교차로 - 교차로안,승용,여,68세,경상,승용,남,66세,경상
2018102500100070,2018년 10월 25일 06시,목요일,대전광역시 유성구 지족동,중상사고,0,1,0,0,차대차 - 측면충돌,안전운전불이행,건조,맑음,단일로 - 기타,특수,남,38세,상해없음,이륜,남,69세,중상
2018102500100151,2018년 10월 25일 08시,목요일,대전광역시 동구 대별동,경상사고,0,0,1,0,차대사람 - 차도통행중,안전운전불이행,건조,맑음,단일로 - 기타,승용,여,55세,상해없음,보행자,여,71세,경상
2018102500100194,2018년 10월 25일 09시,목요일,대전광역시 유성구 하기동,경상사고,0,0,1,0,차대차 - 측면충돌,신호위반,건조,맑음,교차로 - 교차로안,승용,여,54세,상해없음,승용,여,33세,경상
2018102500100227,2018년 10월 25일 10시,목요일,대전광역시 중구 대사동,중상사고,0,1,0,0,차대차 - 측면충돌,교차로운행방법위반,건조,맑음,교차로 - 교차로안,승용,남,28세,상해없음,이륜,여,69세,중상
2018102500100228,2018년 10월 25일 10시,목요일,대전광역시 중구 유천동,경상사고,0,0,1,0,차대차 - 기타,기타,건조,맑음,단일로 - 기타,승용,남,63세,상해없음,자전거,여,65세,경상
2018102500100229,2018년 10월 25일 10시,목요일,대전광역시 서구 둔산동,경상사고,0,0,1,0,차대차 - 추돌,안전운전불이행,건조,맑음,교차로 - 교차로안,승용,여,41세,상해없음,승용,여,44세,경상
2018102500100265,2018년 10월 25일 11시,목요일,대전광역시 서구 둔산동,경상사고,0,0,1,0,차대차 - 추돌,안전거리미확보,건조,맑음,교차로 - 교차로부근,승용,남,36세,기타불명,승용,여,54세,경상
2018102500100298,2018년 10월 25일 12시,목요일,대전광역시 중구 산성동,중상사고,0,1,0,0,차대사람 - 차도통행중,안전운전불이행,건조,맑음,단일로 - 기타,화물,남,57세,상해없음,보행자,남,66세,중상
2018102500100414,2018년 10월 25일 15시,목요일,대전광역시 동구 용운동,경상사고,0,0,1,0,차대차 - 측면충돌,신호위반,건조,맑음,교차로 - 교차로안,승용,남,38세,상해없음,승용,남,46세,상해없음
2018102500100415,2018년 10월 25일 15시,목요일,대전광역시 서구 탄방동,경상사고,0,0,1,0,차대차 - 측면충돌,중앙선침범,건조,맑음,단일로 - 기타,승용,남,26세,상해없음,이륜,남,24세,경상
2018102500100416,2018년 10월 25일 15시,목요일,대전광역시 서구 둔산동,중상사고,0,1,0,0,차대사람 - 차도통행중,안전운전불이행,건조,맑음,교차로 - 교차로안,화물,남,36세,상해없음,보행자,남,68세,중상
2018102500100456,2018년 10월 25일 16시,목요일,대전광역시 동구 천동,경상사고,0,0,3,0,차대차 - 측면충돌,교차로운행방법위반,건조,맑음,교차로 - 교차로안,승용,여,51세,경상,이륜,남,23세,경상
2018102500100457,2018년 10월 25일 16시,목요일,대전광역시 동구 가양동,경상사고,0,0,3,0,차대차 - 측면충돌,안전거리미확보,건조,맑음,단일로 - 기타,승용,남,69세,경상,승용,여,33세,경상
2018102500100502,2018년 10월 25일 17시,목요일,대전광역시 중구 은행동,경상사고,0,0,1,0,차대사람 - 차도통행중,안전운전불이행,건조,맑음,단일로 - 기타,승용,여,46세,상해없음,보행자,여,16세,경상
2018102500100503,2018년 10월 25일 17시,목요일,대전광역시 동구 낭월동,경상사고,0,0,2,0,차대차 - 기타,안전운전불이행,건조,맑음,단일로 - 기타,승용,남,64세,상해없음,승용,여,45세,경상
2018102500100504,2018년 10월 25일 17시,목요일,대전광역시 서구 둔산동,부상신고사고,0,0,0,1,차대차 - 후진중충돌,안전운전불이행,건조,맑음,단일로 - 기타,승용,여,36세,상해없음,승용,여,51세,부상신고
2018102500100572,2018년 10월 25일 18시,목요일,대전광역시 유성구 원내동,경상사고,0,0,1,0,차대차 - 기타,신호위반,건조,맑음,교차로 - 교차로안,승용,여,52세,상해없음,승용,여,53세,경상
2018102500100615,2018년 10월 25일 19시,목요일,대전광역시 서구 만년동,중상사고,0,1,0,0,차대사람 - 기타,안전운전불이행,건조,맑음,교차로 - 교차로부근,승합,남,23세,상해없음,보행자,여,28세,중상
2018102500100648,2018년 10월 25일 20시,목요일,대전광역시 동구 가양동,경상사고,0,0,2,0,차대차 - 기타,안전운전불이행,건조,맑음,교차로 - 교차로부근,원동기,남,23세,상해없음,승용,남,41세,경상
2018102500100708,2018년 10월 25일 23시,목요일,대전광역시 유성구 원신흥동,중상사고,0,1,0,0,차량단독 - 기타,안전운전불이행,건조,맑음,단일로 - 기타,개인형이동수단(PM),남,44세,중상,,,,
2018102600100023,2018년 10월 26일 01시,금요일,대전광역시 서구 둔산동,경상사고,0,0,2,0,차대차 - 추돌,안전운전불이행,건조,맑음,교차로 - 교차로안,승용,남,25세,상해없음,승용,남,22세,경상
2018102600100030,2018년 10월 26일 02시,금요일,대전광역시 유성구 죽동,경상사고,0,0,1,0,차대차 - 측면충돌,안전운전불이행,건조,맑음,단일로 - 지하차도(도로)내,승용,여,47세,상해없음,승용,여,35세,경상
2018102600100044,2018년 10월 26일 04시,금요일,대전광역시 서구 탄방동,경상사고,0,0,3,0,차대차 - 기타,중앙선침범,젖음/습기,비,단일로 - 기타,승용,남,40세,상해없음,승용,남,26세,경상
2018102600100056,2018년 10월 26일 05시,금요일,대전광역시 서구 갈마동,경상사고,0,0,1,0,차대사람 - 기타,안전운전불이행,젖음/습기,비,단일로 - 기타,승용,여,46세,상해없음,보행자,여,19세,경상
2018102600100057,2018년 10월 26일 05시,금요일,대전광역시 서구 탄방동,중상사고,0,1,0,0,차대사람 - 기타,보행자보호의무위반,젖음/습기,비,교차로 - 교차로횡단보도내,승용,남,64세,상해없음,보행자,여,45세,중상
2018102600100136,2018년 10월 26일 08시,금요일,대전광역시 서구 가수원동,경상사고,0,0,1,0,차대차 - 추돌,안전운전불이행,건조,맑음,단일로 - 기타,승용,여,37세,상해없음,승용,여,46세,경상
2018102600100218,2018년 10월 26일 11시,금요일,대전광역시 동구 용운동,경상사고,0,0,2,0,차대차 - 측면충돌,교차로운행방법위반,젖음/습기,비,교차로 - 교차로안,화물,남,57세,상해없음,승용,남,64세,경상
2018102600100248,2018년 10월 26일 12시,금요일,대전광역시 동구 신흥동,중상사고,0,1,0,0,차대사람 - 횡단중,보행자보호의무위반,건조,흐림,단일로 - 기타,자전거,남,68세,상해없음,보행자,여,73세,중상
2018102600100249,2018년 10월 26일 12시,금요일,대전광역시 동구 인동,경상사고,0,0,1,0,차대차 - 측면충돌,안전운전불이행,젖음/습기,비,단일로 - 기타,승용,여,47세,상해없음,승용,여,58세,경상