사고번호,사고일시,요일,시군구,사고내용,사망자수,중상자수,경상자수,부상신고자수,사고유형,법규위반,노면상태,기상상태,도로형태,가해운전자 차종,가해운전자 성별,가해운전자 연령,가해운전자 상해정도,피해운전자 차종,피해운전자 성별,피해운전자 연령,피해운전자 상해정도
2018121400100335,2018년 12월 14일 14시,금요일,대전광역시 동구 자양동,경상사고,0,0,1,0,차대차 - 측면충돌,안전운전불이행,건조,맑음,단일로 - 기타,승용,남,71세,상해없음,이륜,남,32세,경상
2018121400100425,2018년 12월 14일 16시,금요일,대전광역시 동구 삼성동,중상사고,0,1,0,0,차대사람 - 횡단중,보행자보호의무위반,건조,맑음,교차로 - 교차로안,승합,남,66세,상해없음,보행자,여,18세,중상
2018121400100426,2018년 12월 14일 16시,금요일,대전광역시 서구 둔산동,경상사고,0,0,3,0,차대차 - 추돌,안전운전불이행,건조,맑음,단일로 - 기타,승용,남,58세,상해없음,승용,여,36세,경상
2018121400100535,2018년 12월 14일 18시,금요일,대전광역시 중구 부사동,경상사고,0,0,1,0,차대차 - 추돌,교차로운행방법위반,건조,맑음,교차로 - 교차로안,승용,남,32세,상해없음,자전거,남,66세,경상
2018121400100536,2018년 12월 14일 18시,금요일,대전광역시 중구 부사동,경상사고,0,0,1,0,차대차 - 추돌,안전운전불이행,건조,맑음,단일로 - 기타,승용,남,23세,상해없음,승합,남,50세,경상
2018121400100539,2018년 12월 14일 18시,금요일,대전광역시 유성구 용산동,경상사고,0,0,1,0,차대차 - 추돌,안전거리미확보,건조,맑음,단일로 - 기타,화물,남,63세,상해없음,승용,남,37세,경상
2018121400100588,2018년 12월 14일 19시,금요일,대전광역시 동구 가오동,경상사고,0,0,1,0,차대차 - 기타,교차로운행방법위반,건조,맑음,교차로 - 교차로안,승용,남,26세,상해없음,이륜,남,19세,경상
2018121400100589,2018년 12월 14일 19시,금요일,대전광역시 유성구 전민동,경상사고,0,0,1,0,차대차 - 기타,교차로운행방법위반,건조,맑음,교차로 - 교차로안,승용,여,46세,상해없음,승용,남,58세,경상
2018121400100590,2018년 12월 14일 19시,금요일,대전광역시 유성구 장대동,경상사고,0,0,1,0,차대사람 - 기타,안전운전불이행,건조,맑음,교차로 - 교차로부근,승용,여,64세,상해없음,보행자,남,44세,경상
2018121400100644,2018년 12월 14일 20시,금요일,대전광역시 동구 홍도동,경상사고,0,0,1,0,차대사람 - 보도통행중,보행자보호의무위반,건조,맑음,단일로 - 기타,승용,남,39세,상해없음,보행자,남,45세,경상
2018121400100675,2018년 12월 14일 21시,금요일,대전광역시 동구 용전동,경상사고,0,0,2,0,차대차 - 기타,교차로운행방법위반,건조,맑음,교차로 - 교차로안,승용,여,48세,상해없음,승용,여,29세,경상
2018121400100676,2018년 12월 14일 21시,금요일,대전광역시 서구 내동,중상사고,0,1,0,0,차대차 - 측면충돌,신호위반,건조,맑음,교차로 - 교차로안,승합,여,38세,상해없음,이륜,남,36세,중상
2018121400100677,2018년 12월 14일 21시,금요일,대전광역시 서구 탄방동,중상사고,0,1,2,0,차대차 - 측면충돌,신호위반,건조,맑음,교차로 - 교차로안,승용,남,25세,상해없음,승합,남,58세,중상
2018121400100706,2018년 12월 14일 22시,금요일,대전광역시 동구 자양동,경상사고,0,0,1,0,차대차 - 기타,안전운전불이행,건조,맑음,교차로 - 교차로부근,승용,여,25세,상해없음,승용,여,50세,경상
2018121500100101,2018년 12월 15일 05시,토요일,대전광역시 동구 용전동,부상신고사고,0,0,0,2,차대차 - 추돌,안전운전불이행,건조,맑음,교차로 - 교차로부근,승용,남,40세,상해없음,승용,남,48세,부상신고
2018121500100102,2018년 12월 15일 05시,토요일,대전광역시 서구 탄방동,경상사고,0,0,1,0,차대사람 - 횡단중,신호위반,건조,맑음,교차로 - 교차로안,승용,남,27세,상해없음,보행자,여,70세,경상
2018121500100304,2018년 12월 15일 12시,토요일,대전광역시 동구 낭월동,경상사고,0,0,1,0,차대차 - 측면충돌,안전운전불이행,건조,맑음,교차로 - 교차로횡단보도내,화물,남,32세,상해없음,이륜,남,62세,경상
2018121500100305,2018년 12월 15일 12시,토요일,대전광역시 서구 용문동,경상사고,0,0,1,0,차대차 - 추돌,안전운전불이행,건조,맑음,단일로 - 기타,승용,남,31세,상해없음,이륜,남,30세,경상
2018121500100344,2018년 12월 15일 13시,토요일,대전광역시 중구 은행동,경상사고,0,0,3,0,차대차 - 측면충돌,중앙선침범,건조,맑음,단일로 - 기타,승용,남,29세,상해없음,승용,남,38세,경상
2018121500100345,2018년 12월 15일 13시,토요일,대전광역시 동구 가오동,경상사고,0,0,1,0,차대차 - 기타,안전운전불이행,건조,맑음,단일로 - 기타,승용,여,61세,상해없음,승용,남,23세,경상
2018121500100346,2018년 12월 15일 13시,토요일,대전광역시 서구 둔산동,경상사고,0,0,1,1,차대차 - 기타,안전거리미확보,건조,맑음,교차로 - 교차로부근,승용,여,55세,부상신고,승용,여,46세,경상
2018121500100347,2018년 12월 15일 13시,토요일,대전광역시 유성구 봉명동,경상사고,0,0,1,0,차대차 - 측면충돌,안전거리미확보,건조,맑음,단일로 - 기타,승용,남,74세,상해없음,승용,여,58세,경상
2018121500100348,2018년 12월 15일 13시,토요일,대전광역시 유성구 도룡동,경상사고,0,0,1,0,차대차 - 측면충돌,교차로운행방법위반,건조,맑음,교차로 - 교차로안,승합,남,47세,상해없음,승용,남,45세,경상
2018121500100387,2018년 12월 15일 14시,토요일,대전광역시 서구 관저동,경상사고,0,0,1,0,차대사람 - 차도통행중,안전운전불이행,건조,맑음,단일로 - 기타,승용,남,42세,상해없음,보행자,남,54세,경상
2018121500100388,2018년 12월 15일 14시,토요일,대전광역시 대덕구 덕암동,경상사고,0,0,1,0,차대차 - 추돌,안전운전불이행,건조,맑음,교차로 - 교차로안,승용,여,62세,상해없음,이륜,남,40세,경상
2018121500100389,2018년 12월 15일 14시,토요일,대전광역시 유성구 노은동,경상사고,0,0,2,1,차대차 - 측면충돌,신호위반,건조,맑음,교차로 - 교차로안,승용,남,74세,상해없음,승용,남,56세,부상신고
2018121500100459,2018년 12월 15일 16시,토요일,대전광역시 중구 태평동,경상사고,0,0,2,0,차대차 - 후진중충돌,안전운전불이행,건조,맑음,단일로 - 기타,승용,남,55세,상해없음,승용,남,31세,경상
2018121500100550,2018년 12월 15일 18시,토요일,대전광역시 동구 신흥동,중상사고,0,1,0,0,차량단독 - 기타,안전운전불이행,건조,맑음,단일로 - 기타,승용,남,79세,상해없음,,,,
2018121500100551,2018년 12월 15일 18시,토요일,대전광역시 서구 월평동,경상사고,0,0,3,0,차대차 - 추돌,안전거리미확보,건조,맑음,단일로 - 기타,승용,남,36세,상해없음,승용,남,39세,경상
2018121500100619,2018년 12월 15일 20시,토요일,대전광역시 서구 복수동,경상사고,0,0,2,0,차대차 - 측면충돌,안전운전불이행,건조,맑음,교차로 - 교차로안,승용,남,51세,상해없음,승용,남,25세,경상
2018121500100674,2018년 12월 15일 22시,토요일,대전광역시 서구 둔산동,경상사고,0,0,1,0,차대사람 - 길가장자리구역통행중,안전운전불이행,건조,맑음,단일로 - 기타,승용,남,28세,상해없음,보행자,여,26세,경상
2018121500100704,2018년 12월 15일 23시,토요일,대전광역시 동구 가양동,중상사고,0,1,0,0,차대사람 - 기타,안전운전불이행,건조,맑음,단일로 - 기타,승용,남,60세,상해없음,보행자,남,33세,중상
2018121500100705,2018년 12월 15일 23시,토요일,대전광역시 서구 괴정동,중상사고,0,1,0,0,차대사람 - 기타,안전운전불이행,건조,맑음,교차로 - 교차로부근,승용,남,29세,상해없음,보행자,남,53세,중상
2018121500100706,2018년 12월 15일 23시,토요일,대전광역시 서구 둔산동,경상사고,0,0,2,0,차대차 - 측면충돌,교차로운행방법위반,건조,맑음,교차로 - 교차로안,승용,여,50세,상해없음,승용,남,29세,경상
2018121500100707,2018년 12월 15일 23시,토요일,대전광역시 유성구 장대동,경상사고,0,0,3,0,차대차 - 추돌,안전운전불이행,건조,맑음,교차로 - 교차로부근,승용,남,55세,상해없음,승용,남,64세,경상
2018121600100017,2018년 12월 16일 00시,일요일,대전광역시 동구 천동,경상사고,0,0,1,0,차대차 - 측면충돌,안전거리미확보,건조,맑음,교차로 - 교차로부근,승용,여,53세,상해없음,승용,남,33세,경상
2018121600100035,2018년 12월 16일 01시,일요일,대전광역시 서구 둔산동,경상사고,0,0,1,0,차대사람 - 길가장자리구역통행중,안전운전불이행,건조,맑음,단일로 - 기타,승용,남,63세,상해없음,보행자,여,23세,경상
2018121600100058,2018년 12월 16일 02시,일요일,대전광역시 유성구 봉명동,경상사고,0,0,1,0,차대차 - 기타,안전운전불이행,건조,맑음,단일로 - 기타,승용,남,26세,상해없음,승용,남,41세,경상
2018121600100172,2018년 12월 16일 12시,일요일,대전광역시 동구 가양동,중상사고,0,1,0,0,차대사람 - 기타,안전운전불이행,건조,맑음,교차로 - 교차로부근,승용,남,31세,상해없음,보행자,남,67세,중상
2018121600100173,2018년 12월 16일 12시,일요일,대전광역시 유성구 원내동,경상사고,0,0,2,0,차대차 - 추돌,안전운전불이행,건조,맑음,교차로 - 교차로부근,승합,남,50세,상해없음,승용,여,52세,경상
2018121600100190,2018년 12월 16일 13시,일요일,대전광역시 유성구 성북동,경상사고,0,0,3,0,차대차 - 기타,안전운전불이행,건조,맑음,교차로 - 교차로안,화물,남,65세,상해없음,승용,남,39세,경상
2018121600100211,2018년 12월 16일 14시,일요일,대전광역시 유성구 봉명동,중상사고,0,1,3,0,차대차 - 기타,안전거리미확보,건조,맑음,단일로 - 기타,승용,남,36세,상해없음,승용,여,39세,중상
2018121600100230,2018년 12월 16일 15시,일요일,대전광역시 중구 부사동,경상사고,0,0,3,0,차대차 - 측면충돌,신호위반,건조,맑음,교차로 - 교차로안,승용,여,62세,상해없음,승용,남,64세,경상
2018121600100289,2018년 12월 16일 17시,일요일,대전광역시 서구 도안동,경상사고,0,0,1,0,차대차 - 추돌,안전운전불이행,건조,맑음,단일로 - 기타,승용,남,49세,기타불명,승용,남,44세,경상
2018121600100316,2018년 12월 16일 18시,일요일,대전광역시 대덕구 오정동,경상사고,0,0,1,0,차대차 - 추돌,안전운전불이행,젖음/습기,흐림,단일로 - 기타,화물,남,66세,상해없음,승용,여,52세,경상
2018121600100317,2018년 12월 16일 18시,일요일,대전광역시 서구 월평동,경상사고,0,0,2,0,차대차 - 기타,안전운전불이행,건조,맑음,단일로 - 기타,승용,남,50세,상해없음,승용,남,50세,상해없음
2018121600100318,2018년 12월 16일 18시,일요일,대전광역시 서구 갈마동,경상사고,0,0,2,0,차대차 - 기타,안전운전불이행,건조,맑음,교차로 - 교차로부근,승용,남,76세,경상,승용,남,72세,경상
2018121600100349,2018년 12월 16일 19시,일요일,대전광역시 유성구 노은동,중상사고,0,1,3,0,차대차 - 측면충돌,신호위반,건조,맑음,교차로 - 교차로안,승용,남,25세,상해없음,승용,남,54세,경상
2018121600100403,2018년 12월 16일 21시,일요일,대전광역시 유성구 구암동,경상사고,0,0,1,0,차대차 - 측면충돌,교차로운행방법위반,건조,흐림,교차로 - 교차로안,원동기,여,63세,경상,화물,남,73세,상해없음
2018121600100432,2018년 12월 16일 22시,일요일,대전광역시 유성구 봉명동,경상사고,0,0,1,0,차대차 - 측면충돌,안전거리미확보,건조,맑음,교차로 - 교차로부근,승용,남,65세,상해없음,승용,남,61세,경상
2018121600100445,2018년 12월 16일 23시,일요일,대전광역시 대덕구 문평동,중상사고,0,1,0,0,차대사람 - 기타,안전운전불이행,건조,맑음,단일로 - 기타,특수,남,37세,상해없음,보행자,남,49세,중상
2018121700100008,2018년 12월 17일 00시,월요일,대전광역시 유성구 전민동,부상신고사고,0,0,0,1,차대사람 - 횡단중,안전운전불이행,건조,맑음,교차로 - 교차로안,승용,남,52세,상해없음,보행자,남,23세,부상신고
2018121700100028,2018년 12월 17일 02시,월요일,대전광역시 중구 선화동,중상사고,0,2,1,0,차대차 - 정면충돌,신호위반,건조,맑음,교차로 - 교차로안,승용,남,21세,상해없음,승용,남,35세,경상
2018121700100097,2018년 12월 17일 06시,월요일,대전광역시 서구 도안동,중상사고,0,1,0,0,차대차 - 추돌,안전운전불이행,젖음/습기,비,교차로 - 교차로부근,승용,남,55세,상해없음,이륜,남,37세,중상
2018121700100099,2018년 12월 17일 06시,월요일,대전광역시 유성구 봉명동,중상사고,0,1,0,0,차대차 - 측면충돌,교차로운행방법위반,젖음/습기,비,교차로 - 교차로안,이륜,남,24세,중상,화물,남,52세,상해없음
2018121700100343,2018년 12월 17일 12시,월요일,대전광역시 동구 가양동,경상사고,0,0,2,0,차대차 - 추돌,안전거리미확보,건조,맑음,단일로 - 기타,승용,남,88세,상해없음,승용,남,30세,경상
2018121700100344,2018년 12월 17일 12시,월요일,대전광역시 유성구 봉명동,중상사고,0,1,0,0,차량단독 - 기타,기타,건조,맑음,단일로 - 기타,승합,남,59세,상해없음,,,,
2018121700100374,2018년 12월 17일 13시,월요일,대전광역시 동구 삼성동,경상사고,0,0,1,0,차대차 - 추돌,안전운전불이행,건조,맑음,교차로 - 교차로안,승용,남,62세,상해없음,승용,여,41세,경상
2018121700100533,2018년 12월 17일 17시,월요일,대전광역시 동구 대동,중상사고,0,1,0,0,차대차 - 측면충돌,안전거리미확보,건조,맑음,단일로 - 기타,이륜,남,74세,중상,승용,남,65세,상해없음
2018121700100534,2018년 12월 17일 17시,월요일,대전광역시 유성구 궁동,중상사고,0,1,1,0,차대사람 - 기타,안전운전불이행,건조,맑음,단일로 - 기타,승용,여,56세,상해없음,보행자,여,62세,중상
2018121700100535,2018년 12월 17일 17시,월요일,대전광역시 유성구 지족동,경상사고,0,0,2,0,차대차 - 측면충돌,중앙선침범,건조,맑음,교차로 - 교차로안,승용,남,50세,상해없음,승합,남,38세,경상
2018121700100595,2018년 12월 17일 18시,월요일,대전광역시 동구 원동,중상사고,0,1,0,0,차대차 - 측면충돌,신호위반,건조,맑음,교차로 - 교차로안,승용,여,27세,상해없음,승용,남,60세,중상
2018121700100596,2018년 12월 17일 18시,월요일,대전광역시 서구 둔산동,경상사고,0,0,1,0,차대차 - 기타,안전운전불이행,건조,맑음,단일로 - 기타,승용,남,61세,기타불명,이륜,남,41세,경상
2018121700100597,2018년 12월 17일 18시,월요일,대전광역시 유성구 노은동,경상사고,0,0,1,0,차대차 - 기타,안전거리미확보,건조,맑음,단일로 - 지하차도(도로)내,승용,여,38세,상해없음,승용,남,29세,경상
2018121700100668,2018년 12월 17일 20시,월요일,대전광역시 유성구 원내동,중상사고,0,1,0,0,차대차 - 기타,신호위반,건조,맑음,교차로 - 교차로안,승용,여,38세,상해없음,승용,여,41세,중상
2018121700100742,2018년 12월 17일 23시,월요일,대전광역시 동구 삼성동,경상사고,0,0,1,0,차대차 - 측면충돌,신호위반,건조,맑음,교차로 - 교차로안,승용,남,34세,상해없음,승합,남,58세,경상
2018121800100082,2018년 12월 18일 06시,화요일,대전광역시 중구 태평동,경상사고,0,0,1,0,차대차 - 측면충돌,안전운전불이행,건조,맑음,단일로 - 기타,승용,남,66세,상해없음,승용,남,27세,경상
2018121800100083,2018년 12월 18일 06시,화요일,대전광역시 서구 만년동,경상사고,0,0,1,0,차대차 - 측면충돌,신호위반,건조,맑음,교차로 - 교차로안,승용,남,58세,상해없음,화물,남,64세,경상
2018121800100117,2018년 12월 18일 07시,화요일,대전광역시 유성구 노은동,경상사고,0,0,1,0,차대차 - 기타,신호위반,건조,맑음,교차로 - 교차로안,승용,여,55세,상해없음,승용,여,68세,경상
2018121800100118,2018년 12월 18일 07시,화요일,대전광역시 유성구 덕명동,경상사고,0,0,1,0,차대차 - 측면충돌,안전운전불이행,건조,맑음,단일로 - 기타,승용,남,56세,상해없음,승용,남,40세,상해없음
2018121800100171,2018년 12월 18일 08시,화요일,대전광역시 서구 월평동,경상사고,0,0,1,0,차대사람 - 보도통행중,보행자보호의무위반,건조,맑음,교차로 - 교차로횡단보도내,승용,남,37세,상해없음,보행자,여,41세,경상
2018121800100211,2018년 12월 18일 09시,화요일,대전광역시 유성구 원내동,경상사고,0,0,4,0,차대차 - 측면충돌,신호위반,건조,맑음,교차로 - 교차로안,승용,남,67세,상해없음,승용,여,29세,경상
2018121800100212,2018년 12월 18일 09시,화요일,대전광역시 유성구 가정동,경상사고,0,0,1,0,차대차 - 추돌,안전운전불이행,건조,맑음,단일로 - 교량,승용,남,55세,상해없음,승용,여,41세,경상
2018121800100267,2018년 12월 18일 11시,화요일,대전광역시 대덕구 비래동,경상사고,0,0,2,0,차대차 - 기타,교차로운행방법위반,건조,맑음,교차로 - 교차로안,승용,남,47세,경상,승용,남,74세,경상
2018121800100300,2018년 12월 18일 12시,화요일,대전광역시 동구 용전동,경상사고,0,0,1,0,차대차 - 측면충돌,안전운전불이행,건조,맑음,기타 - 기타,승용,여,49세,상해없음,자전거,남,25세,경상
2018121800100384,2018년 12월 18일 15시,화요일,대전광역시 동구 대성동,경상사고,0,0,4,0,차대차 - 측면충돌,안전운전불이행,건조,맑음,단일로 - 기타,승용,남,38세,상해없음,승합,남,45세,경상
2018121800100385,2018년 12월 18일 15시,화요일,대전광역시 서구 둔산동,부상신고사고,0,0,0,1,차대차 - 기타,안전거리미확보,건조,맑음,단일로 - 기타,자전거,남,71세,부상신고,승용,여,43세,상해없음
2018121800100386,2018년 12월 18일 15시,화요일,대전광역시 유성구 궁동,경상사고,0,0,1,0,차대차 - 기타,신호위반,건조,맑음,교차로 - 교차로안,화물,남,61세,상해없음,승합,남,50세,상해없음
2018121800100466,2018년 12월 18일 17시,화요일,대전광역시 동구 판암동,경상사고,0,0,1,0,차대차 - 기타,안전운전불이행,건조,맑음,주차장 - 주차장,승용,남,74세,상해없음,승용,여,35세,경상
2018121800100467,2018년 12월 18일 17시,화요일,대전광역시 유성구 죽동,중상사고,0,1,0,0,차대차 - 기타,신호위반,건조,맑음,교차로 - 교차로안,승용,남,56세,기타불명,승용,여,42세,중상
2018121800100529,2018년 12월 18일 18시,화요일,대전광역시 동구 홍도동,경상사고,0,0,1,0,차대차 - 측면충돌,안전운전불이행,건조,맑음,단일로 - 기타,승용,여,63세,기타불명,승용,남,42세,경상
2018121800100530,2018년 12월 18일 18시,화요일,대전광역시 서구 도안동,중상사고,0,2,0,0,차대사람 - 횡단중,보행자보호의무위반,젖음/습기,흐림,단일로 - 기타,승용,남,33세,상해없음,보행자,여,24세,중상
2018121800100531,2018년 12월 18일 18시,화요일,대전광역시 대덕구 석봉동,중상사고,0,1,0,0,차대사람 - 기타,안전운전불이행,건조,맑음,교차로 - 교차로안,승용,남,63세,상해없음,보행자,남,55세,중상
2018121800100532,2018년 12월 18일 18시,화요일,대전광역시 대덕구 중리동,경상사고,0,0,1,0,차대차 - 기타,안전운전불이행,건조,맑음,단일로 - 기타,화물,여,35세,상해없음,승용,여,41세,경상
2018121800100533,2018년 12월 18일 18시,화요일,대전광역시 유성구 원촌동,경상사고,0,0,1,0,차대차 - 기타,안전운전불이행,건조,맑음,단일로 - 기타,승용,여,35세,상해없음,승용,여,35세,경상
2018121800100534,2018년 12월 18일 18시,화요일,대전광역시 유성구 갑동,사망사고,1,1,0,0,차대차 - 기타,중앙선침범,건조,맑음,단일로 - 기타,승용,남,28세,상해없음,화물,남,57세,중상
2018121800100629,2018년 12월 18일 21시,화요일,대전광역시 대덕구 평촌동,경상사고,0,0,1,0,차대사람 - 기타,안전운전불이행,건조,맑음,단일로 - 기타,승용,여,41세,상해없음,보행자,남,17세,경상
2018121800100630,2018년 12월 18일 21시,화요일,대전광역시 유성구 신성동,경상사고,0,0,1,0,차대차 - 기타,안전운전불이행,건조,맑음,단일로 - 기타,승용,남,54세,상해없음,승용,남,36세,경상
2018121800100655,2018년 12월 18일 22시,화요일,대전광역시 중구 용두동,경상사고,0,0,3,0,차대차 - 측면충돌,신호위반,건조,맑음,교차로 - 교차로안,승용,남,68세,상해없음,승용,남,57세,경상
2018121900100081,2018년 12월 19일 06시,수요일,대전광역시 대덕구 중리동,중상사고,0,1,3,0,차대차 - 기타,안전운전불이행,젖음/습기,비,단일로 - 기타,승용,남,28세,상해없음,승합,남,49세,경상
2018121900100117,2018년 12월 19일 07시,수요일,대전광역시 서구 갈마동,중상사고,0,1,0,0,차대차 - 측면충돌,신호위반,젖음/습기,흐림,교차로 - 교차로안,이륜,남,55세,중상,화물,남,76세,상해없음
2018121900100235,2018년 12월 19일 11시,수요일,대전광역시 대덕구 대화동,중상사고,0,1,0,0,차대사람 - 길가장자리구역통행중,안전운전불이행,건조,맑음,단일로 - 기타,화물,남,30세,상해없음,보행자,여,86세,중상
2018121900100237,2018년 12월 19일 11시,수요일,대전광역시 대덕구 신대동,경상사고,0,0,2,0,차대차 - 측면충돌,안전운전불이행,건조,맑음,단일로 - 기타,승용,남,22세,상해없음,승용,남,71세,경상
2018121900100308,2018년 12월 19일 13시,수요일,대전광역시 동구 원동,경상사고,0,0,1,0,차대차 - 측면충돌,신호위반,건조,맑음,단일로 - 기타,승용,남,58세,상해없음,승합,남,63세,상해없음
2018121900100309,2018년 12월 19일 13시,수요일,대전광역시 대덕구 신일동,경상사고,0,0,3,0,차대차 - 추돌,안전운전불이행,건조,맑음,단일로 - 기타,화물,남,43세,상해없음,승용,남,32세,경상
2018121900100365,2018년 12월 19일 15시,수요일,대전광역시 유성구 원내동,경상사고,0,0,1,0,차대차 - 추돌,안전운전불이행,건조,맑음,단일로 - 기타,승용,여,41세,상해없음,승용,남,34세,경상
2018121900100401,2018년 12월 19일 16시,수요일,대전광역시 서구 둔산동,경상사고,0,0,2,3,차대차 - 측면충돌,안전운전불이행,건조,맑음,기타 - 기타,승용,여,58세,상해없음,화물,남,69세,경상
2018121900100402,2018년 12월 19일 16시,수요일,대전광역시 유성구 도룡동,경상사고,0,0,1,0,차대차 - 측면충돌,신호위반,건조,맑음,단일로 - 기타,승용,여,56세,상해없음,승용,여,45세,경상
2018121900100456,2018년 12월 19일 17시,수요일,대전광역시 유성구 원신흥동,경상사고,0,0,2,0,차대차 - 추돌,안전운전불이행,건조,맑음,교차로 - 교차로부근,화물,남,59세,상해없음,승용,여,41세,경상
2018121900100552,2018년 12월 19일 19시,수요일,대전광역시 대덕구 법동,경상사고,0,0,1,0,차대차 - 추돌,안전운전불이행,건조,맑음,교차로 - 교차로부근,승용,여,57세,상해없음,승용,남,56세,경상
2018121900100576,2018년 12월 19일 20시,수요일,대전광역시 유성구 원신흥동,경상사고,0,0,3,0,차대차 - 추돌,차로위반,건조,맑음,단일로 - 기타,승용,남,22세,상해없음,승용,여,37세,경상
2018121900100602,2018년 12월 19일 21시,수요일,대전광역시 중구 오류동,경상사고,0,0,1,0,차대차 - 추돌,안전운전불이행,건조,맑음,단일로 - 교량,이륜,남,37세,상해없음,승용,여,44세,경상
2018121900100603,2018년 12월 19일 21시,수요일,대전광역시 서구 탄방동,경상사고,0,0,1,0,차대사람 - 횡단중,보행자보호의무위반,건조,맑음,교차로 - 교차로횡단보도내,승용,남,37세,상해없음,보행자,남,45세,경상
2018121900100654,2018년 12월 19일 23시,수요일,대전광역시 서구 탄방동,중상사고,0,1,0,0,차대사람 - 횡단중,안전운전불이행,건조,맑음,단일로 - 기타,승용,여,37세,상해없음,보행자,남,45세,중상
2018121900100655,2018년 12월 19일 23시,수요일,대전광역시 유성구 하기동,중상사고,0,1,0,0,차대사람 - 횡단중,과속,건조,맑음,교차로 - 교차로횡단보도내,승용,남,58세,상해없음,보행자,남,23세,중상
2018122000100014,2018년 12월 20일 00시,목요일,대전광역시 동구 인동,중상사고,0,1,1,0,차대차 - 측면충돌,신호위반,건조,맑음,교차로 - 교차로안,승용,남,69세,상해없음,승용,남,66세,중상
2018122000100015,2018년 12월 20일 00시,목요일,대전광역시 서구 둔산동,경상사고,0,0,2,0,차대차 - 측면충돌,신호위반,건조,맑음,교차로 - 교차로안,이륜,남,28세,경상,승용,남,65세,경상
2018122000100029,2018년 12월 20일 01시,목요일,대전광역시 유성구 죽동,경상사고,0,0,3,0,차대차 - 추돌,안전운전불이행,건조,맑음,교차로 - 교차로부근,승용,남,29세,상해없음,승용,남,55세,경상
2018122000100036,2018년 12월 20일 02시,목요일,대전광역시 서구 내동,경상사고,0,0,1,0,차대차 - 추돌,안전운전불이행,건조,맑음,교차로 - 교차로부근,승용,남,29세,상해없음,화물,남,43세,경상
2018122000100138,2018년 12월 20일 08시,목요일,대전광역시 동구 대동,경상사고,0,0,2,0,차대차 - 측면충돌,교차로운행방법위반,건조,맑음,교차로 - 교차로안,승용,남,27세,상해없음,승용,여,51세,경상
2018122000100139,2018년 12월 20일 08시,목요일,대전광역시 유성구 관평동,경상사고,0,0,2,0,차대차 - 추돌,안전운전불이행,건조,맑음,단일로 - 기타,승용,여,26세,상해없음,승용,여,46세,경상
2018122000100172,2018년 12월 20일 09시,목요일,대전광역시 유성구 용산동,중상사고,0,2,0,0,차대차 - 측면충돌,신호위반,건조,맑음,교차로 - 교차로안,승용,남,30세,상해없음,승합,남,69세,중상
2018122000100243,2018년 12월 20일 12시,목요일,대전광역시 동구 용운동,경상사고,0,0,1,0,차대사람 - 횡단중,보행자보호의무위반,건조,맑음,교차로 - 교차로횡단보도내,승용,여,54세,상해없음,보행자,여,68세,경상
2018122000100244,2018년 12월 20일 12시,목요일,대전광역시 대덕구 송촌동,중상사고,0,1,0,0,차대사람 - 기타,기타,건조,맑음,기타 - 기타,승용,남,42세,상해없음,보행자,여,35세,중상
2018122000100265,2018년 12월 20일 13시,목요일,대전광역시 동구 삼성동,중상사고,0,1,0,0,차대사람 - 기타,안전운전불이행,건조,맑음,교차로 - 교차로안,승용,여,66세,상해없음,보행자,여,79세,중상
2018122000100266,2018년 12월 20일 13시,목요일,대전광역시 유성구 봉산동,경상사고,0,0,2,0,차대차 - 측면충돌,중앙선침범,건조,맑음,교차로 - 교차로안,화물,여,69세,상해없음,승용,남,36세,경상
2018122000100292,2018년 12월 20일 14시,목요일,대전광역시 서구 갈마동,경상사고,0,0,2,0,차대차 - 추돌,안전거리미확보,건조,맑음,단일로 - 기타,승용,여,50세,상해없음,승용,남,41세,경상
2018122000100356,2018년 12월 20일 16시,목요일,대전광역시 중구 부사동,경상사고,0,0,2,0,차대차 - 기타,안전거리미확보,건조,맑음,단일로 - 기타,승용,남,53세,상해없음,승용,남,26세,경상
2018122000100357,2018년 12월 20일 16시,목요일,대전광역시 중구 용두동,부상신고사고,0,0,0,1,차대차 - 기타,안전운전불이행,건조,맑음,단일로 - 기타,자전거,여,73세,부상신고,승용,남,44세,상해없음
2018122000100358,2018년 12월 20일 16시,목요일,대전광역시 중구 유천동,경상사고,0,0,2,2,차대차 - 추돌,안전운전불이행,건조,맑음,교차로 - 교차로안,화물,남,40세,상해없음,승용,남,36세,경상
2018122000100359,2018년 12월 20일 16시,목요일,대전광역시 서구 가장동,중상사고,0,1,0,0,차대사람 - 횡단중,보행자보호의무위반,건조,맑음,교차로 - 교차로횡단보도내,승용,여,38세,상해없음,보행자,남,60세,중상
2018122000100360,2018년 12월 20일 16시,목요일,대전광역시 대덕구 중리동,경상사고,0,0,1,0,차대차 - 측면충돌,교차로운행방법위반,건조,맑음,교차로 - 교차로안,화물,남,52세,기타불명,승용,남,38세,경상
2018122000100394,2018년 12월 20일 17시,목요일,대전광역시 중구 문화동,중상사고,0,1,0,0,차대차 - 기타,교차로운행방법위반,건조,맑음,교차로 - 교차로안,승용,남,34세,상해없음,원동기,남,48세,중상