사고번호,사고일시,요일,시군구,사고내용,사망자수,중상자수,경상자수,부상신고자수,사고유형,법규위반,노면상태,기상상태,도로형태,가해운전자 차종,가해운전자 성별,가해운전자 연령,가해운전자 상해정도,피해운전자 차종,피해운전자 성별,피해운전자 연령,피해운전자 상해정도
2018122000100395,2018년 12월 20일 17시,목요일,대전광역시 서구 탄방동,중상사고,0,1,0,0,차대차 - 추돌,안전운전불이행,건조,맑음,교차로 - 교차로부근,승용,남,54세,상해없음,승용,남,61세,중상
2018122000100452,2018년 12월 20일 18시,목요일,대전광역시 중구 유천동,경상사고,0,0,1,0,차대사람 - 횡단중,안전운전불이행,건조,맑음,단일로 - 기타,승용,여,28세,상해없음,보행자,남,68세,경상
2018122000100453,2018년 12월 20일 18시,목요일,대전광역시 유성구 가정동,경상사고,0,0,1,0,차대차 - 측면충돌,안전거리미확보,건조,맑음,단일로 - 기타,승용,남,48세,상해없음,화물,남,57세,경상
2018122000100454,2018년 12월 20일 18시,목요일,대전광역시 유성구 어은동,중상사고,0,2,1,1,차대차 - 추돌,안전운전불이행,건조,맑음,교차로 - 교차로안,승용,남,32세,상해없음,승용,남,64세,중상
2018122000100455,2018년 12월 20일 18시,목요일,대전광역시 유성구 도룡동,경상사고,0,0,1,0,차대차 - 기타,안전운전불이행,건조,맑음,교차로 - 교차로안,승용,남,56세,상해없음,승용,여,35세,경상
2018122000100525,2018년 12월 20일 20시,목요일,대전광역시 유성구 봉명동,부상신고사고,0,0,0,1,차대사람 - 기타,안전운전불이행,건조,맑음,교차로 - 교차로부근,승용,남,50세,상해없음,보행자,남,30세,부상신고
2018122000100557,2018년 12월 20일 21시,목요일,대전광역시 서구 둔산동,중상사고,0,1,0,0,차대사람 - 횡단중,안전운전불이행,건조,맑음,단일로 - 기타,자전거,남,13세,상해없음,보행자,여,42세,중상
2018122000100558,2018년 12월 20일 21시,목요일,대전광역시 유성구 반석동,경상사고,0,0,2,0,차대차 - 추돌,안전운전불이행,건조,맑음,교차로 - 교차로부근,승용,남,46세,상해없음,승용,남,49세,경상
2018122000100607,2018년 12월 20일 23시,목요일,대전광역시 서구 둔산동,경상사고,0,0,2,0,차대차 - 기타,안전운전불이행,건조,맑음,교차로 - 교차로안,화물,남,48세,상해없음,승용,남,52세,경상
2018122100100014,2018년 12월 21일 00시,금요일,대전광역시 중구 중촌동,경상사고,0,0,2,0,차대차 - 추돌,안전운전불이행,건조,맑음,단일로 - 기타,승용,남,57세,상해없음,승용,여,29세,경상
2018122100100015,2018년 12월 21일 00시,금요일,대전광역시 동구 신흥동,경상사고,0,0,1,0,차대차 - 기타,신호위반,건조,맑음,교차로 - 교차로안,기타불명,기타불명,미분류,기타불명,개인형이동수단(PM),남,27세,경상
2018122100100029,2018년 12월 21일 01시,금요일,대전광역시 중구 선화동,경상사고,0,0,5,0,차대차 - 측면충돌,신호위반,건조,맑음,단일로 - 기타,승용,여,45세,경상,승용,남,62세,경상
2018122100100030,2018년 12월 21일 01시,금요일,대전광역시 중구 용두동,경상사고,0,0,1,0,차대차 - 측면충돌,안전운전불이행,건조,맑음,교차로 - 교차로안,승용,남,27세,상해없음,화물,남,43세,경상
2018122100100031,2018년 12월 21일 01시,금요일,대전광역시 서구 둔산동,경상사고,0,0,1,0,차대사람 - 차도통행중,안전운전불이행,건조,맑음,단일로 - 기타,화물,남,22세,상해없음,보행자,남,29세,경상
2018122100100060,2018년 12월 21일 04시,금요일,대전광역시 중구 태평동,경상사고,0,0,1,0,차대차 - 추돌,안전운전불이행,건조,맑음,교차로 - 교차로안,승용,여,60세,상해없음,승용,남,68세,경상
2018122100100071,2018년 12월 21일 05시,금요일,대전광역시 대덕구 신일동,경상사고,0,0,1,0,차대차 - 정면충돌,중앙선침범,건조,맑음,단일로 - 기타,승용,남,65세,상해없음,특수,남,51세,경상
2018122100100098,2018년 12월 21일 06시,금요일,대전광역시 유성구 장대동,경상사고,0,0,2,0,차대차 - 추돌,안전운전불이행,건조,맑음,교차로 - 교차로부근,승용,남,23세,상해없음,화물,남,52세,경상
2018122100100130,2018년 12월 21일 07시,금요일,대전광역시 서구 둔산동,부상신고사고,0,0,0,1,차대차 - 측면충돌,안전운전불이행,건조,맑음,기타 - 기타,승용,여,43세,상해없음,자전거,남,17세,부상신고
2018122100100153,2018년 12월 21일 08시,금요일,대전광역시 유성구 봉명동,경상사고,0,0,9,0,차대차 - 기타,신호위반,건조,맑음,교차로 - 교차로부근,승용,남,26세,상해없음,승합,남,54세,상해없음
2018122100100191,2018년 12월 21일 09시,금요일,대전광역시 유성구 자운동,부상신고사고,0,0,0,1,차대차 - 추돌,안전운전불이행,건조,맑음,교차로 - 교차로부근,승용,여,39세,상해없음,승용,여,53세,부상신고
2018122100100192,2018년 12월 21일 09시,금요일,대전광역시 유성구 봉명동,중상사고,0,1,7,0,차대차 - 추돌,안전운전불이행,건조,맑음,단일로 - 기타,승합,남,34세,상해없음,승용,여,52세,경상
2018122100100255,2018년 12월 21일 11시,금요일,대전광역시 중구 문화동,경상사고,0,0,2,0,차대차 - 측면충돌,안전거리미확보,건조,맑음,단일로 - 지하차도(도로)내,승용,남,42세,상해없음,승용,남,51세,경상
2018122100100256,2018년 12월 21일 11시,금요일,대전광역시 서구 탄방동,경상사고,0,0,1,0,차대차 - 추돌,안전운전불이행,건조,맑음,단일로 - 기타,승용,남,35세,상해없음,승용,여,47세,경상
2018122100100257,2018년 12월 21일 11시,금요일,대전광역시 서구 탄방동,중상사고,0,1,0,0,차대사람 - 보도통행중,보행자보호의무위반,건조,맑음,교차로 - 교차로안,승용,남,55세,상해없음,보행자,여,31세,중상
2018122100100258,2018년 12월 21일 11시,금요일,대전광역시 유성구 구암동,경상사고,0,0,1,0,차대차 - 추돌,안전운전불이행,건조,맑음,교차로 - 교차로부근,승용,남,67세,상해없음,승용,여,28세,경상
2018122100100259,2018년 12월 21일 11시,금요일,대전광역시 유성구 봉명동,경상사고,0,0,2,0,차대차 - 추돌,직진우회전진행방해,건조,맑음,교차로 - 교차로안,승용,남,32세,상해없음,승용,여,43세,경상
2018122100100375,2018년 12월 21일 15시,금요일,대전광역시 중구 문화동,경상사고,0,0,1,0,차대차 - 측면충돌,교차로운행방법위반,건조,맑음,교차로 - 교차로안,승용,여,58세,상해없음,승용,여,58세,경상
2018122100100376,2018년 12월 21일 15시,금요일,대전광역시 중구 문창동,경상사고,0,0,1,0,차대차 - 측면충돌,교차로운행방법위반,건조,맑음,교차로 - 교차로안,승용,남,72세,상해없음,승용,남,40세,경상
2018122100100377,2018년 12월 21일 15시,금요일,대전광역시 서구 도안동,경상사고,0,0,1,0,차량단독 - 기타,안전운전불이행,건조,맑음,단일로 - 기타,승합,남,47세,상해없음,,,,
2018122100100378,2018년 12월 21일 15시,금요일,대전광역시 유성구 봉명동,경상사고,0,0,1,0,차대차 - 기타,안전운전불이행,건조,맑음,단일로 - 기타,승용,여,57세,상해없음,승용,남,34세,경상
2018122100100413,2018년 12월 21일 16시,금요일,대전광역시 동구 용전동,경상사고,0,0,4,0,차대차 - 기타,안전운전불이행,건조,맑음,교차로 - 교차로안,승용,남,29세,경상,승용,남,80세,경상
2018122100100414,2018년 12월 21일 16시,금요일,대전광역시 서구 월평동,경상사고,0,0,2,0,차대차 - 측면충돌,안전거리미확보,건조,맑음,교차로 - 교차로부근,승용,남,60세,상해없음,승용,여,60세,경상
2018122100100533,2018년 12월 21일 18시,금요일,대전광역시 중구 오류동,중상사고,0,1,0,0,차대차 - 기타,신호위반,건조,맑음,교차로 - 교차로안,승용,남,53세,상해없음,원동기,남,57세,중상
2018122100100534,2018년 12월 21일 18시,금요일,대전광역시 서구 도마동,중상사고,0,1,0,0,차대사람 - 횡단중,안전운전불이행,건조,맑음,단일로 - 기타,승용,남,56세,상해없음,보행자,여,25세,중상
2018122100100535,2018년 12월 21일 18시,금요일,대전광역시 대덕구 오정동,경상사고,0,0,1,0,차대차 - 기타,안전운전불이행,젖음/습기,흐림,단일로 - 기타,승용,남,53세,상해없음,승합,남,38세,경상
2018122100100572,2018년 12월 21일 19시,금요일,대전광역시 서구 탄방동,경상사고,0,0,1,0,차대차 - 추돌,안전운전불이행,건조,맑음,단일로 - 기타,승용,남,62세,상해없음,승용,여,61세,경상
2018122100100634,2018년 12월 21일 21시,금요일,대전광역시 서구 둔산동,경상사고,0,0,2,0,차대차 - 기타,안전운전불이행,건조,맑음,교차로 - 교차로안,승용,여,53세,상해없음,승용,남,50세,상해없음
2018122100100635,2018년 12월 21일 21시,금요일,대전광역시 유성구 원내동,경상사고,0,0,1,0,차대차 - 기타,안전운전불이행,건조,맑음,단일로 - 기타,승용,남,63세,상해없음,원동기,남,43세,경상
2018122100100669,2018년 12월 21일 22시,금요일,대전광역시 동구 낭월동,경상사고,0,0,2,0,차대차 - 추돌,안전운전불이행,건조,맑음,교차로 - 교차로부근,승용,남,61세,상해없음,승용,남,23세,경상
2018122100100670,2018년 12월 21일 22시,금요일,대전광역시 서구 만년동,경상사고,0,0,1,0,차대차 - 추돌,안전거리미확보,건조,맑음,단일로 - 기타,승용,남,50세,상해없음,승용,남,31세,경상
2018122100100697,2018년 12월 21일 23시,금요일,대전광역시 동구 용전동,경상사고,0,0,3,0,차대차 - 측면충돌,안전운전불이행,건조,맑음,단일로 - 기타,승용,여,40세,기타불명,승합,남,54세,경상
2018122100100698,2018년 12월 21일 23시,금요일,대전광역시 유성구 장대동,경상사고,0,0,5,0,차대차 - 추돌,안전운전불이행,건조,맑음,단일로 - 기타,승용,남,29세,상해없음,승용,남,65세,경상
2018122200100079,2018년 12월 22일 04시,토요일,대전광역시 서구 둔산동,중상사고,0,1,1,0,차대차 - 측면충돌,직진우회전진행방해,건조,맑음,교차로 - 교차로안,승용,남,22세,상해없음,승용,여,61세,중상
2018122200100149,2018년 12월 22일 08시,토요일,대전광역시 대덕구 신탄진동,경상사고,0,0,1,0,차대사람 - 기타,안전운전불이행,건조,맑음,단일로 - 기타,승용,남,38세,상해없음,보행자,여,80세,경상
2018122200100211,2018년 12월 22일 10시,토요일,대전광역시 대덕구 법동,중상사고,0,1,0,0,차대사람 - 횡단중,보행자보호의무위반,건조,맑음,단일로 - 기타,승용,남,51세,상해없음,보행자,여,82세,중상
2018122200100246,2018년 12월 22일 11시,토요일,대전광역시 동구 용전동,경상사고,0,0,1,0,차대차 - 측면충돌,교차로운행방법위반,건조,맑음,교차로 - 교차로안,승용,여,46세,상해없음,이륜,남,33세,경상
2018122200100247,2018년 12월 22일 11시,토요일,대전광역시 서구 월평동,경상사고,0,0,1,0,차대차 - 기타,안전거리미확보,건조,맑음,교차로 - 교차로부근,승용,남,47세,상해없음,승용,남,41세,경상
2018122200100317,2018년 12월 22일 13시,토요일,대전광역시 중구 석교동,중상사고,0,1,0,0,차대차 - 측면충돌,교차로운행방법위반,건조,맑음,교차로 - 교차로안,화물,여,51세,상해없음,이륜,남,21세,중상
2018122200100318,2018년 12월 22일 13시,토요일,대전광역시 서구 둔산동,경상사고,0,0,1,0,차대사람 - 횡단중,신호위반,건조,맑음,교차로 - 교차로횡단보도내,승용,남,45세,상해없음,보행자,남,27세,경상
2018122200100356,2018년 12월 22일 14시,토요일,대전광역시 유성구 원내동,부상신고사고,0,0,0,7,차대차 - 추돌,안전운전불이행,건조,맑음,단일로 - 기타,승용,남,41세,부상신고,승용,여,48세,부상신고
2018122200100463,2018년 12월 22일 17시,토요일,대전광역시 중구 오류동,경상사고,0,0,1,0,차대차 - 기타,안전운전불이행,건조,맑음,단일로 - 기타,화물,남,45세,상해없음,승합,남,52세,상해없음
2018122200100464,2018년 12월 22일 17시,토요일,대전광역시 동구 가양동,경상사고,0,0,1,0,차대사람 - 기타,안전운전불이행,건조,맑음,단일로 - 기타,승용,여,53세,상해없음,보행자,남,68세,경상
2018122200100510,2018년 12월 22일 18시,토요일,대전광역시 유성구 봉명동,경상사고,0,0,2,0,차대차 - 측면충돌,안전거리미확보,건조,맑음,단일로 - 기타,승용,남,63세,상해없음,승용,남,24세,경상
2018122200100539,2018년 12월 22일 19시,토요일,대전광역시 중구 안영동,부상신고사고,0,0,0,1,차대사람 - 횡단중,보행자보호의무위반,건조,맑음,교차로 - 교차로안,승용,남,54세,상해없음,보행자,남,51세,부상신고
2018122300100025,2018년 12월 23일 00시,일요일,대전광역시 서구 갈마동,경상사고,0,0,4,0,차대차 - 추돌,안전운전불이행,건조,맑음,단일로 - 기타,이륜,남,52세,상해없음,승용,남,29세,경상
2018122300100036,2018년 12월 23일 01시,일요일,대전광역시 유성구 상대동,경상사고,0,0,1,0,차대사람 - 길가장자리구역통행중,안전운전불이행,건조,맑음,교차로 - 교차로안,승용,남,55세,상해없음,보행자,남,51세,경상
2018122300100078,2018년 12월 23일 04시,일요일,대전광역시 대덕구 송촌동,경상사고,0,0,1,0,차대사람 - 기타,안전운전불이행,건조,맑음,단일로 - 기타,승용,남,34세,기타불명,보행자,남,33세,경상
2018122300100096,2018년 12월 23일 06시,일요일,대전광역시 동구 대동,경상사고,0,0,1,0,차대차 - 추돌,안전운전불이행,건조,맑음,교차로 - 교차로부근,승용,남,25세,상해없음,승용,여,28세,경상
2018122300100097,2018년 12월 23일 06시,일요일,대전광역시 서구 관저동,중상사고,0,1,0,0,차대사람 - 횡단중,안전운전불이행,건조,맑음,기타 - 기타,승용,남,79세,상해없음,보행자,여,62세,중상
2018122300100147,2018년 12월 23일 10시,일요일,대전광역시 동구 가양동,경상사고,0,0,1,0,차대차 - 기타,교차로운행방법위반,건조,맑음,교차로 - 교차로안,승용,남,66세,상해없음,승용,남,65세,경상
2018122300100160,2018년 12월 23일 11시,일요일,대전광역시 동구 인동,경상사고,0,0,1,0,차대차 - 기타,신호위반,건조,맑음,교차로 - 교차로안,이륜,남,20세,상해없음,승용,남,59세,경상
2018122300100161,2018년 12월 23일 11시,일요일,대전광역시 서구 내동,경상사고,0,0,1,0,차대사람 - 횡단중,보행자보호의무위반,건조,맑음,단일로 - 기타,화물,남,61세,상해없음,보행자,남,76세,경상
2018122300100183,2018년 12월 23일 12시,일요일,대전광역시 서구 갈마동,중상사고,0,1,0,0,차대차 - 추돌,안전운전불이행,건조,맑음,교차로 - 교차로부근,승용,남,29세,상해없음,승용,여,46세,중상
2018122300100206,2018년 12월 23일 13시,일요일,대전광역시 동구 가양동,중상사고,0,1,0,0,차대차 - 기타,안전운전불이행,건조,맑음,교차로 - 교차로횡단보도내,이륜,남,22세,상해없음,개인형이동수단(PM),남,49세,중상
2018122300100207,2018년 12월 23일 13시,일요일,대전광역시 유성구 봉명동,부상신고사고,0,0,0,1,차대차 - 기타,신호위반,건조,맑음,교차로 - 교차로안,승용,여,27세,상해없음,승용,남,28세,부상신고
2018122300100234,2018년 12월 23일 14시,일요일,대전광역시 서구 도마동,경상사고,0,0,1,0,차대차 - 추돌,안전운전불이행,건조,맑음,단일로 - 기타,화물,남,66세,상해없음,승용,여,53세,경상
2018122300100267,2018년 12월 23일 15시,일요일,대전광역시 유성구 용산동,경상사고,0,0,1,0,차대차 - 추돌,안전운전불이행,건조,맑음,교차로 - 교차로안,승용,남,32세,상해없음,승용,남,48세,경상
2018122300100291,2018년 12월 23일 16시,일요일,대전광역시 중구 유천동,경상사고,0,0,2,0,차대차 - 기타,신호위반,건조,맑음,교차로 - 교차로안,승용,여,44세,상해없음,승용,남,39세,경상
2018122300100318,2018년 12월 23일 17시,일요일,대전광역시 유성구 지족동,경상사고,0,0,1,0,차대차 - 측면충돌,안전운전불이행,건조,맑음,단일로 - 기타,승용,남,58세,상해없음,이륜,남,19세,경상
2018122300100347,2018년 12월 23일 18시,일요일,대전광역시 대덕구 읍내동,중상사고,0,1,0,0,차대차 - 기타,안전운전불이행,건조,맑음,단일로 - 기타,승합,남,56세,상해없음,이륜,남,18세,중상
2018122300100391,2018년 12월 23일 20시,일요일,대전광역시 동구 가오동,경상사고,0,0,2,0,차대차 - 측면충돌,안전운전불이행,건조,맑음,교차로 - 교차로부근,승용,여,51세,상해없음,승용,남,24세,경상
2018122300100392,2018년 12월 23일 20시,일요일,대전광역시 서구 둔산동,중상사고,0,2,4,0,차대차 - 기타,신호위반,건조,맑음,교차로 - 교차로안,승용,여,41세,상해없음,승용,남,53세,중상
2018122300100427,2018년 12월 23일 22시,일요일,대전광역시 동구 신흥동,경상사고,0,0,1,0,차대차 - 추돌,안전거리미확보,건조,맑음,교차로 - 교차로부근,승용,여,34세,상해없음,승용,여,22세,경상
2018122300100428,2018년 12월 23일 22시,일요일,대전광역시 유성구 신성동,경상사고,0,0,1,0,차대차 - 측면충돌,안전운전불이행,건조,맑음,단일로 - 기타,승용,남,38세,상해없음,승용,남,25세,경상
2018122300100448,2018년 12월 23일 23시,일요일,대전광역시 유성구 가정동,경상사고,0,0,2,0,차대차 - 측면충돌,안전거리미확보,건조,맑음,단일로 - 기타,승용,남,62세,상해없음,승용,남,25세,경상
2018122400100009,2018년 12월 24일 00시,월요일,대전광역시 유성구 장대동,경상사고,0,0,2,0,차대차 - 측면충돌,신호위반,건조,맑음,교차로 - 교차로안,승용,남,57세,상해없음,승용,남,51세,경상
2018122400100122,2018년 12월 24일 08시,월요일,대전광역시 서구 둔산동,경상사고,0,0,3,0,차대차 - 추돌,안전거리미확보,건조,맑음,단일로 - 기타,승용,남,82세,상해없음,승용,여,30세,경상
2018122400100151,2018년 12월 24일 09시,월요일,대전광역시 중구 오류동,사망사고,1,0,0,0,차대사람 - 횡단중,보행자보호의무위반,건조,맑음,교차로 - 교차로안,승용,남,77세,상해없음,보행자,여,64세,사망
2018122400100152,2018년 12월 24일 09시,월요일,대전광역시 대덕구 석봉동,중상사고,0,1,0,0,차대차 - 측면충돌,교차로운행방법위반,건조,맑음,주차장 - 주차장,승용,여,36세,상해없음,승용,여,60세,중상
2018122400100153,2018년 12월 24일 09시,월요일,대전광역시 서구 둔산동,중상사고,0,1,0,0,차대차 - 기타,안전운전불이행,건조,맑음,교차로 - 교차로안,승용,남,53세,상해없음,자전거,남,57세,중상
2018122400100189,2018년 12월 24일 10시,월요일,대전광역시 서구 둔산동,경상사고,0,0,2,0,차대차 - 측면충돌,교차로운행방법위반,건조,맑음,교차로 - 교차로안,승용,여,61세,경상,승용,여,40세,경상
2018122400100221,2018년 12월 24일 11시,월요일,대전광역시 중구 호동,경상사고,0,0,1,0,차대사람 - 차도통행중,안전운전불이행,건조,맑음,교차로 - 교차로안,화물,남,47세,상해없음,보행자,남,44세,경상
2018122400100222,2018년 12월 24일 11시,월요일,대전광역시 서구 도마동,중상사고,0,1,0,0,차대차 - 측면충돌,신호위반,건조,맑음,교차로 - 교차로안,승용,남,82세,상해없음,이륜,남,67세,중상
2018122400100256,2018년 12월 24일 12시,월요일,대전광역시 중구 문화동,경상사고,0,0,6,0,차대차 - 측면충돌,안전거리미확보,건조,맑음,교차로 - 교차로부근,승용,여,51세,상해없음,승합,남,54세,경상
2018122400100257,2018년 12월 24일 12시,월요일,대전광역시 대덕구 중리동,중상사고,0,1,1,0,차대차 - 추돌,안전운전불이행,건조,맑음,단일로 - 기타,승용,남,60세,상해없음,승용,남,54세,중상
2018122400100294,2018년 12월 24일 13시,월요일,대전광역시 동구 판암동,경상사고,0,0,1,0,차대차 - 측면충돌,안전운전불이행,건조,맑음,교차로 - 교차로안,승용,여,27세,상해없음,자전거,남,57세,경상
2018122400100295,2018년 12월 24일 13시,월요일,대전광역시 서구 가장동,중상사고,0,1,0,0,차대차 - 측면충돌,신호위반,건조,맑음,교차로 - 교차로안,승합,남,19세,상해없음,이륜,남,65세,중상
2018122400100296,2018년 12월 24일 13시,월요일,대전광역시 서구 가수원동,경상사고,0,0,1,0,차대차 - 측면충돌,중앙선침범,건조,맑음,단일로 - 기타,이륜,남,73세,상해없음,승용,남,24세,경상
2018122400100297,2018년 12월 24일 13시,월요일,대전광역시 서구 둔산동,중상사고,0,1,0,0,차대사람 - 횡단중,보행자보호의무위반,건조,맑음,단일로 - 기타,승용,남,49세,상해없음,보행자,남,65세,중상
2018122400100321,2018년 12월 24일 14시,월요일,대전광역시 서구 내동,경상사고,0,0,2,0,차대차 - 측면충돌,안전거리미확보,건조,맑음,단일로 - 기타,승용,여,45세,상해없음,승용,여,44세,경상
2018122400100322,2018년 12월 24일 14시,월요일,대전광역시 서구 탄방동,경상사고,0,0,6,0,차대차 - 측면충돌,직진우회전진행방해,건조,맑음,교차로 - 교차로안,승용,남,32세,경상,승용,남,53세,경상
2018122400100439,2018년 12월 24일 17시,월요일,대전광역시 서구 둔산동,경상사고,0,0,2,0,차대차 - 측면충돌,안전운전불이행,건조,맑음,단일로 - 기타,승용,남,29세,상해없음,승용,여,37세,경상
2018122400100498,2018년 12월 24일 18시,월요일,대전광역시 동구 삼성동,경상사고,0,0,4,0,차대차 - 기타,안전운전불이행,건조,맑음,단일로 - 기타,승용,남,40세,상해없음,승용,남,28세,상해없음
2018122400100499,2018년 12월 24일 18시,월요일,대전광역시 서구 괴정동,중상사고,0,1,0,0,차대차 - 측면충돌,중앙선침범,건조,맑음,단일로 - 기타,승용,남,30세,상해없음,이륜,남,34세,중상
2018122400100500,2018년 12월 24일 18시,월요일,대전광역시 서구 갈마동,경상사고,0,0,1,0,차대차 - 측면충돌,안전거리미확보,건조,맑음,단일로 - 기타,승용,남,61세,상해없음,이륜,남,37세,경상
2018122400100501,2018년 12월 24일 18시,월요일,대전광역시 유성구 원신흥동,경상사고,0,0,1,0,차대차 - 기타,안전운전불이행,건조,맑음,교차로 - 교차로안,승용,남,43세,상해없음,이륜,남,18세,경상
2018122400100554,2018년 12월 24일 19시,월요일,대전광역시 대덕구 송촌동,경상사고,0,0,2,0,차대차 - 기타,안전운전불이행,건조,맑음,단일로 - 기타,승용,남,35세,상해없음,승용,여,26세,경상
2018122400100555,2018년 12월 24일 19시,월요일,대전광역시 대덕구 송촌동,경상사고,0,0,2,0,차대차 - 측면충돌,안전운전불이행,건조,맑음,단일로 - 기타,승용,남,24세,상해없음,승용,여,41세,경상
2018122400100593,2018년 12월 24일 20시,월요일,대전광역시 동구 가양동,경상사고,0,0,1,0,차대차 - 기타,교차로운행방법위반,건조,맑음,교차로 - 교차로안,화물,남,58세,상해없음,승용,남,36세,경상
2018122400100594,2018년 12월 24일 20시,월요일,대전광역시 대덕구 신탄진동,경상사고,0,0,1,0,차대차 - 기타,안전운전불이행,건조,맑음,단일로 - 기타,이륜,남,24세,상해없음,승용,남,55세,경상
2018122400100613,2018년 12월 24일 21시,월요일,대전광역시 유성구 덕명동,경상사고,0,0,1,0,차대차 - 기타,안전운전불이행,건조,맑음,단일로 - 기타,승용,여,50세,상해없음,승용,여,51세,경상
2018122400100652,2018년 12월 24일 23시,월요일,대전광역시 서구 둔산동,경상사고,0,0,1,0,차대차 - 기타,안전운전불이행,건조,맑음,단일로 - 기타,승용,남,25세,상해없음,승용,남,21세,상해없음
2018122500100010,2018년 12월 25일 00시,화요일,대전광역시 유성구 원촌동,중상사고,0,1,0,0,차대차 - 정면충돌,중앙선침범,건조,맑음,단일로 - 기타,승용,남,31세,상해없음,승용,남,41세,중상
2018122500100011,2018년 12월 25일 00시,화요일,대전광역시 유성구 탑립동,경상사고,0,0,1,0,차대차 - 기타,교차로운행방법위반,건조,맑음,교차로 - 교차로안,승용,남,54세,상해없음,승용,남,35세,경상
2018122500100044,2018년 12월 25일 02시,화요일,대전광역시 동구 홍도동,경상사고,0,0,1,0,차대사람 - 기타,안전운전불이행,건조,맑음,교차로 - 교차로안,승용,여,49세,상해없음,보행자,남,48세,경상
2018122500100045,2018년 12월 25일 02시,화요일,대전광역시 서구 둔산동,경상사고,0,0,1,0,차대사람 - 길가장자리구역통행중,안전운전불이행,건조,맑음,교차로 - 교차로안,승용,여,19세,상해없음,보행자,남,24세,경상
2018122500100092,2018년 12월 25일 07시,화요일,대전광역시 동구 삼성동,중상사고,0,1,0,0,차대사람 - 횡단중,보행자보호의무위반,건조,맑음,교차로 - 교차로횡단보도내,승용,남,68세,상해없음,보행자,남,82세,중상
2018122500100108,2018년 12월 25일 09시,화요일,대전광역시 동구 성남동,중상사고,0,1,0,0,차대차 - 기타,교차로운행방법위반,건조,맑음,단일로 - 기타,승용,여,36세,상해없음,이륜,남,33세,중상
2018122500100168,2018년 12월 25일 13시,화요일,대전광역시 서구 괴정동,경상사고,0,0,1,0,차대차 - 추돌,안전운전불이행,건조,맑음,교차로 - 교차로부근,화물,남,66세,상해없음,승용,남,57세,경상
2018122500100169,2018년 12월 25일 13시,화요일,대전광역시 유성구 상대동,경상사고,0,0,1,0,차대차 - 기타,신호위반,건조,맑음,단일로 - 기타,자전거,남,70세,경상,승용,여,56세,상해없음
2018122500100194,2018년 12월 25일 14시,화요일,대전광역시 중구 문화동,경상사고,0,0,4,0,차대차 - 측면충돌,신호위반,건조,맑음,교차로 - 교차로안,승용,여,54세,상해없음,승용,남,39세,경상
2018122500100237,2018년 12월 25일 16시,화요일,대전광역시 중구 오류동,부상신고사고,0,0,0,1,차대차 - 측면충돌,교차로운행방법위반,건조,맑음,단일로 - 기타,승용,남,60세,상해없음,승용,남,38세,부상신고
2018122500100238,2018년 12월 25일 16시,화요일,대전광역시 중구 선화동,경상사고,0,0,1,0,차대사람 - 기타,보행자보호의무위반,건조,맑음,교차로 - 교차로횡단보도내,화물,여,65세,상해없음,보행자,여,31세,경상
2018122500100335,2018년 12월 25일 19시,화요일,대전광역시 유성구 봉명동,경상사고,0,0,2,0,차대차 - 측면충돌,안전운전불이행,건조,맑음,교차로 - 교차로부근,이륜,남,26세,경상,승용,여,31세,경상
2018122500100361,2018년 12월 25일 20시,화요일,대전광역시 유성구 봉명동,경상사고,0,0,3,0,차대차 - 측면충돌,교차로운행방법위반,건조,맑음,교차로 - 교차로안,승용,남,56세,상해없음,승용,남,33세,경상
2018122500100423,2018년 12월 25일 23시,화요일,대전광역시 동구 판암동,중상사고,0,1,0,0,차대차 - 측면충돌,안전운전불이행,건조,맑음,교차로 - 교차로안,승용,남,27세,상해없음,이륜,남,41세,중상
2018122600100164,2018년 12월 26일 10시,수요일,대전광역시 중구 사정동,경상사고,0,0,2,0,차대차 - 측면충돌,신호위반,건조,맑음,교차로 - 교차로안,승용,남,72세,상해없음,승용,여,42세,경상
2018122600100165,2018년 12월 26일 10시,수요일,대전광역시 동구 삼성동,경상사고,0,0,1,0,차대차 - 측면충돌,안전거리미확보,건조,맑음,교차로 - 교차로안,승용,여,67세,상해없음,승용,남,49세,경상
2018122600100197,2018년 12월 26일 11시,수요일,대전광역시 유성구 둔곡동,중상사고,0,1,0,0,차량단독 - 기타,안전운전불이행,건조,맑음,단일로 - 터널,승합,여,48세,중상,,,,
2018122600100236,2018년 12월 26일 12시,수요일,대전광역시 중구 문화동,경상사고,0,0,1,0,차대차 - 추돌,신호위반,건조,맑음,교차로 - 교차로안,승용,여,57세,상해없음,승용,남,60세,상해없음
2018122600100262,2018년 12월 26일 13시,수요일,대전광역시 중구 용두동,중상사고,0,1,0,0,차량단독 - 기타,안전운전불이행,건조,맑음,교차로 - 교차로부근,승합,남,56세,상해없음,,,,
2018122600100263,2018년 12월 26일 13시,수요일,대전광역시 동구 신흥동,경상사고,0,0,1,0,차대차 - 측면충돌,안전거리미확보,건조,맑음,단일로 - 기타,승용,남,63세,상해없음,승용,남,33세,경상